REF_DATE,GEO,DGUID,Statistics,UOM,UOM_ID,SCALAR_FACTOR,SCALAR_ID,VECTOR,COORDINATE,VALUE,STATUS,SYMBOL,TERMINATED,DECIMALS
2015-04,Canada,2016A000011124,Job vacancies,Number,223,units,0,v1481212145,1.1,440425,A,,,0
2015-04,Canada,2016A000011124,Payroll employees,Number,223,units,0,v1481212146,1.2,15109680,A,,,0
2015-04,Canada,2016A000011124,Job vacancy rate,Percent,239,units,0,v1481212147,1.3,2.8,A,,,1
2015-04,Newfoundland and Labrador,2016A000210,Job vacancies,Number,223,units,0,v1481212148,2.1,4805,C,,,0
2015-04,Newfoundland and Labrador,2016A000210,Payroll employees,Number,223,units,0,v1481212149,2.2,213085,A,,,0
2015-04,Newfoundland and Labrador,2016A000210,Job vacancy rate,Percent,239,units,0,v1481212150,2.3,2.2,C,,,1
2015-04,Prince Edward Island,2016A000211,Job vacancies,Number,223,units,0,v1481212151,3.1,850,D,,,0
2015-04,Prince Edward Island,2016A000211,Payroll employees,Number,223,units,0,v1481212152,3.2,57905,A,,,0
2015-04,Prince Edward Island,2016A000211,Job vacancy rate,Percent,239,units,0,v1481212153,3.3,1.4,D,,,1
2015-04,Nova Scotia,2016A000212,Job vacancies,Number,223,units,0,v1481212154,4.1,12365,B,,,0
2015-04,Nova Scotia,2016A000212,Payroll employees,Number,223,units,0,v1481212155,4.2,389260,A,,,0
2015-04,Nova Scotia,2016A000212,Job vacancy rate,Percent,239,units,0,v1481212156,4.3,3.1,B,,,1
2015-04,New Brunswick,2016A000213,Job vacancies,Number,223,units,0,v1481212157,5.1,7660,B,,,0
2015-04,New Brunswick,2016A000213,Payroll employees,Number,223,units,0,v1481212158,5.2,289010,A,,,0
2015-04,New Brunswick,2016A000213,Job vacancy rate,Percent,239,units,0,v1481212159,5.3,2.6,B,,,1
2015-04,Quebec,2016A000224,Job vacancies,Number,223,units,0,v1481212160,6.1,66380,A,,,0
2015-04,Quebec,2016A000224,Payroll employees,Number,223,units,0,v1481212161,6.2,3324715,A,,,0
2015-04,Quebec,2016A000224,Job vacancy rate,Percent,239,units,0,v1481212162,6.3,2,A,,,1
2015-04,Ontario,2016A000235,Job vacancies,Number,223,units,0,v1481212163,7.1,177715,A,,,0
2015-04,Ontario,2016A000235,Payroll employees,Number,223,units,0,v1481212164,7.2,5766380,A,,,0
2015-04,Ontario,2016A000235,Job vacancy rate,Percent,239,units,0,v1481212165,7.3,3,A,,,1
2015-04,Manitoba,2016A000246,Job vacancies,Number,223,units,0,v1481212166,8.1,14370,B,,,0
2015-04,Manitoba,2016A000246,Payroll employees,Number,223,units,0,v1481212167,8.2,555635,A,,,0
2015-04,Manitoba,2016A000246,Job vacancy rate,Percent,239,units,0,v1481212168,8.3,2.5,B,,,1
2015-04,Saskatchewan,2016A000247,Job vacancies,Number,223,units,0,v1481212169,9.1,,F,,,0
2015-04,Saskatchewan,2016A000247,Payroll employees,Number,223,units,0,v1481212170,9.2,465740,A,,,0
2015-04,Saskatchewan,2016A000247,Job vacancy rate,Percent,239,units,0,v1481212171,9.3,,F,,,1
2015-04,Alberta,2016A000248,Job vacancies,Number,223,units,0,v1481212172,10.1,,F,,,0
2015-04,Alberta,2016A000248,Payroll employees,Number,223,units,0,v1481212173,10.2,2024240,A,,,0
2015-04,Alberta,2016A000248,Job vacancy rate,Percent,239,units,0,v1481212174,10.3,,F,,,1
2015-04,British Columbia,2016A000259,Job vacancies,Number,223,units,0,v1481212175,11.1,62705,B,,,0
2015-04,British Columbia,2016A000259,Payroll employees,Number,223,units,0,v1481212176,11.2,1974475,A,,,0
2015-04,British Columbia,2016A000259,Job vacancy rate,Percent,239,units,0,v1481212177,11.3,3.1,B,,,1
2015-04,Yukon,2016A000260,Job vacancies,Number,223,units,0,v1481212178,12.1,580,D,,,0
2015-04,Yukon,2016A000260,Payroll employees,Number,223,units,0,v1481212179,12.2,15995,A,,,0
2015-04,Yukon,2016A000260,Job vacancy rate,Percent,239,units,0,v1481212180,12.3,3.5,D,,,1
2015-04,Northwest Territories,2016A000261,Job vacancies,Number,223,units,0,v1481212181,13.1,970,E,,,0
2015-04,Northwest Territories,2016A000261,Payroll employees,Number,223,units,0,v1481212182,13.2,22620,A,,,0
2015-04,Northwest Territories,2016A000261,Job vacancy rate,Percent,239,units,0,v1481212183,13.3,4.1,E,,,1
2015-04,Nunavut,2016A000262,Job vacancies,Number,223,units,0,v1481212184,14.1,465,E,,,0
2015-04,Nunavut,2016A000262,Payroll employees,Number,223,units,0,v1481212185,14.2,10620,A,,,0
2015-04,Nunavut,2016A000262,Job vacancy rate,Percent,239,units,0,v1481212186,14.3,4.2,E,,,1
2015-05,Canada,2016A000011124,Job vacancies,Number,223,units,0,v1481212145,1.1,407040,A,,,0
2015-05,Canada,2016A000011124,Payroll employees,Number,223,units,0,v1481212146,1.2,15154595,A,,,0
2015-05,Canada,2016A000011124,Job vacancy rate,Percent,239,units,0,v1481212147,1.3,2.6,A,,,1
2015-05,Newfoundland and Labrador,2016A000210,Job vacancies,Number,223,units,0,v1481212148,2.1,4900,C,,,0
2015-05,Newfoundland and Labrador,2016A000210,Payroll employees,Number,223,units,0,v1481212149,2.2,203925,B,,,0
2015-05,Newfoundland and Labrador,2016A000210,Job vacancy rate,Percent,239,units,0,v1481212150,2.3,2.3,C,,,1
2015-05,Prince Edward Island,2016A000211,Job vacancies,Number,223,units,0,v1481212151,3.1,1075,E,,,0
2015-05,Prince Edward Island,2016A000211,Payroll employees,Number,223,units,0,v1481212152,3.2,57915,A,,,0
2015-05,Prince Edward Island,2016A000211,Job vacancy rate,Percent,239,units,0,v1481212153,3.3,1.8,E,,,1
2015-05,Nova Scotia,2016A000212,Job vacancies,Number,223,units,0,v1481212154,4.1,11195,C,,,0
2015-05,Nova Scotia,2016A000212,Payroll employees,Number,223,units,0,v1481212155,4.2,395905,A,,,0
2015-05,Nova Scotia,2016A000212,Job vacancy rate,Percent,239,units,0,v1481212156,4.3,2.8,C,,,1
2015-05,New Brunswick,2016A000213,Job vacancies,Number,223,units,0,v1481212157,5.1,10545,D,,,0
2015-05,New Brunswick,2016A000213,Payroll employees,Number,223,units,0,v1481212158,5.2,269870,A,,,0
2015-05,New Brunswick,2016A000213,Job vacancy rate,Percent,239,units,0,v1481212159,5.3,3.8,D,,,1
2015-05,Quebec,2016A000224,Job vacancies,Number,223,units,0,v1481212160,6.1,57665,A,,,0
2015-05,Quebec,2016A000224,Payroll employees,Number,223,units,0,v1481212161,6.2,3355385,A,,,0
2015-05,Quebec,2016A000224,Job vacancy rate,Percent,239,units,0,v1481212162,6.3,1.7,A,,,1
2015-05,Ontario,2016A000235,Job vacancies,Number,223,units,0,v1481212163,7.1,166685,A,,,0
2015-05,Ontario,2016A000235,Payroll employees,Number,223,units,0,v1481212164,7.2,5793375,A,,,0
2015-05,Ontario,2016A000235,Job vacancy rate,Percent,239,units,0,v1481212165,7.3,2.8,A,,,1
2015-05,Manitoba,2016A000246,Job vacancies,Number,223,units,0,v1481212166,8.1,13270,B,,,0
2015-05,Manitoba,2016A000246,Payroll employees,Number,223,units,0,v1481212167,8.2,564760,A,,,0
2015-05,Manitoba,2016A000246,Job vacancy rate,Percent,239,units,0,v1481212168,8.3,2.3,B,,,1
2015-05,Saskatchewan,2016A000247,Job vacancies,Number,223,units,0,v1481212169,9.1,,F,,,0
2015-05,Saskatchewan,2016A000247,Payroll employees,Number,223,units,0,v1481212170,9.2,476380,A,,,0
2015-05,Saskatchewan,2016A000247,Job vacancy rate,Percent,239,units,0,v1481212171,9.3,,F,,,1
2015-05,Alberta,2016A000248,Job vacancies,Number,223,units,0,v1481212172,10.1,66520,E,,,0
2015-05,Alberta,2016A000248,Payroll employees,Number,223,units,0,v1481212173,10.2,2002560,A,,,0
2015-05,Alberta,2016A000248,Job vacancy rate,Percent,239,units,0,v1481212174,10.3,3.2,E,,,1
2015-05,British Columbia,2016A000259,Job vacancies,Number,223,units,0,v1481212175,11.1,59215,B,,,0
2015-05,British Columbia,2016A000259,Payroll employees,Number,223,units,0,v1481212176,11.2,1985050,A,,,0
2015-05,British Columbia,2016A000259,Job vacancy rate,Percent,239,units,0,v1481212177,11.3,2.9,B,,,1
2015-05,Yukon,2016A000260,Job vacancies,Number,223,units,0,v1481212178,12.1,595,E,,,0
2015-05,Yukon,2016A000260,Payroll employees,Number,223,units,0,v1481212179,12.2,16095,A,,,0
2015-05,Yukon,2016A000260,Job vacancy rate,Percent,239,units,0,v1481212180,12.3,3.6,E,,,1
2015-05,Northwest Territories,2016A000261,Job vacancies,Number,223,units,0,v1481212181,13.1,1295,D,,,0
2015-05,Northwest Territories,2016A000261,Payroll employees,Number,223,units,0,v1481212182,13.2,22635,A,,,0
2015-05,Northwest Territories,2016A000261,Job vacancy rate,Percent,239,units,0,v1481212183,13.3,5.4,D,,,1
2015-05,Nunavut,2016A000262,Job vacancies,Number,223,units,0,v1481212184,14.1,340,D,,,0
2015-05,Nunavut,2016A000262,Payroll employees,Number,223,units,0,v1481212185,14.2,10745,A,,,0
2015-05,Nunavut,2016A000262,Job vacancy rate,Percent,239,units,0,v1481212186,14.3,3.1,D,,,1
2015-06,Canada,2016A000011124,Job vacancies,Number,223,units,0,v1481212145,1.1,398910,A,,,0
2015-06,Canada,2016A000011124,Payroll employees,Number,223,units,0,v1481212146,1.2,15181230,A,,,0
2015-06,Canada,2016A000011124,Job vacancy rate,Percent,239,units,0,v1481212147,1.3,2.6,A,,,1
2015-06,Newfoundland and Labrador,2016A000210,Job vacancies,Number,223,units,0,v1481212148,2.1,4485,C,,,0
2015-06,Newfoundland and Labrador,2016A000210,Payroll employees,Number,223,units,0,v1481212149,2.2,200400,A,,,0
2015-06,Newfoundland and Labrador,2016A000210,Job vacancy rate,Percent,239,units,0,v1481212150,2.3,2.2,C,,,1
2015-06,Prince Edward Island,2016A000211,Job vacancies,Number,223,units,0,v1481212151,3.1,1130,E,,,0
2015-06,Prince Edward Island,2016A000211,Payroll employees,Number,223,units,0,v1481212152,3.2,57830,C,,,0
2015-06,Prince Edward Island,2016A000211,Job vacancy rate,Percent,239,units,0,v1481212153,3.3,1.9,E,,,1
2015-06,Nova Scotia,2016A000212,Job vacancies,Number,223,units,0,v1481212154,4.1,7350,B,,,0
2015-06,Nova Scotia,2016A000212,Payroll employees,Number,223,units,0,v1481212155,4.2,403150,A,,,0
2015-06,Nova Scotia,2016A000212,Job vacancy rate,Percent,239,units,0,v1481212156,4.3,1.8,B,,,1
2015-06,New Brunswick,2016A000213,Job vacancies,Number,223,units,0,v1481212157,5.1,5530,B,,,0
2015-06,New Brunswick,2016A000213,Payroll employees,Number,223,units,0,v1481212158,5.2,279795,A,,,0
2015-06,New Brunswick,2016A000213,Job vacancy rate,Percent,239,units,0,v1481212159,5.3,1.9,B,,,1
2015-06,Quebec,2016A000224,Job vacancies,Number,223,units,0,v1481212160,6.1,59520,A,,,0
2015-06,Quebec,2016A000224,Payroll employees,Number,223,units,0,v1481212161,6.2,3337790,A,,,0
2015-06,Quebec,2016A000224,Job vacancy rate,Percent,239,units,0,v1481212162,6.3,1.8,A,,,1
2015-06,Ontario,2016A000235,Job vacancies,Number,223,units,0,v1481212163,7.1,154100,A,,,0
2015-06,Ontario,2016A000235,Payroll employees,Number,223,units,0,v1481212164,7.2,5811880,A,,,0
2015-06,Ontario,2016A000235,Job vacancy rate,Percent,239,units,0,v1481212165,7.3,2.6,A,,,1
2015-06,Manitoba,2016A000246,Job vacancies,Number,223,units,0,v1481212166,8.1,12645,B,,,0
2015-06,Manitoba,2016A000246,Payroll employees,Number,223,units,0,v1481212167,8.2,570105,A,,,0
2015-06,Manitoba,2016A000246,Job vacancy rate,Percent,239,units,0,v1481212168,8.3,2.2,B,,,1
2015-06,Saskatchewan,2016A000247,Job vacancies,Number,223,units,0,v1481212169,9.1,12135,B,,,0
2015-06,Saskatchewan,2016A000247,Payroll employees,Number,223,units,0,v1481212170,9.2,467900,A,,,0
2015-06,Saskatchewan,2016A000247,Job vacancy rate,Percent,239,units,0,v1481212171,9.3,2.5,B,,,1
2015-06,Alberta,2016A000248,Job vacancies,Number,223,units,0,v1481212172,10.1,63430,A,,,0
2015-06,Alberta,2016A000248,Payroll employees,Number,223,units,0,v1481212173,10.2,2009170,A,,,0
2015-06,Alberta,2016A000248,Job vacancy rate,Percent,239,units,0,v1481212174,10.3,3.1,A,,,1
2015-06,British Columbia,2016A000259,Job vacancies,Number,223,units,0,v1481212175,11.1,76595,B,,,0
2015-06,British Columbia,2016A000259,Payroll employees,Number,223,units,0,v1481212176,11.2,1993885,A,,,0
2015-06,British Columbia,2016A000259,Job vacancy rate,Percent,239,units,0,v1481212177,11.3,3.7,B,,,1
2015-06,Yukon,2016A000260,Job vacancies,Number,223,units,0,v1481212178,12.1,695,E,,,0
2015-06,Yukon,2016A000260,Payroll employees,Number,223,units,0,v1481212179,12.2,15935,A,,,0
2015-06,Yukon,2016A000260,Job vacancy rate,Percent,239,units,0,v1481212180,12.3,4.2,E,,,1
2015-06,Northwest Territories,2016A000261,Job vacancies,Number,223,units,0,v1481212181,13.1,835,E,,,0
2015-06,Northwest Territories,2016A000261,Payroll employees,Number,223,units,0,v1481212182,13.2,22590,A,,,0
2015-06,Northwest Territories,2016A000261,Job vacancy rate,Percent,239,units,0,v1481212183,13.3,3.6,E,,,1
2015-06,Nunavut,2016A000262,Job vacancies,Number,223,units,0,v1481212184,14.1,,F,,,0
2015-06,Nunavut,2016A000262,Payroll employees,Number,223,units,0,v1481212185,14.2,10800,A,,,0
2015-06,Nunavut,2016A000262,Job vacancy rate,Percent,239,units,0,v1481212186,14.3,,F,,,1
2015-07,Canada,2016A000011124,Job vacancies,Number,223,units,0,v1481212145,1.1,376570,A,,,0
2015-07,Canada,2016A000011124,Payroll employees,Number,223,units,0,v1481212146,1.2,15118770,A,,,0
2015-07,Canada,2016A000011124,Job vacancy rate,Percent,239,units,0,v1481212147,1.3,2.4,A,,,1
2015-07,Newfoundland and Labrador,2016A000210,Job vacancies,Number,223,units,0,v1481212148,2.1,4255,C,,,0
2015-07,Newfoundland and Labrador,2016A000210,Payroll employees,Number,223,units,0,v1481212149,2.2,207710,A,,,0
2015-07,Newfoundland and Labrador,2016A000210,Job vacancy rate,Percent,239,units,0,v1481212150,2.3,2,C,,,1
2015-07,Prince Edward Island,2016A000211,Job vacancies,Number,223,units,0,v1481212151,3.1,890,D,,,0
2015-07,Prince Edward Island,2016A000211,Payroll employees,Number,223,units,0,v1481212152,3.2,57600,A,,,0
2015-07,Prince Edward Island,2016A000211,Job vacancy rate,Percent,239,units,0,v1481212153,3.3,1.5,D,,,1
2015-07,Nova Scotia,2016A000212,Job vacancies,Number,223,units,0,v1481212154,4.1,9780,B,,,0
2015-07,Nova Scotia,2016A000212,Payroll employees,Number,223,units,0,v1481212155,4.2,392985,A,,,0
2015-07,Nova Scotia,2016A000212,Job vacancy rate,Percent,239,units,0,v1481212156,4.3,2.4,B,,,1
2015-07,New Brunswick,2016A000213,Job vacancies,Number,223,units,0,v1481212157,5.1,5385,C,,,0
2015-07,New Brunswick,2016A000213,Payroll employees,Number,223,units,0,v1481212158,5.2,279905,A,,,0
2015-07,New Brunswick,2016A000213,Job vacancy rate,Percent,239,units,0,v1481212159,5.3,1.9,B,,,1
2015-07,Quebec,2016A000224,Job vacancies,Number,223,units,0,v1481212160,6.1,54410,A,,,0
2015-07,Quebec,2016A000224,Payroll employees,Number,223,units,0,v1481212161,6.2,3325620,A,,,0
2015-07,Quebec,2016A000224,Job vacancy rate,Percent,239,units,0,v1481212162,6.3,1.6,A,,,1
2015-07,Ontario,2016A000235,Job vacancies,Number,223,units,0,v1481212163,7.1,146030,A,,,0
2015-07,Ontario,2016A000235,Payroll employees,Number,223,units,0,v1481212164,7.2,5803505,A,,,0
2015-07,Ontario,2016A000235,Job vacancy rate,Percent,239,units,0,v1481212165,7.3,2.5,A,,,1
2015-07,Manitoba,2016A000246,Job vacancies,Number,223,units,0,v1481212166,8.1,12185,C,,,0
2015-07,Manitoba,2016A000246,Payroll employees,Number,223,units,0,v1481212167,8.2,554545,A,,,0
2015-07,Manitoba,2016A000246,Job vacancy rate,Percent,239,units,0,v1481212168,8.3,2.1,C,,,1
2015-07,Saskatchewan,2016A000247,Job vacancies,Number,223,units,0,v1481212169,9.1,10955,B,,,0
2015-07,Saskatchewan,2016A000247,Payroll employees,Number,223,units,0,v1481212170,9.2,464285,A,,,0
2015-07,Saskatchewan,2016A000247,Job vacancy rate,Percent,239,units,0,v1481212171,9.3,2.3,B,,,1
2015-07,Alberta,2016A000248,Job vacancies,Number,223,units,0,v1481212172,10.1,61615,B,,,0
2015-07,Alberta,2016A000248,Payroll employees,Number,223,units,0,v1481212173,10.2,1990100,A,,,0
2015-07,Alberta,2016A000248,Job vacancy rate,Percent,239,units,0,v1481212174,10.3,3,B,,,1
2015-07,British Columbia,2016A000259,Job vacancies,Number,223,units,0,v1481212175,11.1,69125,B,,,0
2015-07,British Columbia,2016A000259,Payroll employees,Number,223,units,0,v1481212176,11.2,1993245,A,,,0
2015-07,British Columbia,2016A000259,Job vacancy rate,Percent,239,units,0,v1481212177,11.3,3.4,B,,,1
2015-07,Yukon,2016A000260,Job vacancies,Number,223,units,0,v1481212178,12.1,655,D,,,0
2015-07,Yukon,2016A000260,Payroll employees,Number,223,units,0,v1481212179,12.2,15675,A,,,0
2015-07,Yukon,2016A000260,Job vacancy rate,Percent,239,units,0,v1481212180,12.3,4,D,,,1
2015-07,Northwest Territories,2016A000261,Job vacancies,Number,223,units,0,v1481212181,13.1,915,D,,,0
2015-07,Northwest Territories,2016A000261,Payroll employees,Number,223,units,0,v1481212182,13.2,22820,A,,,0
2015-07,Northwest Territories,2016A000261,Job vacancy rate,Percent,239,units,0,v1481212183,13.3,3.9,D,,,1
2015-07,Nunavut,2016A000262,Job vacancies,Number,223,units,0,v1481212184,14.1,370,E,,,0
2015-07,Nunavut,2016A000262,Payroll employees,Number,223,units,0,v1481212185,14.2,10780,A,,,0
2015-07,Nunavut,2016A000262,Job vacancy rate,Percent,239,units,0,v1481212186,14.3,3.3,E,,,1
2015-08,Canada,2016A000011124,Job vacancies,Number,223,units,0,v1481212145,1.1,369190,A,,,0
2015-08,Canada,2016A000011124,Payroll employees,Number,223,units,0,v1481212146,1.2,15175415,A,,,0
2015-08,Canada,2016A000011124,Job vacancy rate,Percent,239,units,0,v1481212147,1.3,2.4,A,,,1
2015-08,Newfoundland and Labrador,2016A000210,Job vacancies,Number,223,units,0,v1481212148,2.1,4220,C,,,0
2015-08,Newfoundland and Labrador,2016A000210,Payroll employees,Number,223,units,0,v1481212149,2.2,195120,A,,,0
2015-08,Newfoundland and Labrador,2016A000210,Job vacancy rate,Percent,239,units,0,v1481212150,2.3,2.1,C,,,1
2015-08,Prince Edward Island,2016A000211,Job vacancies,Number,223,units,0,v1481212151,3.1,1380,D,,,0
2015-08,Prince Edward Island,2016A000211,Payroll employees,Number,223,units,0,v1481212152,3.2,59680,A,,,0
2015-08,Prince Edward Island,2016A000211,Job vacancy rate,Percent,239,units,0,v1481212153,3.3,2.3,D,,,1
2015-08,Nova Scotia,2016A000212,Job vacancies,Number,223,units,0,v1481212154,4.1,9220,B,,,0
2015-08,Nova Scotia,2016A000212,Payroll employees,Number,223,units,0,v1481212155,4.2,390050,A,,,0
2015-08,Nova Scotia,2016A000212,Job vacancy rate,Percent,239,units,0,v1481212156,4.3,2.3,B,,,1
2015-08,New Brunswick,2016A000213,Job vacancies,Number,223,units,0,v1481212157,5.1,5660,C,,,0
2015-08,New Brunswick,2016A000213,Payroll employees,Number,223,units,0,v1481212158,5.2,297370,A,,,0
2015-08,New Brunswick,2016A000213,Job vacancy rate,Percent,239,units,0,v1481212159,5.3,1.9,C,,,1
2015-08,Quebec,2016A000224,Job vacancies,Number,223,units,0,v1481212160,6.1,51845,A,,,0
2015-08,Quebec,2016A000224,Payroll employees,Number,223,units,0,v1481212161,6.2,3331915,A,,,0
2015-08,Quebec,2016A000224,Job vacancy rate,Percent,239,units,0,v1481212162,6.3,1.5,A,,,1
2015-08,Ontario,2016A000235,Job vacancies,Number,223,units,0,v1481212163,7.1,148005,A,,,0
2015-08,Ontario,2016A000235,Payroll employees,Number,223,units,0,v1481212164,7.2,5830100,A,,,0
2015-08,Ontario,2016A000235,Job vacancy rate,Percent,239,units,0,v1481212165,7.3,2.5,A,,,1
2015-08,Manitoba,2016A000246,Job vacancies,Number,223,units,0,v1481212166,8.1,13245,B,,,0
2015-08,Manitoba,2016A000246,Payroll employees,Number,223,units,0,v1481212167,8.2,559805,A,,,0
2015-08,Manitoba,2016A000246,Job vacancy rate,Percent,239,units,0,v1481212168,8.3,2.3,B,,,1
2015-08,Saskatchewan,2016A000247,Job vacancies,Number,223,units,0,v1481212169,9.1,11115,B,,,0
2015-08,Saskatchewan,2016A000247,Payroll employees,Number,223,units,0,v1481212170,9.2,469960,A,,,0
2015-08,Saskatchewan,2016A000247,Job vacancy rate,Percent,239,units,0,v1481212171,9.3,2.3,B,,,1
2015-08,Alberta,2016A000248,Job vacancies,Number,223,units,0,v1481212172,10.1,59950,B,,,0
2015-08,Alberta,2016A000248,Payroll employees,Number,223,units,0,v1481212173,10.2,1984055,A,,,0
2015-08,Alberta,2016A000248,Job vacancy rate,Percent,239,units,0,v1481212174,10.3,2.9,A,,,1
2015-08,British Columbia,2016A000259,Job vacancies,Number,223,units,0,v1481212175,11.1,62375,A,,,0
2015-08,British Columbia,2016A000259,Payroll employees,Number,223,units,0,v1481212176,11.2,2008250,A,,,0
2015-08,British Columbia,2016A000259,Job vacancy rate,Percent,239,units,0,v1481212177,11.3,3,A,,,1
2015-08,Yukon,2016A000260,Job vacancies,Number,223,units,0,v1481212178,12.1,,F,,,0
2015-08,Yukon,2016A000260,Payroll employees,Number,223,units,0,v1481212179,12.2,16020,A,,,0
2015-08,Yukon,2016A000260,Job vacancy rate,Percent,239,units,0,v1481212180,12.3,,F,,,1
2015-08,Northwest Territories,2016A000261,Job vacancies,Number,223,units,0,v1481212181,13.1,815,D,,,0
2015-08,Northwest Territories,2016A000261,Payroll employees,Number,223,units,0,v1481212182,13.2,22835,A,,,0
2015-08,Northwest Territories,2016A000261,Job vacancy rate,Percent,239,units,0,v1481212183,13.3,3.4,D,,,1
2015-08,Nunavut,2016A000262,Job vacancies,Number,223,units,0,v1481212184,14.1,,F,,,0
2015-08,Nunavut,2016A000262,Payroll employees,Number,223,units,0,v1481212185,14.2,10260,A,,,0
2015-08,Nunavut,2016A000262,Job vacancy rate,Percent,239,units,0,v1481212186,14.3,,F,,,1
2015-09,Canada,2016A000011124,Job vacancies,Number,223,units,0,v1481212145,1.1,406330,A,,,0
2015-09,Canada,2016A000011124,Payroll employees,Number,223,units,0,v1481212146,1.2,15165595,A,,,0
2015-09,Canada,2016A000011124,Job vacancy rate,Percent,239,units,0,v1481212147,1.3,2.6,A,,,1
2015-09,Newfoundland and Labrador,2016A000210,Job vacancies,Number,223,units,0,v1481212148,2.1,7310,E,,,0
2015-09,Newfoundland and Labrador,2016A000210,Payroll employees,Number,223,units,0,v1481212149,2.2,195405,A,,,0
2015-09,Newfoundland and Labrador,2016A000210,Job vacancy rate,Percent,239,units,0,v1481212150,2.3,3.6,E,,,1
2015-09,Prince Edward Island,2016A000211,Job vacancies,Number,223,units,0,v1481212151,3.1,1280,D,,,0
2015-09,Prince Edward Island,2016A000211,Payroll employees,Number,223,units,0,v1481212152,3.2,58260,A,,,0
2015-09,Prince Edward Island,2016A000211,Job vacancy rate,Percent,239,units,0,v1481212153,3.3,2.1,D,,,1
2015-09,Nova Scotia,2016A000212,Job vacancies,Number,223,units,0,v1481212154,4.1,10925,E,,,0
2015-09,Nova Scotia,2016A000212,Payroll employees,Number,223,units,0,v1481212155,4.2,400450,A,,,0
2015-09,Nova Scotia,2016A000212,Job vacancy rate,Percent,239,units,0,v1481212156,4.3,2.7,E,,,1
2015-09,New Brunswick,2016A000213,Job vacancies,Number,223,units,0,v1481212157,5.1,6965,B,,,0
2015-09,New Brunswick,2016A000213,Payroll employees,Number,223,units,0,v1481212158,5.2,282665,A,,,0
2015-09,New Brunswick,2016A000213,Job vacancy rate,Percent,239,units,0,v1481212159,5.3,2.4,B,,,1
2015-09,Quebec,2016A000224,Job vacancies,Number,223,units,0,v1481212160,6.1,62975,A,,,0
2015-09,Quebec,2016A000224,Payroll employees,Number,223,units,0,v1481212161,6.2,3333075,A,,,0
2015-09,Quebec,2016A000224,Job vacancy rate,Percent,239,units,0,v1481212162,6.3,1.9,A,,,1
2015-09,Ontario,2016A000235,Job vacancies,Number,223,units,0,v1481212163,7.1,159195,A,,,0
2015-09,Ontario,2016A000235,Payroll employees,Number,223,units,0,v1481212164,7.2,5834660,A,,,0
2015-09,Ontario,2016A000235,Job vacancy rate,Percent,239,units,0,v1481212165,7.3,2.7,A,,,1
2015-09,Manitoba,2016A000246,Job vacancies,Number,223,units,0,v1481212166,8.1,12345,B,,,0
2015-09,Manitoba,2016A000246,Payroll employees,Number,223,units,0,v1481212167,8.2,565835,A,,,0
2015-09,Manitoba,2016A000246,Job vacancy rate,Percent,239,units,0,v1481212168,8.3,2.1,B,,,1
2015-09,Saskatchewan,2016A000247,Job vacancies,Number,223,units,0,v1481212169,9.1,11895,B,,,0
2015-09,Saskatchewan,2016A000247,Payroll employees,Number,223,units,0,v1481212170,9.2,462540,A,,,0
2015-09,Saskatchewan,2016A000247,Job vacancy rate,Percent,239,units,0,v1481212171,9.3,2.5,B,,,1
2015-09,Alberta,2016A000248,Job vacancies,Number,223,units,0,v1481212172,10.1,61965,B,,,0
2015-09,Alberta,2016A000248,Payroll employees,Number,223,units,0,v1481212173,10.2,1984765,A,,,0
2015-09,Alberta,2016A000248,Job vacancy rate,Percent,239,units,0,v1481212174,10.3,3,A,,,1
2015-09,British Columbia,2016A000259,Job vacancies,Number,223,units,0,v1481212175,11.1,70070,B,,,0
2015-09,British Columbia,2016A000259,Payroll employees,Number,223,units,0,v1481212176,11.2,1999400,A,,,0
2015-09,British Columbia,2016A000259,Job vacancy rate,Percent,239,units,0,v1481212177,11.3,3.4,B,,,1
2015-09,Yukon,2016A000260,Job vacancies,Number,223,units,0,v1481212178,12.1,585,D,,,0
2015-09,Yukon,2016A000260,Payroll employees,Number,223,units,0,v1481212179,12.2,15680,A,,,0
2015-09,Yukon,2016A000260,Job vacancy rate,Percent,239,units,0,v1481212180,12.3,3.6,D,,,1
2015-09,Northwest Territories,2016A000261,Job vacancies,Number,223,units,0,v1481212181,13.1,600,E,,,0
2015-09,Northwest Territories,2016A000261,Payroll employees,Number,223,units,0,v1481212182,13.2,22755,A,,,0
2015-09,Northwest Territories,2016A000261,Job vacancy rate,Percent,239,units,0,v1481212183,13.3,2.6,D,,,1
2015-09,Nunavut,2016A000262,Job vacancies,Number,223,units,0,v1481212184,14.1,230,D,,,0
2015-09,Nunavut,2016A000262,Payroll employees,Number,223,units,0,v1481212185,14.2,10115,A,,,0
2015-09,Nunavut,2016A000262,Job vacancy rate,Percent,239,units,0,v1481212186,14.3,2.2,D,,,1
2015-10,Canada,2016A000011124,Job vacancies,Number,223,units,0,v1481212145,1.1,362955,A,,,0
2015-10,Canada,2016A000011124,Payroll employees,Number,223,units,0,v1481212146,1.2,15127745,A,,,0
2015-10,Canada,2016A000011124,Job vacancy rate,Percent,239,units,0,v1481212147,1.3,2.3,A,,,1
2015-10,Newfoundland and Labrador,2016A000210,Job vacancies,Number,223,units,0,v1481212148,2.1,4525,B,,,0
2015-10,Newfoundland and Labrador,2016A000210,Payroll employees,Number,223,units,0,v1481212149,2.2,199305,A,,,0
2015-10,Newfoundland and Labrador,2016A000210,Job vacancy rate,Percent,239,units,0,v1481212150,2.3,2.2,B,,,1
2015-10,Prince Edward Island,2016A000211,Job vacancies,Number,223,units,0,v1481212151,3.1,1365,D,,,0
2015-10,Prince Edward Island,2016A000211,Payroll employees,Number,223,units,0,v1481212152,3.2,58470,A,,,0
2015-10,Prince Edward Island,2016A000211,Job vacancy rate,Percent,239,units,0,v1481212153,3.3,2.3,D,,,1
2015-10,Nova Scotia,2016A000212,Job vacancies,Number,223,units,0,v1481212154,4.1,8110,B,,,0
2015-10,Nova Scotia,2016A000212,Payroll employees,Number,223,units,0,v1481212155,4.2,403035,A,,,0
2015-10,Nova Scotia,2016A000212,Job vacancy rate,Percent,239,units,0,v1481212156,4.3,2,B,,,1
2015-10,New Brunswick,2016A000213,Job vacancies,Number,223,units,0,v1481212157,5.1,7110,C,,,0
2015-10,New Brunswick,2016A000213,Payroll employees,Number,223,units,0,v1481212158,5.2,286555,A,,,0
2015-10,New Brunswick,2016A000213,Job vacancy rate,Percent,239,units,0,v1481212159,5.3,2.4,C,,,1
2015-10,Quebec,2016A000224,Job vacancies,Number,223,units,0,v1481212160,6.1,51610,A,,,0
2015-10,Quebec,2016A000224,Payroll employees,Number,223,units,0,v1481212161,6.2,3322940,A,,,0
2015-10,Quebec,2016A000224,Job vacancy rate,Percent,239,units,0,v1481212162,6.3,1.5,A,,,1
2015-10,Ontario,2016A000235,Job vacancies,Number,223,units,0,v1481212163,7.1,146080,A,,,0
2015-10,Ontario,2016A000235,Payroll employees,Number,223,units,0,v1481212164,7.2,5810180,A,,,0
2015-10,Ontario,2016A000235,Job vacancy rate,Percent,239,units,0,v1481212165,7.3,2.5,A,,,1
2015-10,Manitoba,2016A000246,Job vacancies,Number,223,units,0,v1481212166,8.1,11175,B,,,0
2015-10,Manitoba,2016A000246,Payroll employees,Number,223,units,0,v1481212167,8.2,560485,A,,,0
2015-10,Manitoba,2016A000246,Job vacancy rate,Percent,239,units,0,v1481212168,8.3,2,B,,,1
2015-10,Saskatchewan,2016A000247,Job vacancies,Number,223,units,0,v1481212169,9.1,10860,C,,,0
2015-10,Saskatchewan,2016A000247,Payroll employees,Number,223,units,0,v1481212170,9.2,455635,A,,,0
2015-10,Saskatchewan,2016A000247,Job vacancy rate,Percent,239,units,0,v1481212171,9.3,2.3,C,,,1
2015-10,Alberta,2016A000248,Job vacancies,Number,223,units,0,v1481212172,10.1,54920,A,,,0
2015-10,Alberta,2016A000248,Payroll employees,Number,223,units,0,v1481212173,10.2,1978095,A,,,0
2015-10,Alberta,2016A000248,Job vacancy rate,Percent,239,units,0,v1481212174,10.3,2.7,A,,,1
2015-10,British Columbia,2016A000259,Job vacancies,Number,223,units,0,v1481212175,11.1,65940,B,,,0
2015-10,British Columbia,2016A000259,Payroll employees,Number,223,units,0,v1481212176,11.2,2003990,A,,,0
2015-10,British Columbia,2016A000259,Job vacancy rate,Percent,239,units,0,v1481212177,11.3,3.2,B,,,1
2015-10,Yukon,2016A000260,Job vacancies,Number,223,units,0,v1481212178,12.1,370,D,,,0
2015-10,Yukon,2016A000260,Payroll employees,Number,223,units,0,v1481212179,12.2,16040,A,,,0
2015-10,Yukon,2016A000260,Job vacancy rate,Percent,239,units,0,v1481212180,12.3,2.2,D,,,1
2015-10,Northwest Territories,2016A000261,Job vacancies,Number,223,units,0,v1481212181,13.1,530,E,,,0
2015-10,Northwest Territories,2016A000261,Payroll employees,Number,223,units,0,v1481212182,13.2,22725,A,,,0
2015-10,Northwest Territories,2016A000261,Job vacancy rate,Percent,239,units,0,v1481212183,13.3,2.3,E,,,1
2015-10,Nunavut,2016A000262,Job vacancies,Number,223,units,0,v1481212184,14.1,365,D,,,0
2015-10,Nunavut,2016A000262,Payroll employees,Number,223,units,0,v1481212185,14.2,10305,A,,,0
2015-10,Nunavut,2016A000262,Job vacancy rate,Percent,239,units,0,v1481212186,14.3,3.4,D,,,1
2015-11,Canada,2016A000011124,Job vacancies,Number,223,units,0,v1481212145,1.1,369510,A,,,0
2015-11,Canada,2016A000011124,Payroll employees,Number,223,units,0,v1481212146,1.2,15213935,A,,,0
2015-11,Canada,2016A000011124,Job vacancy rate,Percent,239,units,0,v1481212147,1.3,2.4,A,,,1
2015-11,Newfoundland and Labrador,2016A000210,Job vacancies,Number,223,units,0,v1481212148,2.1,4475,C,,,0
2015-11,Newfoundland and Labrador,2016A000210,Payroll employees,Number,223,units,0,v1481212149,2.2,194430,A,,,0
2015-11,Newfoundland and Labrador,2016A000210,Job vacancy rate,Percent,239,units,0,v1481212150,2.3,2.2,C,,,1
2015-11,Prince Edward Island,2016A000211,Job vacancies,Number,223,units,0,v1481212151,3.1,1625,E,,,0
2015-11,Prince Edward Island,2016A000211,Payroll employees,Number,223,units,0,v1481212152,3.2,59105,A,,,0
2015-11,Prince Edward Island,2016A000211,Job vacancy rate,Percent,239,units,0,v1481212153,3.3,2.7,E,,,1
2015-11,Nova Scotia,2016A000212,Job vacancies,Number,223,units,0,v1481212154,4.1,8000,B,,,0
2015-11,Nova Scotia,2016A000212,Payroll employees,Number,223,units,0,v1481212155,4.2,401045,A,,,0
2015-11,Nova Scotia,2016A000212,Job vacancy rate,Percent,239,units,0,v1481212156,4.3,2,B,,,1
2015-11,New Brunswick,2016A000213,Job vacancies,Number,223,units,0,v1481212157,5.1,6100,D,,,0
2015-11,New Brunswick,2016A000213,Payroll employees,Number,223,units,0,v1481212158,5.2,292590,A,,,0
2015-11,New Brunswick,2016A000213,Job vacancy rate,Percent,239,units,0,v1481212159,5.3,2,D,,,1
2015-11,Quebec,2016A000224,Job vacancies,Number,223,units,0,v1481212160,6.1,57395,B,,,0
2015-11,Quebec,2016A000224,Payroll employees,Number,223,units,0,v1481212161,6.2,3337540,A,,,0
2015-11,Quebec,2016A000224,Job vacancy rate,Percent,239,units,0,v1481212162,6.3,1.7,B,,,1
2015-11,Ontario,2016A000235,Job vacancies,Number,223,units,0,v1481212163,7.1,151785,B,,,0
2015-11,Ontario,2016A000235,Payroll employees,Number,223,units,0,v1481212164,7.2,5865640,A,,,0
2015-11,Ontario,2016A000235,Job vacancy rate,Percent,239,units,0,v1481212165,7.3,2.5,B,,,1
2015-11,Manitoba,2016A000246,Job vacancies,Number,223,units,0,v1481212166,8.1,13130,B,,,0
2015-11,Manitoba,2016A000246,Payroll employees,Number,223,units,0,v1481212167,8.2,570650,A,,,0
2015-11,Manitoba,2016A000246,Job vacancy rate,Percent,239,units,0,v1481212168,8.3,2.2,B,,,1
2015-11,Saskatchewan,2016A000247,Job vacancies,Number,223,units,0,v1481212169,9.1,12055,C,,,0
2015-11,Saskatchewan,2016A000247,Payroll employees,Number,223,units,0,v1481212170,9.2,464965,A,,,0
2015-11,Saskatchewan,2016A000247,Job vacancy rate,Percent,239,units,0,v1481212171,9.3,2.5,C,,,1
2015-11,Alberta,2016A000248,Job vacancies,Number,223,units,0,v1481212172,10.1,50110,B,,,0
2015-11,Alberta,2016A000248,Payroll employees,Number,223,units,0,v1481212173,10.2,1961770,A,,,0
2015-11,Alberta,2016A000248,Job vacancy rate,Percent,239,units,0,v1481212174,10.3,2.5,B,,,1
2015-11,British Columbia,2016A000259,Job vacancies,Number,223,units,0,v1481212175,11.1,63005,B,,,0
2015-11,British Columbia,2016A000259,Payroll employees,Number,223,units,0,v1481212176,11.2,2016950,A,,,0
2015-11,British Columbia,2016A000259,Job vacancy rate,Percent,239,units,0,v1481212177,11.3,3,B,,,1
2015-11,Yukon,2016A000260,Job vacancies,Number,223,units,0,v1481212178,12.1,660,E,,,0
2015-11,Yukon,2016A000260,Payroll employees,Number,223,units,0,v1481212179,12.2,16180,A,,,0
2015-11,Yukon,2016A000260,Job vacancy rate,Percent,239,units,0,v1481212180,12.3,3.9,D,,,1
2015-11,Northwest Territories,2016A000261,Job vacancies,Number,223,units,0,v1481212181,13.1,860,E,,,0
2015-11,Northwest Territories,2016A000261,Payroll employees,Number,223,units,0,v1481212182,13.2,22765,A,,,0
2015-11,Northwest Territories,2016A000261,Job vacancy rate,Percent,239,units,0,v1481212183,13.3,3.6,E,,,1
2015-11,Nunavut,2016A000262,Job vacancies,Number,223,units,0,v1481212184,14.1,310,D,,,0
2015-11,Nunavut,2016A000262,Payroll employees,Number,223,units,0,v1481212185,14.2,10295,A,,,0
2015-11,Nunavut,2016A000262,Job vacancy rate,Percent,239,units,0,v1481212186,14.3,2.9,D,,,1
2015-12,Canada,2016A000011124,Job vacancies,Number,223,units,0,v1481212145,1.1,363455,A,,,0
2015-12,Canada,2016A000011124,Payroll employees,Number,223,units,0,v1481212146,1.2,15170575,A,,,0
2015-12,Canada,2016A000011124,Job vacancy rate,Percent,239,units,0,v1481212147,1.3,2.3,A,,,1
2015-12,Newfoundland and Labrador,2016A000210,Job vacancies,Number,223,units,0,v1481212148,2.1,4550,C,,,0
2015-12,Newfoundland and Labrador,2016A000210,Payroll employees,Number,223,units,0,v1481212149,2.2,190965,A,,,0
2015-12,Newfoundland and Labrador,2016A000210,Job vacancy rate,Percent,239,units,0,v1481212150,2.3,2.3,C,,,1
2015-12,Prince Edward Island,2016A000211,Job vacancies,Number,223,units,0,v1481212151,3.1,1710,D,,,0
2015-12,Prince Edward Island,2016A000211,Payroll employees,Number,223,units,0,v1481212152,3.2,59260,A,,,0
2015-12,Prince Edward Island,2016A000211,Job vacancy rate,Percent,239,units,0,v1481212153,3.3,2.8,D,,,1
2015-12,Nova Scotia,2016A000212,Job vacancies,Number,223,units,0,v1481212154,4.1,8090,B,,,0
2015-12,Nova Scotia,2016A000212,Payroll employees,Number,223,units,0,v1481212155,4.2,405750,A,,,0
2015-12,Nova Scotia,2016A000212,Job vacancy rate,Percent,239,units,0,v1481212156,4.3,2,B,,,1
2015-12,New Brunswick,2016A000213,Job vacancies,Number,223,units,0,v1481212157,5.1,6520,C,,,0
2015-12,New Brunswick,2016A000213,Payroll employees,Number,223,units,0,v1481212158,5.2,284850,A,,,0
2015-12,New Brunswick,2016A000213,Job vacancy rate,Percent,239,units,0,v1481212159,5.3,2.2,C,,,1
2015-12,Quebec,2016A000224,Job vacancies,Number,223,units,0,v1481212160,6.1,55760,B,,,0
2015-12,Quebec,2016A000224,Payroll employees,Number,223,units,0,v1481212161,6.2,3331165,A,,,0
2015-12,Quebec,2016A000224,Job vacancy rate,Percent,239,units,0,v1481212162,6.3,1.6,B,,,1
2015-12,Ontario,2016A000235,Job vacancies,Number,223,units,0,v1481212163,7.1,149960,A,,,0
2015-12,Ontario,2016A000235,Payroll employees,Number,223,units,0,v1481212164,7.2,5835100,A,,,0
2015-12,Ontario,2016A000235,Job vacancy rate,Percent,239,units,0,v1481212165,7.3,2.5,A,,,1
2015-12,Manitoba,2016A000246,Job vacancies,Number,223,units,0,v1481212166,8.1,10145,C,,,0
2015-12,Manitoba,2016A000246,Payroll employees,Number,223,units,0,v1481212167,8.2,567740,A,,,0
2015-12,Manitoba,2016A000246,Job vacancy rate,Percent,239,units,0,v1481212168,8.3,1.8,B,,,1
2015-12,Saskatchewan,2016A000247,Job vacancies,Number,223,units,0,v1481212169,9.1,10815,B,,,0
2015-12,Saskatchewan,2016A000247,Payroll employees,Number,223,units,0,v1481212170,9.2,462390,A,,,0
2015-12,Saskatchewan,2016A000247,Job vacancy rate,Percent,239,units,0,v1481212171,9.3,2.3,B,,,1
2015-12,Alberta,2016A000248,Job vacancies,Number,223,units,0,v1481212172,10.1,50455,B,,,0
2015-12,Alberta,2016A000248,Payroll employees,Number,223,units,0,v1481212173,10.2,1968580,A,,,0
2015-12,Alberta,2016A000248,Job vacancy rate,Percent,239,units,0,v1481212174,10.3,2.5,B,,,1
2015-12,British Columbia,2016A000259,Job vacancies,Number,223,units,0,v1481212175,11.1,63830,B,,,0
2015-12,British Columbia,2016A000259,Payroll employees,Number,223,units,0,v1481212176,11.2,2015750,A,,,0
2015-12,British Columbia,2016A000259,Job vacancy rate,Percent,239,units,0,v1481212177,11.3,3.1,B,,,1
2015-12,Yukon,2016A000260,Job vacancies,Number,223,units,0,v1481212178,12.1,560,D,,,0
2015-12,Yukon,2016A000260,Payroll employees,Number,223,units,0,v1481212179,12.2,16115,A,,,0
2015-12,Yukon,2016A000260,Job vacancy rate,Percent,239,units,0,v1481212180,12.3,3.4,D,,,1
2015-12,Northwest Territories,2016A000261,Job vacancies,Number,223,units,0,v1481212181,13.1,700,D,,,0
2015-12,Northwest Territories,2016A000261,Payroll employees,Number,223,units,0,v1481212182,13.2,22685,A,,,0
2015-12,Northwest Territories,2016A000261,Job vacancy rate,Percent,239,units,0,v1481212183,13.3,3,D,,,1
2015-12,Nunavut,2016A000262,Job vacancies,Number,223,units,0,v1481212184,14.1,360,E,,,0
2015-12,Nunavut,2016A000262,Payroll employees,Number,223,units,0,v1481212185,14.2,10220,A,,,0
2015-12,Nunavut,2016A000262,Job vacancy rate,Percent,239,units,0,v1481212186,14.3,3.4,E,,,1
2016-01,Canada,2016A000011124,Job vacancies,Number,223,units,0,v1481212145,1.1,366230,A,,,0
2016-01,Canada,2016A000011124,Payroll employees,Number,223,units,0,v1481212146,1.2,15192280,A,,,0
2016-01,Canada,2016A000011124,Job vacancy rate,Percent,239,units,0,v1481212147,1.3,2.4,A,,,1
2016-01,Newfoundland and Labrador,2016A000210,Job vacancies,Number,223,units,0,v1481212148,2.1,4285,C,,,0
2016-01,Newfoundland and Labrador,2016A000210,Payroll employees,Number,223,units,0,v1481212149,2.2,206745,A,,,0
2016-01,Newfoundland and Labrador,2016A000210,Job vacancy rate,Percent,239,units,0,v1481212150,2.3,2,C,,,1
2016-01,Prince Edward Island,2016A000211,Job vacancies,Number,223,units,0,v1481212151,3.1,1445,D,,,0
2016-01,Prince Edward Island,2016A000211,Payroll employees,Number,223,units,0,v1481212152,3.2,59170,A,,,0
2016-01,Prince Edward Island,2016A000211,Job vacancy rate,Percent,239,units,0,v1481212153,3.3,2.4,D,,,1
2016-01,Nova Scotia,2016A000212,Job vacancies,Number,223,units,0,v1481212154,4.1,8850,C,,,0
2016-01,Nova Scotia,2016A000212,Payroll employees,Number,223,units,0,v1481212155,4.2,402900,A,,,0
2016-01,Nova Scotia,2016A000212,Job vacancy rate,Percent,239,units,0,v1481212156,4.3,2.1,C,,,1
2016-01,New Brunswick,2016A000213,Job vacancies,Number,223,units,0,v1481212157,5.1,5255,C,,,0
2016-01,New Brunswick,2016A000213,Payroll employees,Number,223,units,0,v1481212158,5.2,285065,A,,,0
2016-01,New Brunswick,2016A000213,Job vacancy rate,Percent,239,units,0,v1481212159,5.3,1.8,B,,,1
2016-01,Quebec,2016A000224,Job vacancies,Number,223,units,0,v1481212160,6.1,61025,A,,,0
2016-01,Quebec,2016A000224,Payroll employees,Number,223,units,0,v1481212161,6.2,3316930,A,,,0
2016-01,Quebec,2016A000224,Job vacancy rate,Percent,239,units,0,v1481212162,6.3,1.8,A,,,1
2016-01,Ontario,2016A000235,Job vacancies,Number,223,units,0,v1481212163,7.1,150140,A,,,0
2016-01,Ontario,2016A000235,Payroll employees,Number,223,units,0,v1481212164,7.2,5851235,A,,,0
2016-01,Ontario,2016A000235,Job vacancy rate,Percent,239,units,0,v1481212165,7.3,2.5,A,,,1
2016-01,Manitoba,2016A000246,Job vacancies,Number,223,units,0,v1481212166,8.1,11225,B,,,0
2016-01,Manitoba,2016A000246,Payroll employees,Number,223,units,0,v1481212167,8.2,554750,A,,,0
2016-01,Manitoba,2016A000246,Job vacancy rate,Percent,239,units,0,v1481212168,8.3,2,B,,,1
2016-01,Saskatchewan,2016A000247,Job vacancies,Number,223,units,0,v1481212169,9.1,9605,B,,,0
2016-01,Saskatchewan,2016A000247,Payroll employees,Number,223,units,0,v1481212170,9.2,461480,A,,,0
2016-01,Saskatchewan,2016A000247,Job vacancy rate,Percent,239,units,0,v1481212171,9.3,2,B,,,1
2016-01,Alberta,2016A000248,Job vacancies,Number,223,units,0,v1481212172,10.1,44895,B,,,0
2016-01,Alberta,2016A000248,Payroll employees,Number,223,units,0,v1481212173,10.2,1988840,A,,,0
2016-01,Alberta,2016A000248,Job vacancy rate,Percent,239,units,0,v1481212174,10.3,2.2,B,,,1
2016-01,British Columbia,2016A000259,Job vacancies,Number,223,units,0,v1481212175,11.1,68330,C,,,0
2016-01,British Columbia,2016A000259,Payroll employees,Number,223,units,0,v1481212176,11.2,2016345,A,,,0
2016-01,British Columbia,2016A000259,Job vacancy rate,Percent,239,units,0,v1481212177,11.3,3.3,C,,,1
2016-01,Yukon,2016A000260,Job vacancies,Number,223,units,0,v1481212178,12.1,,F,,,0
2016-01,Yukon,2016A000260,Payroll employees,Number,223,units,0,v1481212179,12.2,16215,A,,,0
2016-01,Yukon,2016A000260,Job vacancy rate,Percent,239,units,0,v1481212180,12.3,,F,,,1
2016-01,Northwest Territories,2016A000261,Job vacancies,Number,223,units,0,v1481212181,13.1,400,D,,,0
2016-01,Northwest Territories,2016A000261,Payroll employees,Number,223,units,0,v1481212182,13.2,22720,A,,,0
2016-01,Northwest Territories,2016A000261,Job vacancy rate,Percent,239,units,0,v1481212183,13.3,1.7,D,,,1
2016-01,Nunavut,2016A000262,Job vacancies,Number,223,units,0,v1481212184,14.1,315,E,,,0
2016-01,Nunavut,2016A000262,Payroll employees,Number,223,units,0,v1481212185,14.2,9890,A,,,0
2016-01,Nunavut,2016A000262,Job vacancy rate,Percent,239,units,0,v1481212186,14.3,3.1,E,,,1
2016-02,Canada,2016A000011124,Job vacancies,Number,223,units,0,v1481212145,1.1,351520,A,,,0
2016-02,Canada,2016A000011124,Payroll employees,Number,223,units,0,v1481212146,1.2,15224650,A,,,0
2016-02,Canada,2016A000011124,Job vacancy rate,Percent,239,units,0,v1481212147,1.3,2.3,A,,,1
2016-02,Newfoundland and Labrador,2016A000210,Job vacancies,Number,223,units,0,v1481212148,2.1,3755,C,,,0
2016-02,Newfoundland and Labrador,2016A000210,Payroll employees,Number,223,units,0,v1481212149,2.2,198170,A,,,0
2016-02,Newfoundland and Labrador,2016A000210,Job vacancy rate,Percent,239,units,0,v1481212150,2.3,1.9,C,,,1
2016-02,Prince Edward Island,2016A000211,Job vacancies,Number,223,units,0,v1481212151,3.1,,F,,,0
2016-02,Prince Edward Island,2016A000211,Payroll employees,Number,223,units,0,v1481212152,3.2,58900,A,,,0
2016-02,Prince Edward Island,2016A000211,Job vacancy rate,Percent,239,units,0,v1481212153,3.3,2.2,E,,,1
2016-02,Nova Scotia,2016A000212,Job vacancies,Number,223,units,0,v1481212154,4.1,9240,C,,,0
2016-02,Nova Scotia,2016A000212,Payroll employees,Number,223,units,0,v1481212155,4.2,396230,A,,,0
2016-02,Nova Scotia,2016A000212,Job vacancy rate,Percent,239,units,0,v1481212156,4.3,2.3,C,,,1
2016-02,New Brunswick,2016A000213,Job vacancies,Number,223,units,0,v1481212157,5.1,5435,C,,,0
2016-02,New Brunswick,2016A000213,Payroll employees,Number,223,units,0,v1481212158,5.2,288990,A,,,0
2016-02,New Brunswick,2016A000213,Job vacancy rate,Percent,239,units,0,v1481212159,5.3,1.8,C,,,1
2016-02,Quebec,2016A000224,Job vacancies,Number,223,units,0,v1481212160,6.1,58980,A,,,0
2016-02,Quebec,2016A000224,Payroll employees,Number,223,units,0,v1481212161,6.2,3350750,A,,,0
2016-02,Quebec,2016A000224,Job vacancy rate,Percent,239,units,0,v1481212162,6.3,1.7,A,,,1
2016-02,Ontario,2016A000235,Job vacancies,Number,223,units,0,v1481212163,7.1,144880,A,,,0
2016-02,Ontario,2016A000235,Payroll employees,Number,223,units,0,v1481212164,7.2,5872865,A,,,0
2016-02,Ontario,2016A000235,Job vacancy rate,Percent,239,units,0,v1481212165,7.3,2.4,A,,,1
2016-02,Manitoba,2016A000246,Job vacancies,Number,223,units,0,v1481212166,8.1,14380,B,,,0
2016-02,Manitoba,2016A000246,Payroll employees,Number,223,units,0,v1481212167,8.2,591275,A,,,0
2016-02,Manitoba,2016A000246,Job vacancy rate,Percent,239,units,0,v1481212168,8.3,2.4,B,,,1
2016-02,Saskatchewan,2016A000247,Job vacancies,Number,223,units,0,v1481212169,9.1,10065,C,,,0
2016-02,Saskatchewan,2016A000247,Payroll employees,Number,223,units,0,v1481212170,9.2,460470,A,,,0
2016-02,Saskatchewan,2016A000247,Job vacancy rate,Percent,239,units,0,v1481212171,9.3,2.1,C,,,1
2016-02,Alberta,2016A000248,Job vacancies,Number,223,units,0,v1481212172,10.1,35830,C,,,0
2016-02,Alberta,2016A000248,Payroll employees,Number,223,units,0,v1481212173,10.2,1932805,A,,,0
2016-02,Alberta,2016A000248,Job vacancy rate,Percent,239,units,0,v1481212174,10.3,1.8,C,,,1
2016-02,British Columbia,2016A000259,Job vacancies,Number,223,units,0,v1481212175,11.1,66060,B,,,0
2016-02,British Columbia,2016A000259,Payroll employees,Number,223,units,0,v1481212176,11.2,2025060,A,,,0
2016-02,British Columbia,2016A000259,Job vacancy rate,Percent,239,units,0,v1481212177,11.3,3.2,B,,,1
2016-02,Yukon,2016A000260,Job vacancies,Number,223,units,0,v1481212178,12.1,560,E,,,0
2016-02,Yukon,2016A000260,Payroll employees,Number,223,units,0,v1481212179,12.2,16460,A,,,0
2016-02,Yukon,2016A000260,Job vacancy rate,Percent,239,units,0,v1481212180,12.3,3.3,E,,,1
2016-02,Northwest Territories,2016A000261,Job vacancies,Number,223,units,0,v1481212181,13.1,735,D,,,0
2016-02,Northwest Territories,2016A000261,Payroll employees,Number,223,units,0,v1481212182,13.2,22565,A,,,0
2016-02,Northwest Territories,2016A000261,Job vacancy rate,Percent,239,units,0,v1481212183,13.3,3.2,D,,,1
2016-02,Nunavut,2016A000262,Job vacancies,Number,223,units,0,v1481212184,14.1,290,D,,,0
2016-02,Nunavut,2016A000262,Payroll employees,Number,223,units,0,v1481212185,14.2,10120,A,,,0
2016-02,Nunavut,2016A000262,Job vacancy rate,Percent,239,units,0,v1481212186,14.3,2.8,D,,,1
2016-03,Canada,2016A000011124,Job vacancies,Number,223,units,0,v1481212145,1.1,363180,A,,,0
2016-03,Canada,2016A000011124,Payroll employees,Number,223,units,0,v1481212146,1.2,15197850,A,,,0
2016-03,Canada,2016A000011124,Job vacancy rate,Percent,239,units,0,v1481212147,1.3,2.3,A,,,1
2016-03,Newfoundland and Labrador,2016A000210,Job vacancies,Number,223,units,0,v1481212148,2.1,4205,C,,,0
2016-03,Newfoundland and Labrador,2016A000210,Payroll employees,Number,223,units,0,v1481212149,2.2,183205,A,,,0
2016-03,Newfoundland and Labrador,2016A000210,Job vacancy rate,Percent,239,units,0,v1481212150,2.3,2.2,C,,,1
2016-03,Prince Edward Island,2016A000211,Job vacancies,Number,223,units,0,v1481212151,3.1,1125,E,,,0
2016-03,Prince Edward Island,2016A000211,Payroll employees,Number,223,units,0,v1481212152,3.2,58880,A,,,0
2016-03,Prince Edward Island,2016A000211,Job vacancy rate,Percent,239,units,0,v1481212153,3.3,1.9,D,,,1
2016-03,Nova Scotia,2016A000212,Job vacancies,Number,223,units,0,v1481212154,4.1,7895,C,,,0
2016-03,Nova Scotia,2016A000212,Payroll employees,Number,223,units,0,v1481212155,4.2,407010,A,,,0
2016-03,Nova Scotia,2016A000212,Job vacancy rate,Percent,239,units,0,v1481212156,4.3,1.9,C,,,1
2016-03,New Brunswick,2016A000213,Job vacancies,Number,223,units,0,v1481212157,5.1,5885,C,,,0
2016-03,New Brunswick,2016A000213,Payroll employees,Number,223,units,0,v1481212158,5.2,286450,A,,,0
2016-03,New Brunswick,2016A000213,Job vacancy rate,Percent,239,units,0,v1481212159,5.3,2,C,,,1
2016-03,Quebec,2016A000224,Job vacancies,Number,223,units,0,v1481212160,6.1,54960,B,,,0
2016-03,Quebec,2016A000224,Payroll employees,Number,223,units,0,v1481212161,6.2,3350460,A,,,0
2016-03,Quebec,2016A000224,Job vacancy rate,Percent,239,units,0,v1481212162,6.3,1.6,B,,,1
2016-03,Ontario,2016A000235,Job vacancies,Number,223,units,0,v1481212163,7.1,145505,A,,,0
2016-03,Ontario,2016A000235,Payroll employees,Number,223,units,0,v1481212164,7.2,5878650,A,,,0
2016-03,Ontario,2016A000235,Job vacancy rate,Percent,239,units,0,v1481212165,7.3,2.4,A,,,1
2016-03,Manitoba,2016A000246,Job vacancies,Number,223,units,0,v1481212166,8.1,8495,C,,,0
2016-03,Manitoba,2016A000246,Payroll employees,Number,223,units,0,v1481212167,8.2,568810,A,,,0
2016-03,Manitoba,2016A000246,Job vacancy rate,Percent,239,units,0,v1481212168,8.3,1.5,B,,,1
2016-03,Saskatchewan,2016A000247,Job vacancies,Number,223,units,0,v1481212169,9.1,9955,B,,,0
2016-03,Saskatchewan,2016A000247,Payroll employees,Number,223,units,0,v1481212170,9.2,460085,A,,,0
2016-03,Saskatchewan,2016A000247,Job vacancy rate,Percent,239,units,0,v1481212171,9.3,2.1,B,,,1
2016-03,Alberta,2016A000248,Job vacancies,Number,223,units,0,v1481212172,10.1,50825,B,,,0
2016-03,Alberta,2016A000248,Payroll employees,Number,223,units,0,v1481212173,10.2,1928145,A,,,0
2016-03,Alberta,2016A000248,Job vacancy rate,Percent,239,units,0,v1481212174,10.3,2.6,B,,,1
2016-03,British Columbia,2016A000259,Job vacancies,Number,223,units,0,v1481212175,11.1,72485,B,,,0
2016-03,British Columbia,2016A000259,Payroll employees,Number,223,units,0,v1481212176,11.2,2026735,A,,,0
2016-03,British Columbia,2016A000259,Job vacancy rate,Percent,239,units,0,v1481212177,11.3,3.5,B,,,1
2016-03,Yukon,2016A000260,Job vacancies,Number,223,units,0,v1481212178,12.1,575,E,,,0
2016-03,Yukon,2016A000260,Payroll employees,Number,223,units,0,v1481212179,12.2,16355,A,,,0
2016-03,Yukon,2016A000260,Job vacancy rate,Percent,239,units,0,v1481212180,12.3,3.4,D,,,1
2016-03,Northwest Territories,2016A000261,Job vacancies,Number,223,units,0,v1481212181,13.1,880,D,,,0
2016-03,Northwest Territories,2016A000261,Payroll employees,Number,223,units,0,v1481212182,13.2,22770,A,,,0
2016-03,Northwest Territories,2016A000261,Job vacancy rate,Percent,239,units,0,v1481212183,13.3,3.7,D,,,1
2016-03,Nunavut,2016A000262,Job vacancies,Number,223,units,0,v1481212184,14.1,390,D,,,0
2016-03,Nunavut,2016A000262,Payroll employees,Number,223,units,0,v1481212185,14.2,10285,A,,,0
2016-03,Nunavut,2016A000262,Job vacancy rate,Percent,239,units,0,v1481212186,14.3,3.7,D,,,1
2016-04,Canada,2016A000011124,Job vacancies,Number,223,units,0,v1481212145,1.1,340915,A,,,0
2016-04,Canada,2016A000011124,Payroll employees,Number,223,units,0,v1481212146,1.2,15231310,A,,,0
2016-04,Canada,2016A000011124,Job vacancy rate,Percent,239,units,0,v1481212147,1.3,2.2,A,,,1
2016-04,Newfoundland and Labrador,2016A000210,Job vacancies,Number,223,units,0,v1481212148,2.1,3315,C,,,0
2016-04,Newfoundland and Labrador,2016A000210,Payroll employees,Number,223,units,0,v1481212149,2.2,193785,A,,,0
2016-04,Newfoundland and Labrador,2016A000210,Job vacancy rate,Percent,239,units,0,v1481212150,2.3,1.7,C,,,1
2016-04,Prince Edward Island,2016A000211,Job vacancies,Number,223,units,0,v1481212151,3.1,850,E,,,0
2016-04,Prince Edward Island,2016A000211,Payroll employees,Number,223,units,0,v1481212152,3.2,58740,A,,,0
2016-04,Prince Edward Island,2016A000211,Job vacancy rate,Percent,239,units,0,v1481212153,3.3,1.4,E,,,1
2016-04,Nova Scotia,2016A000212,Job vacancies,Number,223,units,0,v1481212154,4.1,7545,B,,,0
2016-04,Nova Scotia,2016A000212,Payroll employees,Number,223,units,0,v1481212155,4.2,408755,A,,,0
2016-04,Nova Scotia,2016A000212,Job vacancy rate,Percent,239,units,0,v1481212156,4.3,1.8,B,,,1
2016-04,New Brunswick,2016A000213,Job vacancies,Number,223,units,0,v1481212157,5.1,4245,B,,,0
2016-04,New Brunswick,2016A000213,Payroll employees,Number,223,units,0,v1481212158,5.2,284815,A,,,0
2016-04,New Brunswick,2016A000213,Job vacancy rate,Percent,239,units,0,v1481212159,5.3,1.5,B,,,1
2016-04,Quebec,2016A000224,Job vacancies,Number,223,units,0,v1481212160,6.1,54650,A,,,0
2016-04,Quebec,2016A000224,Payroll employees,Number,223,units,0,v1481212161,6.2,3350045,A,,,0
2016-04,Quebec,2016A000224,Job vacancy rate,Percent,239,units,0,v1481212162,6.3,1.6,A,,,1
2016-04,Ontario,2016A000235,Job vacancies,Number,223,units,0,v1481212163,7.1,148375,A,,,0
2016-04,Ontario,2016A000235,Payroll employees,Number,223,units,0,v1481212164,7.2,5890510,A,,,0
2016-04,Ontario,2016A000235,Job vacancy rate,Percent,239,units,0,v1481212165,7.3,2.5,A,,,1
2016-04,Manitoba,2016A000246,Job vacancies,Number,223,units,0,v1481212166,8.1,10180,B,,,0
2016-04,Manitoba,2016A000246,Payroll employees,Number,223,units,0,v1481212167,8.2,563855,A,,,0
2016-04,Manitoba,2016A000246,Job vacancy rate,Percent,239,units,0,v1481212168,8.3,1.8,B,,,1
2016-04,Saskatchewan,2016A000247,Job vacancies,Number,223,units,0,v1481212169,9.1,8430,C,,,0
2016-04,Saskatchewan,2016A000247,Payroll employees,Number,223,units,0,v1481212170,9.2,457330,A,,,0
2016-04,Saskatchewan,2016A000247,Job vacancy rate,Percent,239,units,0,v1481212171,9.3,1.8,C,,,1
2016-04,Alberta,2016A000248,Job vacancies,Number,223,units,0,v1481212172,10.1,37410,B,,,0
2016-04,Alberta,2016A000248,Payroll employees,Number,223,units,0,v1481212173,10.2,1937940,A,,,0
2016-04,Alberta,2016A000248,Job vacancy rate,Percent,239,units,0,v1481212174,10.3,1.9,B,,,1
2016-04,British Columbia,2016A000259,Job vacancies,Number,223,units,0,v1481212175,11.1,64660,A,,,0
2016-04,British Columbia,2016A000259,Payroll employees,Number,223,units,0,v1481212176,11.2,2035890,A,,,0
2016-04,British Columbia,2016A000259,Job vacancy rate,Percent,239,units,0,v1481212177,11.3,3.1,A,,,1
2016-04,Yukon,2016A000260,Job vacancies,Number,223,units,0,v1481212178,12.1,555,D,,,0
2016-04,Yukon,2016A000260,Payroll employees,Number,223,units,0,v1481212179,12.2,16545,A,,,0
2016-04,Yukon,2016A000260,Job vacancy rate,Percent,239,units,0,v1481212180,12.3,3.2,D,,,1
2016-04,Northwest Territories,2016A000261,Job vacancies,Number,223,units,0,v1481212181,13.1,460,D,,,0
2016-04,Northwest Territories,2016A000261,Payroll employees,Number,223,units,0,v1481212182,13.2,22665,A,,,0
2016-04,Northwest Territories,2016A000261,Job vacancy rate,Percent,239,units,0,v1481212183,13.3,2,D,,,1
2016-04,Nunavut,2016A000262,Job vacancies,Number,223,units,0,v1481212184,14.1,250,E,,,0
2016-04,Nunavut,2016A000262,Payroll employees,Number,223,units,0,v1481212185,14.2,10425,A,,,0
2016-04,Nunavut,2016A000262,Job vacancy rate,Percent,239,units,0,v1481212186,14.3,,F,,,1
2016-05,Canada,2016A000011124,Job vacancies,Number,223,units,0,v1481212145,1.1,362565,A,,,0
2016-05,Canada,2016A000011124,Payroll employees,Number,223,units,0,v1481212146,1.2,15281190,A,,,0
2016-05,Canada,2016A000011124,Job vacancy rate,Percent,239,units,0,v1481212147,1.3,2.3,A,,,1
2016-05,Newfoundland and Labrador,2016A000210,Job vacancies,Number,223,units,0,v1481212148,2.1,3095,C,,,0
2016-05,Newfoundland and Labrador,2016A000210,Payroll employees,Number,223,units,0,v1481212149,2.2,208740,A,,,0
2016-05,Newfoundland and Labrador,2016A000210,Job vacancy rate,Percent,239,units,0,v1481212150,2.3,1.5,C,,,1
2016-05,Prince Edward Island,2016A000211,Job vacancies,Number,223,units,0,v1481212151,3.1,1190,D,,,0
2016-05,Prince Edward Island,2016A000211,Payroll employees,Number,223,units,0,v1481212152,3.2,58840,A,,,0
2016-05,Prince Edward Island,2016A000211,Job vacancy rate,Percent,239,units,0,v1481212153,3.3,2,D,,,1
2016-05,Nova Scotia,2016A000212,Job vacancies,Number,223,units,0,v1481212154,4.1,8085,B,,,0
2016-05,Nova Scotia,2016A000212,Payroll employees,Number,223,units,0,v1481212155,4.2,402965,A,,,0
2016-05,Nova Scotia,2016A000212,Job vacancy rate,Percent,239,units,0,v1481212156,4.3,2,B,,,1
2016-05,New Brunswick,2016A000213,Job vacancies,Number,223,units,0,v1481212157,5.1,5120,C,,,0
2016-05,New Brunswick,2016A000213,Payroll employees,Number,223,units,0,v1481212158,5.2,281380,A,,,0
2016-05,New Brunswick,2016A000213,Job vacancy rate,Percent,239,units,0,v1481212159,5.3,1.8,C,,,1
2016-05,Quebec,2016A000224,Job vacancies,Number,223,units,0,v1481212160,6.1,55750,A,,,0
2016-05,Quebec,2016A000224,Payroll employees,Number,223,units,0,v1481212161,6.2,3352855,A,,,0
2016-05,Quebec,2016A000224,Job vacancy rate,Percent,239,units,0,v1481212162,6.3,1.6,A,,,1
2016-05,Ontario,2016A000235,Job vacancies,Number,223,units,0,v1481212163,7.1,163805,B,,,0
2016-05,Ontario,2016A000235,Payroll employees,Number,223,units,0,v1481212164,7.2,5913705,A,,,0
2016-05,Ontario,2016A000235,Job vacancy rate,Percent,239,units,0,v1481212165,7.3,2.7,B,,,1
2016-05,Manitoba,2016A000246,Job vacancies,Number,223,units,0,v1481212166,8.1,11740,B,,,0
2016-05,Manitoba,2016A000246,Payroll employees,Number,223,units,0,v1481212167,8.2,586165,A,,,0
2016-05,Manitoba,2016A000246,Job vacancy rate,Percent,239,units,0,v1481212168,8.3,2,B,,,1
2016-05,Saskatchewan,2016A000247,Job vacancies,Number,223,units,0,v1481212169,9.1,8775,B,,,0
2016-05,Saskatchewan,2016A000247,Payroll employees,Number,223,units,0,v1481212170,9.2,459040,A,,,0
2016-05,Saskatchewan,2016A000247,Job vacancy rate,Percent,239,units,0,v1481212171,9.3,1.9,B,,,1
2016-05,Alberta,2016A000248,Job vacancies,Number,223,units,0,v1481212172,10.1,34205,B,,,0
2016-05,Alberta,2016A000248,Payroll employees,Number,223,units,0,v1481212173,10.2,1923190,A,,,0
2016-05,Alberta,2016A000248,Job vacancy rate,Percent,239,units,0,v1481212174,10.3,1.7,B,,,1
2016-05,British Columbia,2016A000259,Job vacancies,Number,223,units,0,v1481212175,11.1,69330,A,,,0
2016-05,British Columbia,2016A000259,Payroll employees,Number,223,units,0,v1481212176,11.2,2044640,A,,,0
2016-05,British Columbia,2016A000259,Job vacancy rate,Percent,239,units,0,v1481212177,11.3,3.3,A,,,1
2016-05,Yukon,2016A000260,Job vacancies,Number,223,units,0,v1481212178,12.1,645,E,,,0
2016-05,Yukon,2016A000260,Payroll employees,Number,223,units,0,v1481212179,12.2,16690,A,,,0
2016-05,Yukon,2016A000260,Job vacancy rate,Percent,239,units,0,v1481212180,12.3,3.7,E,,,1
2016-05,Northwest Territories,2016A000261,Job vacancies,Number,223,units,0,v1481212181,13.1,545,E,,,0
2016-05,Northwest Territories,2016A000261,Payroll employees,Number,223,units,0,v1481212182,13.2,22370,A,,,0
2016-05,Northwest Territories,2016A000261,Job vacancy rate,Percent,239,units,0,v1481212183,13.3,2.4,D,,,1
2016-05,Nunavut,2016A000262,Job vacancies,Number,223,units,0,v1481212184,14.1,285,D,,,0
2016-05,Nunavut,2016A000262,Payroll employees,Number,223,units,0,v1481212185,14.2,10605,A,,,0
2016-05,Nunavut,2016A000262,Job vacancy rate,Percent,239,units,0,v1481212186,14.3,2.6,D,,,1
2016-06,Canada,2016A000011124,Job vacancies,Number,223,units,0,v1481212145,1.1,379755,A,,,0
2016-06,Canada,2016A000011124,Payroll employees,Number,223,units,0,v1481212146,1.2,15251330,A,,,0
2016-06,Canada,2016A000011124,Job vacancy rate,Percent,239,units,0,v1481212147,1.3,2.4,A,,,1
2016-06,Newfoundland and Labrador,2016A000210,Job vacancies,Number,223,units,0,v1481212148,2.1,4125,C,,,0
2016-06,Newfoundland and Labrador,2016A000210,Payroll employees,Number,223,units,0,v1481212149,2.2,190435,A,,,0
2016-06,Newfoundland and Labrador,2016A000210,Job vacancy rate,Percent,239,units,0,v1481212150,2.3,2.1,C,,,1
2016-06,Prince Edward Island,2016A000211,Job vacancies,Number,223,units,0,v1481212151,3.1,660,D,,,0
2016-06,Prince Edward Island,2016A000211,Payroll employees,Number,223,units,0,v1481212152,3.2,58615,A,,,0
2016-06,Prince Edward Island,2016A000211,Job vacancy rate,Percent,239,units,0,v1481212153,3.3,1.1,D,,,1
2016-06,Nova Scotia,2016A000212,Job vacancies,Number,223,units,0,v1481212154,4.1,7710,B,,,0
2016-06,Nova Scotia,2016A000212,Payroll employees,Number,223,units,0,v1481212155,4.2,393595,A,,,0
2016-06,Nova Scotia,2016A000212,Job vacancy rate,Percent,239,units,0,v1481212156,4.3,1.9,B,,,1
2016-06,New Brunswick,2016A000213,Job vacancies,Number,223,units,0,v1481212157,5.1,6845,B,,,0
2016-06,New Brunswick,2016A000213,Payroll employees,Number,223,units,0,v1481212158,5.2,296090,A,,,0
2016-06,New Brunswick,2016A000213,Job vacancy rate,Percent,239,units,0,v1481212159,5.3,2.3,B,,,1
2016-06,Quebec,2016A000224,Job vacancies,Number,223,units,0,v1481212160,6.1,63615,A,,,0
2016-06,Quebec,2016A000224,Payroll employees,Number,223,units,0,v1481212161,6.2,3358850,A,,,0
2016-06,Quebec,2016A000224,Job vacancy rate,Percent,239,units,0,v1481212162,6.3,1.9,A,,,1
2016-06,Ontario,2016A000235,Job vacancies,Number,223,units,0,v1481212163,7.1,165095,A,,,0
2016-06,Ontario,2016A000235,Payroll employees,Number,223,units,0,v1481212164,7.2,5913930,A,,,0
2016-06,Ontario,2016A000235,Job vacancy rate,Percent,239,units,0,v1481212165,7.3,2.7,A,,,1
2016-06,Manitoba,2016A000246,Job vacancies,Number,223,units,0,v1481212166,8.1,9025,B,,,0
2016-06,Manitoba,2016A000246,Payroll employees,Number,223,units,0,v1481212167,8.2,570180,A,,,0
2016-06,Manitoba,2016A000246,Job vacancy rate,Percent,239,units,0,v1481212168,8.3,1.6,B,,,1
2016-06,Saskatchewan,2016A000247,Job vacancies,Number,223,units,0,v1481212169,9.1,8215,B,,,0
2016-06,Saskatchewan,2016A000247,Payroll employees,Number,223,units,0,v1481212170,9.2,458525,A,,,0
2016-06,Saskatchewan,2016A000247,Job vacancy rate,Percent,239,units,0,v1481212171,9.3,1.8,B,,,1
2016-06,Alberta,2016A000248,Job vacancies,Number,223,units,0,v1481212172,10.1,43490,B,,,0
2016-06,Alberta,2016A000248,Payroll employees,Number,223,units,0,v1481212173,10.2,1915290,A,,,0
2016-06,Alberta,2016A000248,Job vacancy rate,Percent,239,units,0,v1481212174,10.3,2.2,B,,,1
2016-06,British Columbia,2016A000259,Job vacancies,Number,223,units,0,v1481212175,11.1,69520,B,,,0
2016-06,British Columbia,2016A000259,Payroll employees,Number,223,units,0,v1481212176,11.2,2046990,A,,,0
2016-06,British Columbia,2016A000259,Job vacancy rate,Percent,239,units,0,v1481212177,11.3,3.3,B,,,1
2016-06,Yukon,2016A000260,Job vacancies,Number,223,units,0,v1481212178,12.1,,F,,,0
2016-06,Yukon,2016A000260,Payroll employees,Number,223,units,0,v1481212179,12.2,16725,A,,,0
2016-06,Yukon,2016A000260,Job vacancy rate,Percent,239,units,0,v1481212180,12.3,,F,,,1
2016-06,Northwest Territories,2016A000261,Job vacancies,Number,223,units,0,v1481212181,13.1,785,D,,,0
2016-06,Northwest Territories,2016A000261,Payroll employees,Number,223,units,0,v1481212182,13.2,21555,A,,,0
2016-06,Northwest Territories,2016A000261,Job vacancy rate,Percent,239,units,0,v1481212183,13.3,3.5,D,,,1
2016-06,Nunavut,2016A000262,Job vacancies,Number,223,units,0,v1481212184,14.1,330,D,,,0
2016-06,Nunavut,2016A000262,Payroll employees,Number,223,units,0,v1481212185,14.2,10550,A,,,0
2016-06,Nunavut,2016A000262,Job vacancy rate,Percent,239,units,0,v1481212186,14.3,3,D,,,1
2016-07,Canada,2016A000011124,Job vacancies,Number,223,units,0,v1481212145,1.1,372520,A,,,0
2016-07,Canada,2016A000011124,Payroll employees,Number,223,units,0,v1481212146,1.2,15278435,A,,,0
2016-07,Canada,2016A000011124,Job vacancy rate,Percent,239,units,0,v1481212147,1.3,2.4,A,,,1
2016-07,Newfoundland and Labrador,2016A000210,Job vacancies,Number,223,units,0,v1481212148,2.1,4170,C,,,0
2016-07,Newfoundland and Labrador,2016A000210,Payroll employees,Number,223,units,0,v1481212149,2.2,198065,A,,,0
2016-07,Newfoundland and Labrador,2016A000210,Job vacancy rate,Percent,239,units,0,v1481212150,2.3,2.1,C,,,1
2016-07,Prince Edward Island,2016A000211,Job vacancies,Number,223,units,0,v1481212151,3.1,990,D,,,0
2016-07,Prince Edward Island,2016A000211,Payroll employees,Number,223,units,0,v1481212152,3.2,58675,A,,,0
2016-07,Prince Edward Island,2016A000211,Job vacancy rate,Percent,239,units,0,v1481212153,3.3,1.7,D,,,1
2016-07,Nova Scotia,2016A000212,Job vacancies,Number,223,units,0,v1481212154,4.1,8830,B,,,0
2016-07,Nova Scotia,2016A000212,Payroll employees,Number,223,units,0,v1481212155,4.2,399995,A,,,0
2016-07,Nova Scotia,2016A000212,Job vacancy rate,Percent,239,units,0,v1481212156,4.3,2.2,B,,,1
2016-07,New Brunswick,2016A000213,Job vacancies,Number,223,units,0,v1481212157,5.1,6110,C,,,0
2016-07,New Brunswick,2016A000213,Payroll employees,Number,223,units,0,v1481212158,5.2,286160,A,,,0
2016-07,New Brunswick,2016A000213,Job vacancy rate,Percent,239,units,0,v1481212159,5.3,2.1,C,,,1
2016-07,Quebec,2016A000224,Job vacancies,Number,223,units,0,v1481212160,6.1,61850,A,,,0
2016-07,Quebec,2016A000224,Payroll employees,Number,223,units,0,v1481212161,6.2,3374895,A,,,0
2016-07,Quebec,2016A000224,Job vacancy rate,Percent,239,units,0,v1481212162,6.3,1.8,A,,,1
2016-07,Ontario,2016A000235,Job vacancies,Number,223,units,0,v1481212163,7.1,159805,A,,,0
2016-07,Ontario,2016A000235,Payroll employees,Number,223,units,0,v1481212164,7.2,5922635,A,,,0
2016-07,Ontario,2016A000235,Job vacancy rate,Percent,239,units,0,v1481212165,7.3,2.6,A,,,1
2016-07,Manitoba,2016A000246,Job vacancies,Number,223,units,0,v1481212166,8.1,11375,B,,,0
2016-07,Manitoba,2016A000246,Payroll employees,Number,223,units,0,v1481212167,8.2,559325,A,,,0
2016-07,Manitoba,2016A000246,Job vacancy rate,Percent,239,units,0,v1481212168,8.3,2,B,,,1
2016-07,Saskatchewan,2016A000247,Job vacancies,Number,223,units,0,v1481212169,9.1,9370,B,,,0
2016-07,Saskatchewan,2016A000247,Payroll employees,Number,223,units,0,v1481212170,9.2,457715,A,,,0
2016-07,Saskatchewan,2016A000247,Job vacancy rate,Percent,239,units,0,v1481212171,9.3,2,B,,,1
2016-07,Alberta,2016A000248,Job vacancies,Number,223,units,0,v1481212172,10.1,42355,B,,,0
2016-07,Alberta,2016A000248,Payroll employees,Number,223,units,0,v1481212173,10.2,1921245,A,,,0
2016-07,Alberta,2016A000248,Job vacancy rate,Percent,239,units,0,v1481212174,10.3,2.2,B,,,1
2016-07,British Columbia,2016A000259,Job vacancies,Number,223,units,0,v1481212175,11.1,66450,B,,,0
2016-07,British Columbia,2016A000259,Payroll employees,Number,223,units,0,v1481212176,11.2,2051040,A,,,0
2016-07,British Columbia,2016A000259,Job vacancy rate,Percent,239,units,0,v1481212177,11.3,3.1,A,,,1
2016-07,Yukon,2016A000260,Job vacancies,Number,223,units,0,v1481212178,12.1,390,D,,,0
2016-07,Yukon,2016A000260,Payroll employees,Number,223,units,0,v1481212179,12.2,16535,A,,,0
2016-07,Yukon,2016A000260,Job vacancy rate,Percent,239,units,0,v1481212180,12.3,2.3,D,,,1
2016-07,Northwest Territories,2016A000261,Job vacancies,Number,223,units,0,v1481212181,13.1,365,D,,,0
2016-07,Northwest Territories,2016A000261,Payroll employees,Number,223,units,0,v1481212182,13.2,21760,A,,,0
2016-07,Northwest Territories,2016A000261,Job vacancy rate,Percent,239,units,0,v1481212183,13.3,1.6,D,,,1
2016-07,Nunavut,2016A000262,Job vacancies,Number,223,units,0,v1481212184,14.1,,F,,,0
2016-07,Nunavut,2016A000262,Payroll employees,Number,223,units,0,v1481212185,14.2,10380,A,,,0
2016-07,Nunavut,2016A000262,Job vacancy rate,Percent,239,units,0,v1481212186,14.3,,F,,,1
2016-08,Canada,2016A000011124,Job vacancies,Number,223,units,0,v1481212145,1.1,392960,A,,,0
2016-08,Canada,2016A000011124,Payroll employees,Number,223,units,0,v1481212146,1.2,15294865,A,,,0
2016-08,Canada,2016A000011124,Job vacancy rate,Percent,239,units,0,v1481212147,1.3,2.5,A,,,1
2016-08,Newfoundland and Labrador,2016A000210,Job vacancies,Number,223,units,0,v1481212148,2.1,3795,C,,,0
2016-08,Newfoundland and Labrador,2016A000210,Payroll employees,Number,223,units,0,v1481212149,2.2,208360,A,,,0
2016-08,Newfoundland and Labrador,2016A000210,Job vacancy rate,Percent,239,units,0,v1481212150,2.3,1.8,C,,,1
2016-08,Prince Edward Island,2016A000211,Job vacancies,Number,223,units,0,v1481212151,3.1,900,D,,,0
2016-08,Prince Edward Island,2016A000211,Payroll employees,Number,223,units,0,v1481212152,3.2,58335,A,,,0
2016-08,Prince Edward Island,2016A000211,Job vacancy rate,Percent,239,units,0,v1481212153,3.3,1.5,D,,,1
2016-08,Nova Scotia,2016A000212,Job vacancies,Number,223,units,0,v1481212154,4.1,8660,C,,,0
2016-08,Nova Scotia,2016A000212,Payroll employees,Number,223,units,0,v1481212155,4.2,397520,A,,,0
2016-08,Nova Scotia,2016A000212,Job vacancy rate,Percent,239,units,0,v1481212156,4.3,2.1,C,,,1
2016-08,New Brunswick,2016A000213,Job vacancies,Number,223,units,0,v1481212157,5.1,5965,B,,,0
2016-08,New Brunswick,2016A000213,Payroll employees,Number,223,units,0,v1481212158,5.2,280415,A,,,0
2016-08,New Brunswick,2016A000213,Job vacancy rate,Percent,239,units,0,v1481212159,5.3,2.1,B,,,1
2016-08,Quebec,2016A000224,Job vacancies,Number,223,units,0,v1481212160,6.1,61410,A,,,0
2016-08,Quebec,2016A000224,Payroll employees,Number,223,units,0,v1481212161,6.2,3370425,A,,,0
2016-08,Quebec,2016A000224,Job vacancy rate,Percent,239,units,0,v1481212162,6.3,1.8,A,,,1
2016-08,Ontario,2016A000235,Job vacancies,Number,223,units,0,v1481212163,7.1,173390,B,,,0
2016-08,Ontario,2016A000235,Payroll employees,Number,223,units,0,v1481212164,7.2,5929965,A,,,0
2016-08,Ontario,2016A000235,Job vacancy rate,Percent,239,units,0,v1481212165,7.3,2.8,B,,,1
2016-08,Manitoba,2016A000246,Job vacancies,Number,223,units,0,v1481212166,8.1,11875,B,,,0
2016-08,Manitoba,2016A000246,Payroll employees,Number,223,units,0,v1481212167,8.2,581925,A,,,0
2016-08,Manitoba,2016A000246,Job vacancy rate,Percent,239,units,0,v1481212168,8.3,2,B,,,1
2016-08,Saskatchewan,2016A000247,Job vacancies,Number,223,units,0,v1481212169,9.1,8635,B,,,0
2016-08,Saskatchewan,2016A000247,Payroll employees,Number,223,units,0,v1481212170,9.2,455880,A,,,0
2016-08,Saskatchewan,2016A000247,Job vacancy rate,Percent,239,units,0,v1481212171,9.3,1.9,B,,,1
2016-08,Alberta,2016A000248,Job vacancies,Number,223,units,0,v1481212172,10.1,39215,A,,,0
2016-08,Alberta,2016A000248,Payroll employees,Number,223,units,0,v1481212173,10.2,1906350,A,,,0
2016-08,Alberta,2016A000248,Job vacancy rate,Percent,239,units,0,v1481212174,10.3,2,A,,,1
2016-08,British Columbia,2016A000259,Job vacancies,Number,223,units,0,v1481212175,11.1,77695,A,,,0
2016-08,British Columbia,2016A000259,Payroll employees,Number,223,units,0,v1481212176,11.2,2056645,A,,,0
2016-08,British Columbia,2016A000259,Job vacancy rate,Percent,239,units,0,v1481212177,11.3,3.6,A,,,1
2016-08,Yukon,2016A000260,Job vacancies,Number,223,units,0,v1481212178,12.1,605,D,,,0
2016-08,Yukon,2016A000260,Payroll employees,Number,223,units,0,v1481212179,12.2,16565,A,,,0
2016-08,Yukon,2016A000260,Job vacancy rate,Percent,239,units,0,v1481212180,12.3,3.5,D,,,1
2016-08,Northwest Territories,2016A000261,Job vacancies,Number,223,units,0,v1481212181,13.1,640,E,,,0
2016-08,Northwest Territories,2016A000261,Payroll employees,Number,223,units,0,v1481212182,13.2,21890,A,,,0
2016-08,Northwest Territories,2016A000261,Job vacancy rate,Percent,239,units,0,v1481212183,13.3,2.8,E,,,1
2016-08,Nunavut,2016A000262,Job vacancies,Number,223,units,0,v1481212184,14.1,185,D,,,0
2016-08,Nunavut,2016A000262,Payroll employees,Number,223,units,0,v1481212185,14.2,10585,A,,,0
2016-08,Nunavut,2016A000262,Job vacancy rate,Percent,239,units,0,v1481212186,14.3,1.7,D,,,1
2016-09,Canada,2016A000011124,Job vacancies,Number,223,units,0,v1481212145,1.1,365650,A,,,0
2016-09,Canada,2016A000011124,Payroll employees,Number,223,units,0,v1481212146,1.2,15305925,A,,,0
2016-09,Canada,2016A000011124,Job vacancy rate,Percent,239,units,0,v1481212147,1.3,2.3,A,,,1
2016-09,Newfoundland and Labrador,2016A000210,Job vacancies,Number,223,units,0,v1481212148,2.1,3500,D,,,0
2016-09,Newfoundland and Labrador,2016A000210,Payroll employees,Number,223,units,0,v1481212149,2.2,191065,A,,,0
2016-09,Newfoundland and Labrador,2016A000210,Job vacancy rate,Percent,239,units,0,v1481212150,2.3,1.8,C,,,1
2016-09,Prince Edward Island,2016A000211,Job vacancies,Number,223,units,0,v1481212151,3.1,915,D,,,0
2016-09,Prince Edward Island,2016A000211,Payroll employees,Number,223,units,0,v1481212152,3.2,60225,A,,,0
2016-09,Prince Edward Island,2016A000211,Job vacancy rate,Percent,239,units,0,v1481212153,3.3,1.5,D,,,1
2016-09,Nova Scotia,2016A000212,Job vacancies,Number,223,units,0,v1481212154,4.1,8030,B,,,0
2016-09,Nova Scotia,2016A000212,Payroll employees,Number,223,units,0,v1481212155,4.2,394720,A,,,0
2016-09,Nova Scotia,2016A000212,Job vacancy rate,Percent,239,units,0,v1481212156,4.3,2,B,,,1
2016-09,New Brunswick,2016A000213,Job vacancies,Number,223,units,0,v1481212157,5.1,5725,C,,,0
2016-09,New Brunswick,2016A000213,Payroll employees,Number,223,units,0,v1481212158,5.2,292470,A,,,0
2016-09,New Brunswick,2016A000213,Job vacancy rate,Percent,239,units,0,v1481212159,5.3,1.9,C,,,1
2016-09,Quebec,2016A000224,Job vacancies,Number,223,units,0,v1481212160,6.1,61175,A,,,0
2016-09,Quebec,2016A000224,Payroll employees,Number,223,units,0,v1481212161,6.2,3373985,A,,,0
2016-09,Quebec,2016A000224,Job vacancy rate,Percent,239,units,0,v1481212162,6.3,1.8,A,,,1
2016-09,Ontario,2016A000235,Job vacancies,Number,223,units,0,v1481212163,7.1,158670,A,,,0
2016-09,Ontario,2016A000235,Payroll employees,Number,223,units,0,v1481212164,7.2,5939375,A,,,0
2016-09,Ontario,2016A000235,Job vacancy rate,Percent,239,units,0,v1481212165,7.3,2.6,A,,,1
2016-09,Manitoba,2016A000246,Job vacancies,Number,223,units,0,v1481212166,8.1,9650,B,,,0
2016-09,Manitoba,2016A000246,Payroll employees,Number,223,units,0,v1481212167,8.2,572080,A,,,0
2016-09,Manitoba,2016A000246,Job vacancy rate,Percent,239,units,0,v1481212168,8.3,1.7,B,,,1
2016-09,Saskatchewan,2016A000247,Job vacancies,Number,223,units,0,v1481212169,9.1,7745,B,,,0
2016-09,Saskatchewan,2016A000247,Payroll employees,Number,223,units,0,v1481212170,9.2,458305,A,,,0
2016-09,Saskatchewan,2016A000247,Job vacancy rate,Percent,239,units,0,v1481212171,9.3,1.7,B,,,1
2016-09,Alberta,2016A000248,Job vacancies,Number,223,units,0,v1481212172,10.1,41215,B,,,0
2016-09,Alberta,2016A000248,Payroll employees,Number,223,units,0,v1481212173,10.2,1913580,A,,,0
2016-09,Alberta,2016A000248,Job vacancy rate,Percent,239,units,0,v1481212174,10.3,2.1,B,,,1
2016-09,British Columbia,2016A000259,Job vacancies,Number,223,units,0,v1481212175,11.1,67550,B,,,0
2016-09,British Columbia,2016A000259,Payroll employees,Number,223,units,0,v1481212176,11.2,2061705,A,,,0
2016-09,British Columbia,2016A000259,Job vacancy rate,Percent,239,units,0,v1481212177,11.3,3.2,B,,,1
2016-09,Yukon,2016A000260,Job vacancies,Number,223,units,0,v1481212178,12.1,360,E,,,0
2016-09,Yukon,2016A000260,Payroll employees,Number,223,units,0,v1481212179,12.2,16140,A,,,0
2016-09,Yukon,2016A000260,Job vacancy rate,Percent,239,units,0,v1481212180,12.3,2.2,E,,,1
2016-09,Northwest Territories,2016A000261,Job vacancies,Number,223,units,0,v1481212181,13.1,725,D,,,0
2016-09,Northwest Territories,2016A000261,Payroll employees,Number,223,units,0,v1481212182,13.2,21755,A,,,0
2016-09,Northwest Territories,2016A000261,Job vacancy rate,Percent,239,units,0,v1481212183,13.3,3.2,D,,,1
2016-09,Nunavut,2016A000262,Job vacancies,Number,223,units,0,v1481212184,14.1,390,E,,,0
2016-09,Nunavut,2016A000262,Payroll employees,Number,223,units,0,v1481212185,14.2,10510,A,,,0
2016-09,Nunavut,2016A000262,Job vacancy rate,Percent,239,units,0,v1481212186,14.3,3.6,E,,,1
2016-10,Canada,2016A000011124,Job vacancies,Number,223,units,0,v1481212145,1.1,372475,A,,,0
2016-10,Canada,2016A000011124,Payroll employees,Number,223,units,0,v1481212146,1.2,15343040,A,,,0
2016-10,Canada,2016A000011124,Job vacancy rate,Percent,239,units,0,v1481212147,1.3,2.4,A,,,1
2016-10,Newfoundland and Labrador,2016A000210,Job vacancies,Number,223,units,0,v1481212148,2.1,3395,C,,,0
2016-10,Newfoundland and Labrador,2016A000210,Payroll employees,Number,223,units,0,v1481212149,2.2,197085,A,,,0
2016-10,Newfoundland and Labrador,2016A000210,Job vacancy rate,Percent,239,units,0,v1481212150,2.3,1.7,C,,,1
2016-10,Prince Edward Island,2016A000211,Job vacancies,Number,223,units,0,v1481212151,3.1,1175,D,,,0
2016-10,Prince Edward Island,2016A000211,Payroll employees,Number,223,units,0,v1481212152,3.2,59395,A,,,0
2016-10,Prince Edward Island,2016A000211,Job vacancy rate,Percent,239,units,0,v1481212153,3.3,1.9,D,,,1
2016-10,Nova Scotia,2016A000212,Job vacancies,Number,223,units,0,v1481212154,4.1,8400,B,,,0
2016-10,Nova Scotia,2016A000212,Payroll employees,Number,223,units,0,v1481212155,4.2,408740,A,,,0
2016-10,Nova Scotia,2016A000212,Job vacancy rate,Percent,239,units,0,v1481212156,4.3,2,B,,,1
2016-10,New Brunswick,2016A000213,Job vacancies,Number,223,units,0,v1481212157,5.1,6100,C,,,0
2016-10,New Brunswick,2016A000213,Payroll employees,Number,223,units,0,v1481212158,5.2,286440,A,,,0
2016-10,New Brunswick,2016A000213,Job vacancy rate,Percent,239,units,0,v1481212159,5.3,2.1,C,,,1
2016-10,Quebec,2016A000224,Job vacancies,Number,223,units,0,v1481212160,6.1,64080,A,,,0
2016-10,Quebec,2016A000224,Payroll employees,Number,223,units,0,v1481212161,6.2,3389995,A,,,0
2016-10,Quebec,2016A000224,Job vacancy rate,Percent,239,units,0,v1481212162,6.3,1.9,A,,,1
2016-10,Ontario,2016A000235,Job vacancies,Number,223,units,0,v1481212163,7.1,151235,A,,,0
2016-10,Ontario,2016A000235,Payroll employees,Number,223,units,0,v1481212164,7.2,5950870,A,,,0
2016-10,Ontario,2016A000235,Job vacancy rate,Percent,239,units,0,v1481212165,7.3,2.5,A,,,1
2016-10,Manitoba,2016A000246,Job vacancies,Number,223,units,0,v1481212166,8.1,12450,B,,,0
2016-10,Manitoba,2016A000246,Payroll employees,Number,223,units,0,v1481212167,8.2,564575,A,,,0
2016-10,Manitoba,2016A000246,Job vacancy rate,Percent,239,units,0,v1481212168,8.3,2.2,B,,,1
2016-10,Saskatchewan,2016A000247,Job vacancies,Number,223,units,0,v1481212169,9.1,9360,B,,,0
2016-10,Saskatchewan,2016A000247,Payroll employees,Number,223,units,0,v1481212170,9.2,455390,A,,,0
2016-10,Saskatchewan,2016A000247,Job vacancy rate,Percent,239,units,0,v1481212171,9.3,2,B,,,1
2016-10,Alberta,2016A000248,Job vacancies,Number,223,units,0,v1481212172,10.1,43720,B,,,0
2016-10,Alberta,2016A000248,Payroll employees,Number,223,units,0,v1481212173,10.2,1916690,A,,,0
2016-10,Alberta,2016A000248,Job vacancy rate,Percent,239,units,0,v1481212174,10.3,2.2,B,,,1
2016-10,British Columbia,2016A000259,Job vacancies,Number,223,units,0,v1481212175,11.1,71215,B,,,0
2016-10,British Columbia,2016A000259,Payroll employees,Number,223,units,0,v1481212176,11.2,2065015,A,,,0
2016-10,British Columbia,2016A000259,Job vacancy rate,Percent,239,units,0,v1481212177,11.3,3.3,B,,,1
2016-10,Yukon,2016A000260,Job vacancies,Number,223,units,0,v1481212178,12.1,595,D,,,0
2016-10,Yukon,2016A000260,Payroll employees,Number,223,units,0,v1481212179,12.2,16755,A,,,0
2016-10,Yukon,2016A000260,Job vacancy rate,Percent,239,units,0,v1481212180,12.3,3.4,D,,,1
2016-10,Northwest Territories,2016A000261,Job vacancies,Number,223,units,0,v1481212181,13.1,385,E,,,0
2016-10,Northwest Territories,2016A000261,Payroll employees,Number,223,units,0,v1481212182,13.2,21930,A,,,0
2016-10,Northwest Territories,2016A000261,Job vacancy rate,Percent,239,units,0,v1481212183,13.3,1.7,E,,,1
2016-10,Nunavut,2016A000262,Job vacancies,Number,223,units,0,v1481212184,14.1,365,D,,,0
2016-10,Nunavut,2016A000262,Payroll employees,Number,223,units,0,v1481212185,14.2,10155,A,,,0
2016-10,Nunavut,2016A000262,Job vacancy rate,Percent,239,units,0,v1481212186,14.3,3.4,D,,,1
2016-11,Canada,2016A000011124,Job vacancies,Number,223,units,0,v1481212145,1.1,378000,A,,,0
2016-11,Canada,2016A000011124,Payroll employees,Number,223,units,0,v1481212146,1.2,15343060,A,,,0
2016-11,Canada,2016A000011124,Job vacancy rate,Percent,239,units,0,v1481212147,1.3,2.4,A,,,1
2016-11,Newfoundland and Labrador,2016A000210,Job vacancies,Number,223,units,0,v1481212148,2.1,2280,C,,,0
2016-11,Newfoundland and Labrador,2016A000210,Payroll employees,Number,223,units,0,v1481212149,2.2,202345,A,,,0
2016-11,Newfoundland and Labrador,2016A000210,Job vacancy rate,Percent,239,units,0,v1481212150,2.3,1.1,C,,,1
2016-11,Prince Edward Island,2016A000211,Job vacancies,Number,223,units,0,v1481212151,3.1,1265,D,,,0
2016-11,Prince Edward Island,2016A000211,Payroll employees,Number,223,units,0,v1481212152,3.2,59050,A,,,0
2016-11,Prince Edward Island,2016A000211,Job vacancy rate,Percent,239,units,0,v1481212153,3.3,2.1,D,,,1
2016-11,Nova Scotia,2016A000212,Job vacancies,Number,223,units,0,v1481212154,4.1,8690,C,,,0
2016-11,Nova Scotia,2016A000212,Payroll employees,Number,223,units,0,v1481212155,4.2,400810,A,,,0
2016-11,Nova Scotia,2016A000212,Job vacancy rate,Percent,239,units,0,v1481212156,4.3,2.1,C,,,1
2016-11,New Brunswick,2016A000213,Job vacancies,Number,223,units,0,v1481212157,5.1,5765,B,,,0
2016-11,New Brunswick,2016A000213,Payroll employees,Number,223,units,0,v1481212158,5.2,279335,A,,,0
2016-11,New Brunswick,2016A000213,Job vacancy rate,Percent,239,units,0,v1481212159,5.3,2,B,,,1
2016-11,Quebec,2016A000224,Job vacancies,Number,223,units,0,v1481212160,6.1,60575,A,,,0
2016-11,Quebec,2016A000224,Payroll employees,Number,223,units,0,v1481212161,6.2,3399345,A,,,0
2016-11,Quebec,2016A000224,Job vacancy rate,Percent,239,units,0,v1481212162,6.3,1.8,A,,,1
2016-11,Ontario,2016A000235,Job vacancies,Number,223,units,0,v1481212163,7.1,157735,B,,,0
2016-11,Ontario,2016A000235,Payroll employees,Number,223,units,0,v1481212164,7.2,5951740,A,,,0
2016-11,Ontario,2016A000235,Job vacancy rate,Percent,239,units,0,v1481212165,7.3,2.6,B,,,1
2016-11,Manitoba,2016A000246,Job vacancies,Number,223,units,0,v1481212166,8.1,12630,B,,,0
2016-11,Manitoba,2016A000246,Payroll employees,Number,223,units,0,v1481212167,8.2,584450,A,,,0
2016-11,Manitoba,2016A000246,Job vacancy rate,Percent,239,units,0,v1481212168,8.3,2.1,B,,,1
2016-11,Saskatchewan,2016A000247,Job vacancies,Number,223,units,0,v1481212169,9.1,8155,B,,,0
2016-11,Saskatchewan,2016A000247,Payroll employees,Number,223,units,0,v1481212170,9.2,454025,A,,,0
2016-11,Saskatchewan,2016A000247,Job vacancy rate,Percent,239,units,0,v1481212171,9.3,1.8,B,,,1
2016-11,Alberta,2016A000248,Job vacancies,Number,223,units,0,v1481212172,10.1,40215,B,,,0
2016-11,Alberta,2016A000248,Payroll employees,Number,223,units,0,v1481212173,10.2,1896995,A,,,0
2016-11,Alberta,2016A000248,Job vacancy rate,Percent,239,units,0,v1481212174,10.3,2.1,B,,,1
2016-11,British Columbia,2016A000259,Job vacancies,Number,223,units,0,v1481212175,11.1,78975,B,,,0
2016-11,British Columbia,2016A000259,Payroll employees,Number,223,units,0,v1481212176,11.2,2066430,A,,,0
2016-11,British Columbia,2016A000259,Job vacancy rate,Percent,239,units,0,v1481212177,11.3,3.7,B,,,1
2016-11,Yukon,2016A000260,Job vacancies,Number,223,units,0,v1481212178,12.1,750,E,,,0
2016-11,Yukon,2016A000260,Payroll employees,Number,223,units,0,v1481212179,12.2,16705,A,,,0
2016-11,Yukon,2016A000260,Job vacancy rate,Percent,239,units,0,v1481212180,12.3,4.3,E,,,1
2016-11,Northwest Territories,2016A000261,Job vacancies,Number,223,units,0,v1481212181,13.1,725,D,,,0
2016-11,Northwest Territories,2016A000261,Payroll employees,Number,223,units,0,v1481212182,13.2,21745,A,,,0
2016-11,Northwest Territories,2016A000261,Job vacancy rate,Percent,239,units,0,v1481212183,13.3,3.2,D,,,1
2016-11,Nunavut,2016A000262,Job vacancies,Number,223,units,0,v1481212184,14.1,245,E,,,0
2016-11,Nunavut,2016A000262,Payroll employees,Number,223,units,0,v1481212185,14.2,10080,A,,,0
2016-11,Nunavut,2016A000262,Job vacancy rate,Percent,239,units,0,v1481212186,14.3,2.4,E,,,1
2016-12,Canada,2016A000011124,Job vacancies,Number,223,units,0,v1481212145,1.1,405300,A,,,0
2016-12,Canada,2016A000011124,Payroll employees,Number,223,units,0,v1481212146,1.2,15365130,A,,,0
2016-12,Canada,2016A000011124,Job vacancy rate,Percent,239,units,0,v1481212147,1.3,2.6,A,,,1
2016-12,Newfoundland and Labrador,2016A000210,Job vacancies,Number,223,units,0,v1481212148,2.1,3790,C,,,0
2016-12,Newfoundland and Labrador,2016A000210,Payroll employees,Number,223,units,0,v1481212149,2.2,182520,A,,,0
2016-12,Newfoundland and Labrador,2016A000210,Job vacancy rate,Percent,239,units,0,v1481212150,2.3,2,C,,,1
2016-12,Prince Edward Island,2016A000211,Job vacancies,Number,223,units,0,v1481212151,3.1,985,E,,,0
2016-12,Prince Edward Island,2016A000211,Payroll employees,Number,223,units,0,v1481212152,3.2,59520,A,,,0
2016-12,Prince Edward Island,2016A000211,Job vacancy rate,Percent,239,units,0,v1481212153,3.3,1.6,E,,,1
2016-12,Nova Scotia,2016A000212,Job vacancies,Number,223,units,0,v1481212154,4.1,8265,C,,,0
2016-12,Nova Scotia,2016A000212,Payroll employees,Number,223,units,0,v1481212155,4.2,400840,A,,,0
2016-12,Nova Scotia,2016A000212,Job vacancy rate,Percent,239,units,0,v1481212156,4.3,2,C,,,1
2016-12,New Brunswick,2016A000213,Job vacancies,Number,223,units,0,v1481212157,5.1,6110,C,,,0
2016-12,New Brunswick,2016A000213,Payroll employees,Number,223,units,0,v1481212158,5.2,316850,A,,,0
2016-12,New Brunswick,2016A000213,Job vacancy rate,Percent,239,units,0,v1481212159,5.3,1.9,C,,,1
2016-12,Quebec,2016A000224,Job vacancies,Number,223,units,0,v1481212160,6.1,74120,B,,,0
2016-12,Quebec,2016A000224,Payroll employees,Number,223,units,0,v1481212161,6.2,3379555,A,,,0
2016-12,Quebec,2016A000224,Job vacancy rate,Percent,239,units,0,v1481212162,6.3,2.1,B,,,1
2016-12,Ontario,2016A000235,Job vacancies,Number,223,units,0,v1481212163,7.1,167675,A,,,0
2016-12,Ontario,2016A000235,Payroll employees,Number,223,units,0,v1481212164,7.2,5971690,A,,,0
2016-12,Ontario,2016A000235,Job vacancy rate,Percent,239,units,0,v1481212165,7.3,2.7,A,,,1
2016-12,Manitoba,2016A000246,Job vacancies,Number,223,units,0,v1481212166,8.1,8970,C,,,0
2016-12,Manitoba,2016A000246,Payroll employees,Number,223,units,0,v1481212167,8.2,571850,A,,,0
2016-12,Manitoba,2016A000246,Job vacancy rate,Percent,239,units,0,v1481212168,8.3,1.5,C,,,1
2016-12,Saskatchewan,2016A000247,Job vacancies,Number,223,units,0,v1481212169,9.1,8535,B,,,0
2016-12,Saskatchewan,2016A000247,Payroll employees,Number,223,units,0,v1481212170,9.2,460450,A,,,0
2016-12,Saskatchewan,2016A000247,Job vacancy rate,Percent,239,units,0,v1481212171,9.3,1.8,B,,,1
2016-12,Alberta,2016A000248,Job vacancies,Number,223,units,0,v1481212172,10.1,47630,B,,,0
2016-12,Alberta,2016A000248,Payroll employees,Number,223,units,0,v1481212173,10.2,1899780,A,,,0
2016-12,Alberta,2016A000248,Job vacancy rate,Percent,239,units,0,v1481212174,10.3,2.4,B,,,1
2016-12,British Columbia,2016A000259,Job vacancies,Number,223,units,0,v1481212175,11.1,77860,B,,,0
2016-12,British Columbia,2016A000259,Payroll employees,Number,223,units,0,v1481212176,11.2,2073470,A,,,0
2016-12,British Columbia,2016A000259,Job vacancy rate,Percent,239,units,0,v1481212177,11.3,3.6,B,,,1
2016-12,Yukon,2016A000260,Job vacancies,Number,223,units,0,v1481212178,12.1,480,D,,,0
2016-12,Yukon,2016A000260,Payroll employees,Number,223,units,0,v1481212179,12.2,16795,A,,,0
2016-12,Yukon,2016A000260,Job vacancy rate,Percent,239,units,0,v1481212180,12.3,2.8,D,,,1
2016-12,Northwest Territories,2016A000261,Job vacancies,Number,223,units,0,v1481212181,13.1,685,D,,,0
2016-12,Northwest Territories,2016A000261,Payroll employees,Number,223,units,0,v1481212182,13.2,21665,A,,,0
2016-12,Northwest Territories,2016A000261,Job vacancy rate,Percent,239,units,0,v1481212183,13.3,3.1,D,,,1
2016-12,Nunavut,2016A000262,Job vacancies,Number,223,units,0,v1481212184,14.1,195,E,,,0
2016-12,Nunavut,2016A000262,Payroll employees,Number,223,units,0,v1481212185,14.2,10145,A,,,0
2016-12,Nunavut,2016A000262,Job vacancy rate,Percent,239,units,0,v1481212186,14.3,1.9,E,,,1
2017-01,Canada,2016A000011124,Job vacancies,Number,223,units,0,v1481212145,1.1,403585,A,,,0
2017-01,Canada,2016A000011124,Payroll employees,Number,223,units,0,v1481212146,1.2,15429340,A,,,0
2017-01,Canada,2016A000011124,Job vacancy rate,Percent,239,units,0,v1481212147,1.3,2.5,A,,,1
2017-01,Newfoundland and Labrador,2016A000210,Job vacancies,Number,223,units,0,v1481212148,2.1,4175,C,,,0
2017-01,Newfoundland and Labrador,2016A000210,Payroll employees,Number,223,units,0,v1481212149,2.2,190945,A,,,0
2017-01,Newfoundland and Labrador,2016A000210,Job vacancy rate,Percent,239,units,0,v1481212150,2.3,2.1,C,,,1
2017-01,Prince Edward Island,2016A000211,Job vacancies,Number,223,units,0,v1481212151,3.1,1615,E,,,0
2017-01,Prince Edward Island,2016A000211,Payroll employees,Number,223,units,0,v1481212152,3.2,59715,A,,,0
2017-01,Prince Edward Island,2016A000211,Job vacancy rate,Percent,239,units,0,v1481212153,3.3,2.6,E,,,1
2017-01,Nova Scotia,2016A000212,Job vacancies,Number,223,units,0,v1481212154,4.1,8675,B,,,0
2017-01,Nova Scotia,2016A000212,Payroll employees,Number,223,units,0,v1481212155,4.2,405955,A,,,0
2017-01,Nova Scotia,2016A000212,Job vacancy rate,Percent,239,units,0,v1481212156,4.3,2.1,B,,,1
2017-01,New Brunswick,2016A000213,Job vacancies,Number,223,units,0,v1481212157,5.1,6825,C,,,0
2017-01,New Brunswick,2016A000213,Payroll employees,Number,223,units,0,v1481212158,5.2,288475,B,,,0
2017-01,New Brunswick,2016A000213,Job vacancy rate,Percent,239,units,0,v1481212159,5.3,2.3,C,,,1
2017-01,Quebec,2016A000224,Job vacancies,Number,223,units,0,v1481212160,6.1,68980,B,,,0
2017-01,Quebec,2016A000224,Payroll employees,Number,223,units,0,v1481212161,6.2,3416635,A,,,0
2017-01,Quebec,2016A000224,Job vacancy rate,Percent,239,units,0,v1481212162,6.3,2,B,,,1
2017-01,Ontario,2016A000235,Job vacancies,Number,223,units,0,v1481212163,7.1,173255,A,,,0
2017-01,Ontario,2016A000235,Payroll employees,Number,223,units,0,v1481212164,7.2,5991900,A,,,0
2017-01,Ontario,2016A000235,Job vacancy rate,Percent,239,units,0,v1481212165,7.3,2.8,A,,,1
2017-01,Manitoba,2016A000246,Job vacancies,Number,223,units,0,v1481212166,8.1,11920,B,,,0
2017-01,Manitoba,2016A000246,Payroll employees,Number,223,units,0,v1481212167,8.2,579510,A,,,0
2017-01,Manitoba,2016A000246,Job vacancy rate,Percent,239,units,0,v1481212168,8.3,2,B,,,1
2017-01,Saskatchewan,2016A000247,Job vacancies,Number,223,units,0,v1481212169,9.1,8585,B,,,0
2017-01,Saskatchewan,2016A000247,Payroll employees,Number,223,units,0,v1481212170,9.2,455575,A,,,0
2017-01,Saskatchewan,2016A000247,Job vacancy rate,Percent,239,units,0,v1481212171,9.3,1.8,B,,,1
2017-01,Alberta,2016A000248,Job vacancies,Number,223,units,0,v1481212172,10.1,47130,B,,,0
2017-01,Alberta,2016A000248,Payroll employees,Number,223,units,0,v1481212173,10.2,1913130,A,,,0
2017-01,Alberta,2016A000248,Job vacancy rate,Percent,239,units,0,v1481212174,10.3,2.4,B,,,1
2017-01,British Columbia,2016A000259,Job vacancies,Number,223,units,0,v1481212175,11.1,71005,B,,,0
2017-01,British Columbia,2016A000259,Payroll employees,Number,223,units,0,v1481212176,11.2,2078705,A,,,0
2017-01,British Columbia,2016A000259,Job vacancy rate,Percent,239,units,0,v1481212177,11.3,3.3,B,,,1
2017-01,Yukon,2016A000260,Job vacancies,Number,223,units,0,v1481212178,12.1,460,D,,,0
2017-01,Yukon,2016A000260,Payroll employees,Number,223,units,0,v1481212179,12.2,16495,A,,,0
2017-01,Yukon,2016A000260,Job vacancy rate,Percent,239,units,0,v1481212180,12.3,2.7,D,,,1
2017-01,Northwest Territories,2016A000261,Job vacancies,Number,223,units,0,v1481212181,13.1,,F,,,0
2017-01,Northwest Territories,2016A000261,Payroll employees,Number,223,units,0,v1481212182,13.2,21885,A,,,0
2017-01,Northwest Territories,2016A000261,Job vacancy rate,Percent,239,units,0,v1481212183,13.3,,F,,,1
2017-01,Nunavut,2016A000262,Job vacancies,Number,223,units,0,v1481212184,14.1,270,E,,,0
2017-01,Nunavut,2016A000262,Payroll employees,Number,223,units,0,v1481212185,14.2,10410,A,,,0
2017-01,Nunavut,2016A000262,Job vacancy rate,Percent,239,units,0,v1481212186,14.3,2.5,E,,,1
2017-02,Canada,2016A000011124,Job vacancies,Number,223,units,0,v1481212145,1.1,417475,A,,,0
2017-02,Canada,2016A000011124,Payroll employees,Number,223,units,0,v1481212146,1.2,15418720,A,,,0
2017-02,Canada,2016A000011124,Job vacancy rate,Percent,239,units,0,v1481212147,1.3,2.6,A,,,1
2017-02,Newfoundland and Labrador,2016A000210,Job vacancies,Number,223,units,0,v1481212148,2.1,2940,D,,,0
2017-02,Newfoundland and Labrador,2016A000210,Payroll employees,Number,223,units,0,v1481212149,2.2,197725,A,,,0
2017-02,Newfoundland and Labrador,2016A000210,Job vacancy rate,Percent,239,units,0,v1481212150,2.3,1.5,D,,,1
2017-02,Prince Edward Island,2016A000211,Job vacancies,Number,223,units,0,v1481212151,3.1,1645,E,,,0
2017-02,Prince Edward Island,2016A000211,Payroll employees,Number,223,units,0,v1481212152,3.2,60280,A,,,0
2017-02,Prince Edward Island,2016A000211,Job vacancy rate,Percent,239,units,0,v1481212153,3.3,2.7,E,,,1
2017-02,Nova Scotia,2016A000212,Job vacancies,Number,223,units,0,v1481212154,4.1,7590,C,,,0
2017-02,Nova Scotia,2016A000212,Payroll employees,Number,223,units,0,v1481212155,4.2,394730,A,,,0
2017-02,Nova Scotia,2016A000212,Job vacancy rate,Percent,239,units,0,v1481212156,4.3,1.9,C,,,1
2017-02,New Brunswick,2016A000213,Job vacancies,Number,223,units,0,v1481212157,5.1,6450,C,,,0
2017-02,New Brunswick,2016A000213,Payroll employees,Number,223,units,0,v1481212158,5.2,291885,A,,,0
2017-02,New Brunswick,2016A000213,Job vacancy rate,Percent,239,units,0,v1481212159,5.3,2.2,C,,,1
2017-02,Quebec,2016A000224,Job vacancies,Number,223,units,0,v1481212160,6.1,74450,A,,,0
2017-02,Quebec,2016A000224,Payroll employees,Number,223,units,0,v1481212161,6.2,3405580,A,,,0
2017-02,Quebec,2016A000224,Job vacancy rate,Percent,239,units,0,v1481212162,6.3,2.1,A,,,1
2017-02,Ontario,2016A000235,Job vacancies,Number,223,units,0,v1481212163,7.1,178935,A,,,0
2017-02,Ontario,2016A000235,Payroll employees,Number,223,units,0,v1481212164,7.2,5990780,A,,,0
2017-02,Ontario,2016A000235,Job vacancy rate,Percent,239,units,0,v1481212165,7.3,2.9,A,,,1
2017-02,Manitoba,2016A000246,Job vacancies,Number,223,units,0,v1481212166,8.1,11800,B,,,0
2017-02,Manitoba,2016A000246,Payroll employees,Number,223,units,0,v1481212167,8.2,573515,A,,,0
2017-02,Manitoba,2016A000246,Job vacancy rate,Percent,239,units,0,v1481212168,8.3,2,B,,,1
2017-02,Saskatchewan,2016A000247,Job vacancies,Number,223,units,0,v1481212169,9.1,8930,B,,,0
2017-02,Saskatchewan,2016A000247,Payroll employees,Number,223,units,0,v1481212170,9.2,454085,A,,,0
2017-02,Saskatchewan,2016A000247,Job vacancy rate,Percent,239,units,0,v1481212171,9.3,1.9,B,,,1
2017-02,Alberta,2016A000248,Job vacancies,Number,223,units,0,v1481212172,10.1,49890,B,,,0
2017-02,Alberta,2016A000248,Payroll employees,Number,223,units,0,v1481212173,10.2,1916040,A,,,0
2017-02,Alberta,2016A000248,Job vacancy rate,Percent,239,units,0,v1481212174,10.3,2.5,B,,,1
2017-02,British Columbia,2016A000259,Job vacancies,Number,223,units,0,v1481212175,11.1,73485,A,,,0
2017-02,British Columbia,2016A000259,Payroll employees,Number,223,units,0,v1481212176,11.2,2085030,A,,,0
2017-02,British Columbia,2016A000259,Job vacancy rate,Percent,239,units,0,v1481212177,11.3,3.4,A,,,1
2017-02,Yukon,2016A000260,Job vacancies,Number,223,units,0,v1481212178,12.1,575,E,,,0
2017-02,Yukon,2016A000260,Payroll employees,Number,223,units,0,v1481212179,12.2,16660,A,,,0
2017-02,Yukon,2016A000260,Job vacancy rate,Percent,239,units,0,v1481212180,12.3,3.3,E,,,1
2017-02,Northwest Territories,2016A000261,Job vacancies,Number,223,units,0,v1481212181,13.1,555,E,,,0
2017-02,Northwest Territories,2016A000261,Payroll employees,Number,223,units,0,v1481212182,13.2,21830,A,,,0
2017-02,Northwest Territories,2016A000261,Job vacancy rate,Percent,239,units,0,v1481212183,13.3,2.5,E,,,1
2017-02,Nunavut,2016A000262,Job vacancies,Number,223,units,0,v1481212184,14.1,225,D,,,0
2017-02,Nunavut,2016A000262,Payroll employees,Number,223,units,0,v1481212185,14.2,10575,A,,,0
2017-02,Nunavut,2016A000262,Job vacancy rate,Percent,239,units,0,v1481212186,14.3,2.1,D,,,1
2017-03,Canada,2016A000011124,Job vacancies,Number,223,units,0,v1481212145,1.1,440615,A,,,0
2017-03,Canada,2016A000011124,Payroll employees,Number,223,units,0,v1481212146,1.2,15476385,A,,,0
2017-03,Canada,2016A000011124,Job vacancy rate,Percent,239,units,0,v1481212147,1.3,2.8,A,,,1
2017-03,Newfoundland and Labrador,2016A000210,Job vacancies,Number,223,units,0,v1481212148,2.1,3525,C,,,0
2017-03,Newfoundland and Labrador,2016A000210,Payroll employees,Number,223,units,0,v1481212149,2.2,187150,A,,,0
2017-03,Newfoundland and Labrador,2016A000210,Job vacancy rate,Percent,239,units,0,v1481212150,2.3,1.8,C,,,1
2017-03,Prince Edward Island,2016A000211,Job vacancies,Number,223,units,0,v1481212151,3.1,1225,D,,,0
2017-03,Prince Edward Island,2016A000211,Payroll employees,Number,223,units,0,v1481212152,3.2,60295,A,,,0
2017-03,Prince Edward Island,2016A000211,Job vacancy rate,Percent,239,units,0,v1481212153,3.3,2,D,,,1
2017-03,Nova Scotia,2016A000212,Job vacancies,Number,223,units,0,v1481212154,4.1,9025,C,,,0
2017-03,Nova Scotia,2016A000212,Payroll employees,Number,223,units,0,v1481212155,4.2,411050,A,,,0
2017-03,Nova Scotia,2016A000212,Job vacancy rate,Percent,239,units,0,v1481212156,4.3,2.1,C,,,1
2017-03,New Brunswick,2016A000213,Job vacancies,Number,223,units,0,v1481212157,5.1,6565,B,,,0
2017-03,New Brunswick,2016A000213,Payroll employees,Number,223,units,0,v1481212158,5.2,299320,A,,,0
2017-03,New Brunswick,2016A000213,Job vacancy rate,Percent,239,units,0,v1481212159,5.3,2.1,B,,,1
2017-03,Quebec,2016A000224,Job vacancies,Number,223,units,0,v1481212160,6.1,74710,A,,,0
2017-03,Quebec,2016A000224,Payroll employees,Number,223,units,0,v1481212161,6.2,3407825,A,,,0
2017-03,Quebec,2016A000224,Job vacancy rate,Percent,239,units,0,v1481212162,6.3,2.1,A,,,1
2017-03,Ontario,2016A000235,Job vacancies,Number,223,units,0,v1481212163,7.1,193395,B,,,0
2017-03,Ontario,2016A000235,Payroll employees,Number,223,units,0,v1481212164,7.2,6011245,A,,,0
2017-03,Ontario,2016A000235,Job vacancy rate,Percent,239,units,0,v1481212165,7.3,3.1,B,,,1
2017-03,Manitoba,2016A000246,Job vacancies,Number,223,units,0,v1481212166,8.1,11990,B,,,0
2017-03,Manitoba,2016A000246,Payroll employees,Number,223,units,0,v1481212167,8.2,574685,A,,,0
2017-03,Manitoba,2016A000246,Job vacancy rate,Percent,239,units,0,v1481212168,8.3,2,B,,,1
2017-03,Saskatchewan,2016A000247,Job vacancies,Number,223,units,0,v1481212169,9.1,9635,B,,,0
2017-03,Saskatchewan,2016A000247,Payroll employees,Number,223,units,0,v1481212170,9.2,456290,A,,,0
2017-03,Saskatchewan,2016A000247,Job vacancy rate,Percent,239,units,0,v1481212171,9.3,2.1,B,,,1
2017-03,Alberta,2016A000248,Job vacancies,Number,223,units,0,v1481212172,10.1,48480,A,,,0
2017-03,Alberta,2016A000248,Payroll employees,Number,223,units,0,v1481212173,10.2,1927070,A,,,0
2017-03,Alberta,2016A000248,Job vacancy rate,Percent,239,units,0,v1481212174,10.3,2.5,A,,,1
2017-03,British Columbia,2016A000259,Job vacancies,Number,223,units,0,v1481212175,11.1,80635,B,,,0
2017-03,British Columbia,2016A000259,Payroll employees,Number,223,units,0,v1481212176,11.2,2092270,A,,,0
2017-03,British Columbia,2016A000259,Job vacancy rate,Percent,239,units,0,v1481212177,11.3,3.7,B,,,1
2017-03,Yukon,2016A000260,Job vacancies,Number,223,units,0,v1481212178,12.1,475,E,,,0
2017-03,Yukon,2016A000260,Payroll employees,Number,223,units,0,v1481212179,12.2,16615,A,,,0
2017-03,Yukon,2016A000260,Job vacancy rate,Percent,239,units,0,v1481212180,12.3,2.8,E,,,1
2017-03,Northwest Territories,2016A000261,Job vacancies,Number,223,units,0,v1481212181,13.1,555,E,,,0
2017-03,Northwest Territories,2016A000261,Payroll employees,Number,223,units,0,v1481212182,13.2,21860,A,,,0
2017-03,Northwest Territories,2016A000261,Job vacancy rate,Percent,239,units,0,v1481212183,13.3,2.5,D,,,1
2017-03,Nunavut,2016A000262,Job vacancies,Number,223,units,0,v1481212184,14.1,,F,,,0
2017-03,Nunavut,2016A000262,Payroll employees,Number,223,units,0,v1481212185,14.2,10710,A,,,0
2017-03,Nunavut,2016A000262,Job vacancy rate,Percent,239,units,0,v1481212186,14.3,,F,,,1
2017-04,Canada,2016A000011124,Job vacancies,Number,223,units,0,v1481212145,1.1,424100,A,,,0
2017-04,Canada,2016A000011124,Payroll employees,Number,223,units,0,v1481212146,1.2,15480975,A,,,0
2017-04,Canada,2016A000011124,Job vacancy rate,Percent,239,units,0,v1481212147,1.3,2.7,A,,,1
2017-04,Newfoundland and Labrador,2016A000210,Job vacancies,Number,223,units,0,v1481212148,2.1,4480,C,,,0
2017-04,Newfoundland and Labrador,2016A000210,Payroll employees,Number,223,units,0,v1481212149,2.2,192245,A,,,0
2017-04,Newfoundland and Labrador,2016A000210,Job vacancy rate,Percent,239,units,0,v1481212150,2.3,2.3,C,,,1
2017-04,Prince Edward Island,2016A000211,Job vacancies,Number,223,units,0,v1481212151,3.1,1775,E,,,0
2017-04,Prince Edward Island,2016A000211,Payroll employees,Number,223,units,0,v1481212152,3.2,60705,A,,,0
2017-04,Prince Edward Island,2016A000211,Job vacancy rate,Percent,239,units,0,v1481212153,3.3,2.8,E,,,1
2017-04,Nova Scotia,2016A000212,Job vacancies,Number,223,units,0,v1481212154,4.1,9615,B,,,0
2017-04,Nova Scotia,2016A000212,Payroll employees,Number,223,units,0,v1481212155,4.2,406780,A,,,0
2017-04,Nova Scotia,2016A000212,Job vacancy rate,Percent,239,units,0,v1481212156,4.3,2.3,C,,,1
2017-04,New Brunswick,2016A000213,Job vacancies,Number,223,units,0,v1481212157,5.1,8800,B,,,0
2017-04,New Brunswick,2016A000213,Payroll employees,Number,223,units,0,v1481212158,5.2,285300,A,,,0
2017-04,New Brunswick,2016A000213,Job vacancy rate,Percent,239,units,0,v1481212159,5.3,3,B,,,1
2017-04,Quebec,2016A000224,Job vacancies,Number,223,units,0,v1481212160,6.1,73555,A,,,0
2017-04,Quebec,2016A000224,Payroll employees,Number,223,units,0,v1481212161,6.2,3421855,A,,,0
2017-04,Quebec,2016A000224,Job vacancy rate,Percent,239,units,0,v1481212162,6.3,2.1,A,,,1
2017-04,Ontario,2016A000235,Job vacancies,Number,223,units,0,v1481212163,7.1,173905,A,,,0
2017-04,Ontario,2016A000235,Payroll employees,Number,223,units,0,v1481212164,7.2,6020225,A,,,0
2017-04,Ontario,2016A000235,Job vacancy rate,Percent,239,units,0,v1481212165,7.3,2.8,A,,,1
2017-04,Manitoba,2016A000246,Job vacancies,Number,223,units,0,v1481212166,8.1,12990,B,,,0
2017-04,Manitoba,2016A000246,Payroll employees,Number,223,units,0,v1481212167,8.2,585435,A,,,0
2017-04,Manitoba,2016A000246,Job vacancy rate,Percent,239,units,0,v1481212168,8.3,2.2,B,,,1
2017-04,Saskatchewan,2016A000247,Job vacancies,Number,223,units,0,v1481212169,9.1,10475,D,,,0
2017-04,Saskatchewan,2016A000247,Payroll employees,Number,223,units,0,v1481212170,9.2,456190,A,,,0
2017-04,Saskatchewan,2016A000247,Job vacancy rate,Percent,239,units,0,v1481212171,9.3,2.2,D,,,1
2017-04,Alberta,2016A000248,Job vacancies,Number,223,units,0,v1481212172,10.1,42420,B,,,0
2017-04,Alberta,2016A000248,Payroll employees,Number,223,units,0,v1481212173,10.2,1910200,A,,,0
2017-04,Alberta,2016A000248,Job vacancy rate,Percent,239,units,0,v1481212174,10.3,2.2,B,,,1
2017-04,British Columbia,2016A000259,Job vacancies,Number,223,units,0,v1481212175,11.1,84270,A,,,0
2017-04,British Columbia,2016A000259,Payroll employees,Number,223,units,0,v1481212176,11.2,2092510,A,,,0
2017-04,British Columbia,2016A000259,Job vacancy rate,Percent,239,units,0,v1481212177,11.3,3.9,A,,,1
2017-04,Yukon,2016A000260,Job vacancies,Number,223,units,0,v1481212178,12.1,625,D,,,0
2017-04,Yukon,2016A000260,Payroll employees,Number,223,units,0,v1481212179,12.2,16625,A,,,0
2017-04,Yukon,2016A000260,Job vacancy rate,Percent,239,units,0,v1481212180,12.3,3.6,D,,,1
2017-04,Northwest Territories,2016A000261,Job vacancies,Number,223,units,0,v1481212181,13.1,825,D,,,0
2017-04,Northwest Territories,2016A000261,Payroll employees,Number,223,units,0,v1481212182,13.2,21840,A,,,0
2017-04,Northwest Territories,2016A000261,Job vacancy rate,Percent,239,units,0,v1481212183,13.3,3.6,D,,,1
2017-04,Nunavut,2016A000262,Job vacancies,Number,223,units,0,v1481212184,14.1,355,D,,,0
2017-04,Nunavut,2016A000262,Payroll employees,Number,223,units,0,v1481212185,14.2,11065,A,,,0
2017-04,Nunavut,2016A000262,Job vacancy rate,Percent,239,units,0,v1481212186,14.3,3.1,D,,,1
2017-05,Canada,2016A000011124,Job vacancies,Number,223,units,0,v1481212145,1.1,428365,A,,,0
2017-05,Canada,2016A000011124,Payroll employees,Number,223,units,0,v1481212146,1.2,15486580,A,,,0
2017-05,Canada,2016A000011124,Job vacancy rate,Percent,239,units,0,v1481212147,1.3,2.7,A,,,1
2017-05,Newfoundland and Labrador,2016A000210,Job vacancies,Number,223,units,0,v1481212148,2.1,2475,C,,,0
2017-05,Newfoundland and Labrador,2016A000210,Payroll employees,Number,223,units,0,v1481212149,2.2,189930,A,,,0
2017-05,Newfoundland and Labrador,2016A000210,Job vacancy rate,Percent,239,units,0,v1481212150,2.3,1.3,C,,,1
2017-05,Prince Edward Island,2016A000211,Job vacancies,Number,223,units,0,v1481212151,3.1,1150,E,,,0
2017-05,Prince Edward Island,2016A000211,Payroll employees,Number,223,units,0,v1481212152,3.2,61100,A,,,0
2017-05,Prince Edward Island,2016A000211,Job vacancy rate,Percent,239,units,0,v1481212153,3.3,1.9,E,,,1
2017-05,Nova Scotia,2016A000212,Job vacancies,Number,223,units,0,v1481212154,4.1,8870,B,,,0
2017-05,Nova Scotia,2016A000212,Payroll employees,Number,223,units,0,v1481212155,4.2,398935,A,,,0
2017-05,Nova Scotia,2016A000212,Job vacancy rate,Percent,239,units,0,v1481212156,4.3,2.2,B,,,1
2017-05,New Brunswick,2016A000213,Job vacancies,Number,223,units,0,v1481212157,5.1,6035,B,,,0
2017-05,New Brunswick,2016A000213,Payroll employees,Number,223,units,0,v1481212158,5.2,300715,B,,,0
2017-05,New Brunswick,2016A000213,Job vacancy rate,Percent,239,units,0,v1481212159,5.3,2,B,,,1
2017-05,Quebec,2016A000224,Job vacancies,Number,223,units,0,v1481212160,6.1,75440,A,,,0
2017-05,Quebec,2016A000224,Payroll employees,Number,223,units,0,v1481212161,6.2,3418870,A,,,0
2017-05,Quebec,2016A000224,Job vacancy rate,Percent,239,units,0,v1481212162,6.3,2.2,A,,,1
2017-05,Ontario,2016A000235,Job vacancies,Number,223,units,0,v1481212163,7.1,178930,A,,,0
2017-05,Ontario,2016A000235,Payroll employees,Number,223,units,0,v1481212164,7.2,6022590,A,,,0
2017-05,Ontario,2016A000235,Job vacancy rate,Percent,239,units,0,v1481212165,7.3,2.9,A,,,1
2017-05,Manitoba,2016A000246,Job vacancies,Number,223,units,0,v1481212166,8.1,12185,B,,,0
2017-05,Manitoba,2016A000246,Payroll employees,Number,223,units,0,v1481212167,8.2,571690,A,,,0
2017-05,Manitoba,2016A000246,Job vacancy rate,Percent,239,units,0,v1481212168,8.3,2.1,B,,,1
2017-05,Saskatchewan,2016A000247,Job vacancies,Number,223,units,0,v1481212169,9.1,8535,B,,,0
2017-05,Saskatchewan,2016A000247,Payroll employees,Number,223,units,0,v1481212170,9.2,452370,A,,,0
2017-05,Saskatchewan,2016A000247,Job vacancy rate,Percent,239,units,0,v1481212171,9.3,1.9,B,,,1
2017-05,Alberta,2016A000248,Job vacancies,Number,223,units,0,v1481212172,10.1,51220,B,,,0
2017-05,Alberta,2016A000248,Payroll employees,Number,223,units,0,v1481212173,10.2,1925150,A,,,0
2017-05,Alberta,2016A000248,Job vacancy rate,Percent,239,units,0,v1481212174,10.3,2.6,B,,,1
2017-05,British Columbia,2016A000259,Job vacancies,Number,223,units,0,v1481212175,11.1,82025,A,,,0
2017-05,British Columbia,2016A000259,Payroll employees,Number,223,units,0,v1481212176,11.2,2095595,A,,,0
2017-05,British Columbia,2016A000259,Job vacancy rate,Percent,239,units,0,v1481212177,11.3,3.8,A,,,1
2017-05,Yukon,2016A000260,Job vacancies,Number,223,units,0,v1481212178,12.1,595,D,,,0
2017-05,Yukon,2016A000260,Payroll employees,Number,223,units,0,v1481212179,12.2,16580,A,,,0
2017-05,Yukon,2016A000260,Job vacancy rate,Percent,239,units,0,v1481212180,12.3,3.5,D,,,1
2017-05,Northwest Territories,2016A000261,Job vacancies,Number,223,units,0,v1481212181,13.1,610,E,,,0
2017-05,Northwest Territories,2016A000261,Payroll employees,Number,223,units,0,v1481212182,13.2,22090,A,,,0
2017-05,Northwest Territories,2016A000261,Job vacancy rate,Percent,239,units,0,v1481212183,13.3,2.7,E,,,1
2017-05,Nunavut,2016A000262,Job vacancies,Number,223,units,0,v1481212184,14.1,290,D,,,0
2017-05,Nunavut,2016A000262,Payroll employees,Number,223,units,0,v1481212185,14.2,10960,A,,,0
2017-05,Nunavut,2016A000262,Job vacancy rate,Percent,239,units,0,v1481212186,14.3,2.6,D,,,1
2017-06,Canada,2016A000011124,Job vacancies,Number,223,units,0,v1481212145,1.1,424240,A,,,0
2017-06,Canada,2016A000011124,Payroll employees,Number,223,units,0,v1481212146,1.2,15519345,A,,,0
2017-06,Canada,2016A000011124,Job vacancy rate,Percent,239,units,0,v1481212147,1.3,2.7,A,,,1
2017-06,Newfoundland and Labrador,2016A000210,Job vacancies,Number,223,units,0,v1481212148,2.1,3025,C,,,0
2017-06,Newfoundland and Labrador,2016A000210,Payroll employees,Number,223,units,0,v1481212149,2.2,186525,A,,,0
2017-06,Newfoundland and Labrador,2016A000210,Job vacancy rate,Percent,239,units,0,v1481212150,2.3,1.6,C,,,1
2017-06,Prince Edward Island,2016A000211,Job vacancies,Number,223,units,0,v1481212151,3.1,1550,E,,,0
2017-06,Prince Edward Island,2016A000211,Payroll employees,Number,223,units,0,v1481212152,3.2,61930,A,,,0
2017-06,Prince Edward Island,2016A000211,Job vacancy rate,Percent,239,units,0,v1481212153,3.3,2.4,E,,,1
2017-06,Nova Scotia,2016A000212,Job vacancies,Number,223,units,0,v1481212154,4.1,8235,C,,,0
2017-06,Nova Scotia,2016A000212,Payroll employees,Number,223,units,0,v1481212155,4.2,409645,A,,,0
2017-06,Nova Scotia,2016A000212,Job vacancy rate,Percent,239,units,0,v1481212156,4.3,2,C,,,1
2017-06,New Brunswick,2016A000213,Job vacancies,Number,223,units,0,v1481212157,5.1,6530,B,,,0
2017-06,New Brunswick,2016A000213,Payroll employees,Number,223,units,0,v1481212158,5.2,295335,A,,,0
2017-06,New Brunswick,2016A000213,Job vacancy rate,Percent,239,units,0,v1481212159,5.3,2.2,B,,,1
2017-06,Quebec,2016A000224,Job vacancies,Number,223,units,0,v1481212160,6.1,78305,A,,,0
2017-06,Quebec,2016A000224,Payroll employees,Number,223,units,0,v1481212161,6.2,3437680,A,,,0
2017-06,Quebec,2016A000224,Job vacancy rate,Percent,239,units,0,v1481212162,6.3,2.2,A,,,1
2017-06,Ontario,2016A000235,Job vacancies,Number,223,units,0,v1481212163,7.1,175745,A,,,0
2017-06,Ontario,2016A000235,Payroll employees,Number,223,units,0,v1481212164,7.2,6034240,A,,,0
2017-06,Ontario,2016A000235,Job vacancy rate,Percent,239,units,0,v1481212165,7.3,2.8,A,,,1
2017-06,Manitoba,2016A000246,Job vacancies,Number,223,units,0,v1481212166,8.1,13455,B,,,0
2017-06,Manitoba,2016A000246,Payroll employees,Number,223,units,0,v1481212167,8.2,575315,A,,,0
2017-06,Manitoba,2016A000246,Job vacancy rate,Percent,239,units,0,v1481212168,8.3,2.3,B,,,1
2017-06,Saskatchewan,2016A000247,Job vacancies,Number,223,units,0,v1481212169,9.1,10220,B,,,0
2017-06,Saskatchewan,2016A000247,Payroll employees,Number,223,units,0,v1481212170,9.2,455080,A,,,0
2017-06,Saskatchewan,2016A000247,Job vacancy rate,Percent,239,units,0,v1481212171,9.3,2.2,B,,,1
2017-06,Alberta,2016A000248,Job vacancies,Number,223,units,0,v1481212172,10.1,48900,B,,,0
2017-06,Alberta,2016A000248,Payroll employees,Number,223,units,0,v1481212173,10.2,1911330,A,,,0
2017-06,Alberta,2016A000248,Job vacancy rate,Percent,239,units,0,v1481212174,10.3,2.5,B,,,1
2017-06,British Columbia,2016A000259,Job vacancies,Number,223,units,0,v1481212175,11.1,77020,A,,,0
2017-06,British Columbia,2016A000259,Payroll employees,Number,223,units,0,v1481212176,11.2,2102475,A,,,0
2017-06,British Columbia,2016A000259,Job vacancy rate,Percent,239,units,0,v1481212177,11.3,3.5,A,,,1
2017-06,Yukon,2016A000260,Job vacancies,Number,223,units,0,v1481212178,12.1,530,D,,,0
2017-06,Yukon,2016A000260,Payroll employees,Number,223,units,0,v1481212179,12.2,16710,A,,,0
2017-06,Yukon,2016A000260,Job vacancy rate,Percent,239,units,0,v1481212180,12.3,3.1,D,,,1
2017-06,Northwest Territories,2016A000261,Job vacancies,Number,223,units,0,v1481212181,13.1,550,D,,,0
2017-06,Northwest Territories,2016A000261,Payroll employees,Number,223,units,0,v1481212182,13.2,22190,A,,,0
2017-06,Northwest Territories,2016A000261,Job vacancy rate,Percent,239,units,0,v1481212183,13.3,2.4,D,,,1
2017-06,Nunavut,2016A000262,Job vacancies,Number,223,units,0,v1481212184,14.1,175,E,,,0
2017-06,Nunavut,2016A000262,Payroll employees,Number,223,units,0,v1481212185,14.2,10890,A,,,0
2017-06,Nunavut,2016A000262,Job vacancy rate,Percent,239,units,0,v1481212186,14.3,1.6,E,,,1
2017-07,Canada,2016A000011124,Job vacancies,Number,223,units,0,v1481212145,1.1,432815,A,,,0
2017-07,Canada,2016A000011124,Payroll employees,Number,223,units,0,v1481212146,1.2,15605470,A,,,0
2017-07,Canada,2016A000011124,Job vacancy rate,Percent,239,units,0,v1481212147,1.3,2.7,A,,,1
2017-07,Newfoundland and Labrador,2016A000210,Job vacancies,Number,223,units,0,v1481212148,2.1,3080,C,,,0
2017-07,Newfoundland and Labrador,2016A000210,Payroll employees,Number,223,units,0,v1481212149,2.2,184235,A,,,0
2017-07,Newfoundland and Labrador,2016A000210,Job vacancy rate,Percent,239,units,0,v1481212150,2.3,1.6,C,,,1
2017-07,Prince Edward Island,2016A000211,Job vacancies,Number,223,units,0,v1481212151,3.1,1455,D,,,0
2017-07,Prince Edward Island,2016A000211,Payroll employees,Number,223,units,0,v1481212152,3.2,62460,A,,,0
2017-07,Prince Edward Island,2016A000211,Job vacancy rate,Percent,239,units,0,v1481212153,3.3,2.3,D,,,1
2017-07,Nova Scotia,2016A000212,Job vacancies,Number,223,units,0,v1481212154,4.1,8345,B,,,0
2017-07,Nova Scotia,2016A000212,Payroll employees,Number,223,units,0,v1481212155,4.2,409035,A,,,0
2017-07,Nova Scotia,2016A000212,Job vacancy rate,Percent,239,units,0,v1481212156,4.3,2,C,,,1
2017-07,New Brunswick,2016A000213,Job vacancies,Number,223,units,0,v1481212157,5.1,6445,C,,,0
2017-07,New Brunswick,2016A000213,Payroll employees,Number,223,units,0,v1481212158,5.2,301685,A,,,0
2017-07,New Brunswick,2016A000213,Job vacancy rate,Percent,239,units,0,v1481212159,5.3,2.1,C,,,1
2017-07,Quebec,2016A000224,Job vacancies,Number,223,units,0,v1481212160,6.1,76260,A,,,0
2017-07,Quebec,2016A000224,Payroll employees,Number,223,units,0,v1481212161,6.2,3438445,A,,,0
2017-07,Quebec,2016A000224,Job vacancy rate,Percent,239,units,0,v1481212162,6.3,2.2,A,,,1
2017-07,Ontario,2016A000235,Job vacancies,Number,223,units,0,v1481212163,7.1,181370,A,,,0
2017-07,Ontario,2016A000235,Payroll employees,Number,223,units,0,v1481212164,7.2,6064460,A,,,0
2017-07,Ontario,2016A000235,Job vacancy rate,Percent,239,units,0,v1481212165,7.3,2.9,A,,,1
2017-07,Manitoba,2016A000246,Job vacancies,Number,223,units,0,v1481212166,8.1,12780,B,,,0
2017-07,Manitoba,2016A000246,Payroll employees,Number,223,units,0,v1481212167,8.2,585665,A,,,0
2017-07,Manitoba,2016A000246,Job vacancy rate,Percent,239,units,0,v1481212168,8.3,2.1,B,,,1
2017-07,Saskatchewan,2016A000247,Job vacancies,Number,223,units,0,v1481212169,9.1,9525,C,,,0
2017-07,Saskatchewan,2016A000247,Payroll employees,Number,223,units,0,v1481212170,9.2,456785,A,,,0
2017-07,Saskatchewan,2016A000247,Job vacancy rate,Percent,239,units,0,v1481212171,9.3,2,C,,,1
2017-07,Alberta,2016A000248,Job vacancies,Number,223,units,0,v1481212172,10.1,48490,A,,,0
2017-07,Alberta,2016A000248,Payroll employees,Number,223,units,0,v1481212173,10.2,1934595,A,,,0
2017-07,Alberta,2016A000248,Job vacancy rate,Percent,239,units,0,v1481212174,10.3,2.4,A,,,1
2017-07,British Columbia,2016A000259,Job vacancies,Number,223,units,0,v1481212175,11.1,83495,A,,,0
2017-07,British Columbia,2016A000259,Payroll employees,Number,223,units,0,v1481212176,11.2,2117640,A,,,0
2017-07,British Columbia,2016A000259,Job vacancy rate,Percent,239,units,0,v1481212177,11.3,3.8,A,,,1
2017-07,Yukon,2016A000260,Job vacancies,Number,223,units,0,v1481212178,12.1,520,E,,,0
2017-07,Yukon,2016A000260,Payroll employees,Number,223,units,0,v1481212179,12.2,17195,A,,,0
2017-07,Yukon,2016A000260,Job vacancy rate,Percent,239,units,0,v1481212180,12.3,2.9,D,,,1
2017-07,Northwest Territories,2016A000261,Job vacancies,Number,223,units,0,v1481212181,13.1,760,D,,,0
2017-07,Northwest Territories,2016A000261,Payroll employees,Number,223,units,0,v1481212182,13.2,22410,A,,,0
2017-07,Northwest Territories,2016A000261,Job vacancy rate,Percent,239,units,0,v1481212183,13.3,3.3,D,,,1
2017-07,Nunavut,2016A000262,Job vacancies,Number,223,units,0,v1481212184,14.1,290,D,,,0
2017-07,Nunavut,2016A000262,Payroll employees,Number,223,units,0,v1481212185,14.2,10865,A,,,0
2017-07,Nunavut,2016A000262,Job vacancy rate,Percent,239,units,0,v1481212186,14.3,2.6,D,,,1
2017-08,Canada,2016A000011124,Job vacancies,Number,223,units,0,v1481212145,1.1,435465,A,,,0
2017-08,Canada,2016A000011124,Payroll employees,Number,223,units,0,v1481212146,1.2,15606890,A,,,0
2017-08,Canada,2016A000011124,Job vacancy rate,Percent,239,units,0,v1481212147,1.3,2.7,A,,,1
2017-08,Newfoundland and Labrador,2016A000210,Job vacancies,Number,223,units,0,v1481212148,2.1,2530,C,,,0
2017-08,Newfoundland and Labrador,2016A000210,Payroll employees,Number,223,units,0,v1481212149,2.2,180510,A,,,0
2017-08,Newfoundland and Labrador,2016A000210,Job vacancy rate,Percent,239,units,0,v1481212150,2.3,1.4,C,,,1
2017-08,Prince Edward Island,2016A000211,Job vacancies,Number,223,units,0,v1481212151,3.1,1705,D,,,0
2017-08,Prince Edward Island,2016A000211,Payroll employees,Number,223,units,0,v1481212152,3.2,61885,A,,,0
2017-08,Prince Edward Island,2016A000211,Job vacancy rate,Percent,239,units,0,v1481212153,3.3,2.7,D,,,1
2017-08,Nova Scotia,2016A000212,Job vacancies,Number,223,units,0,v1481212154,4.1,13185,B,,,0
2017-08,Nova Scotia,2016A000212,Payroll employees,Number,223,units,0,v1481212155,4.2,414775,A,,,0
2017-08,Nova Scotia,2016A000212,Job vacancy rate,Percent,239,units,0,v1481212156,4.3,3.1,B,,,1
2017-08,New Brunswick,2016A000213,Job vacancies,Number,223,units,0,v1481212157,5.1,7230,B,,,0
2017-08,New Brunswick,2016A000213,Payroll employees,Number,223,units,0,v1481212158,5.2,291605,A,,,0
2017-08,New Brunswick,2016A000213,Job vacancy rate,Percent,239,units,0,v1481212159,5.3,2.4,C,,,1
2017-08,Quebec,2016A000224,Job vacancies,Number,223,units,0,v1481212160,6.1,85870,A,,,0
2017-08,Quebec,2016A000224,Payroll employees,Number,223,units,0,v1481212161,6.2,3453460,A,,,0
2017-08,Quebec,2016A000224,Job vacancy rate,Percent,239,units,0,v1481212162,6.3,2.4,A,,,1
2017-08,Ontario,2016A000235,Job vacancies,Number,223,units,0,v1481212163,7.1,169755,A,,,0
2017-08,Ontario,2016A000235,Payroll employees,Number,223,units,0,v1481212164,7.2,6058680,A,,,0
2017-08,Ontario,2016A000235,Job vacancy rate,Percent,239,units,0,v1481212165,7.3,2.7,A,,,1
2017-08,Manitoba,2016A000246,Job vacancies,Number,223,units,0,v1481212166,8.1,11840,B,,,0
2017-08,Manitoba,2016A000246,Payroll employees,Number,223,units,0,v1481212167,8.2,580865,A,,,0
2017-08,Manitoba,2016A000246,Job vacancy rate,Percent,239,units,0,v1481212168,8.3,2,B,,,1
2017-08,Saskatchewan,2016A000247,Job vacancies,Number,223,units,0,v1481212169,9.1,9075,B,,,0
2017-08,Saskatchewan,2016A000247,Payroll employees,Number,223,units,0,v1481212170,9.2,452115,A,,,0
2017-08,Saskatchewan,2016A000247,Job vacancy rate,Percent,239,units,0,v1481212171,9.3,2,B,,,1
2017-08,Alberta,2016A000248,Job vacancies,Number,223,units,0,v1481212172,10.1,51375,A,,,0
2017-08,Alberta,2016A000248,Payroll employees,Number,223,units,0,v1481212173,10.2,1946270,A,,,0
2017-08,Alberta,2016A000248,Job vacancy rate,Percent,239,units,0,v1481212174,10.3,2.6,A,,,1
2017-08,British Columbia,2016A000259,Job vacancies,Number,223,units,0,v1481212175,11.1,81340,A,,,0
2017-08,British Columbia,2016A000259,Payroll employees,Number,223,units,0,v1481212176,11.2,2116930,A,,,0
2017-08,British Columbia,2016A000259,Job vacancy rate,Percent,239,units,0,v1481212177,11.3,3.7,A,,,1
2017-08,Yukon,2016A000260,Job vacancies,Number,223,units,0,v1481212178,12.1,675,E,,,0
2017-08,Yukon,2016A000260,Payroll employees,Number,223,units,0,v1481212179,12.2,16900,A,,,0
2017-08,Yukon,2016A000260,Job vacancy rate,Percent,239,units,0,v1481212180,12.3,3.8,D,,,1
2017-08,Northwest Territories,2016A000261,Job vacancies,Number,223,units,0,v1481212181,13.1,480,D,,,0
2017-08,Northwest Territories,2016A000261,Payroll employees,Number,223,units,0,v1481212182,13.2,22295,A,,,0
2017-08,Northwest Territories,2016A000261,Job vacancy rate,Percent,239,units,0,v1481212183,13.3,2.1,D,,,1
2017-08,Nunavut,2016A000262,Job vacancies,Number,223,units,0,v1481212184,14.1,400,D,,,0
2017-08,Nunavut,2016A000262,Payroll employees,Number,223,units,0,v1481212185,14.2,10595,A,,,0
2017-08,Nunavut,2016A000262,Job vacancy rate,Percent,239,units,0,v1481212186,14.3,3.6,D,,,1
2017-09,Canada,2016A000011124,Job vacancies,Number,223,units,0,v1481212145,1.1,463465,A,,,0
2017-09,Canada,2016A000011124,Payroll employees,Number,223,units,0,v1481212146,1.2,15670245,A,,,0
2017-09,Canada,2016A000011124,Job vacancy rate,Percent,239,units,0,v1481212147,1.3,2.9,A,,,1
2017-09,Newfoundland and Labrador,2016A000210,Job vacancies,Number,223,units,0,v1481212148,2.1,3500,C,,,0
2017-09,Newfoundland and Labrador,2016A000210,Payroll employees,Number,223,units,0,v1481212149,2.2,188870,A,,,0
2017-09,Newfoundland and Labrador,2016A000210,Job vacancy rate,Percent,239,units,0,v1481212150,2.3,1.8,B,,,1
2017-09,Prince Edward Island,2016A000211,Job vacancies,Number,223,units,0,v1481212151,3.1,1875,D,,,0
2017-09,Prince Edward Island,2016A000211,Payroll employees,Number,223,units,0,v1481212152,3.2,61990,A,,,0
2017-09,Prince Edward Island,2016A000211,Job vacancy rate,Percent,239,units,0,v1481212153,3.3,2.9,D,,,1
2017-09,Nova Scotia,2016A000212,Job vacancies,Number,223,units,0,v1481212154,4.1,6765,B,,,0
2017-09,Nova Scotia,2016A000212,Payroll employees,Number,223,units,0,v1481212155,4.2,414245,A,,,0
2017-09,Nova Scotia,2016A000212,Job vacancy rate,Percent,239,units,0,v1481212156,4.3,1.6,B,,,1
2017-09,New Brunswick,2016A000213,Job vacancies,Number,223,units,0,v1481212157,5.1,6770,B,,,0
2017-09,New Brunswick,2016A000213,Payroll employees,Number,223,units,0,v1481212158,5.2,303945,A,,,0
2017-09,New Brunswick,2016A000213,Job vacancy rate,Percent,239,units,0,v1481212159,5.3,2.2,B,,,1
2017-09,Quebec,2016A000224,Job vacancies,Number,223,units,0,v1481212160,6.1,88005,A,,,0
2017-09,Quebec,2016A000224,Payroll employees,Number,223,units,0,v1481212161,6.2,3480285,A,,,0
2017-09,Quebec,2016A000224,Job vacancy rate,Percent,239,units,0,v1481212162,6.3,2.5,A,,,1
2017-09,Ontario,2016A000235,Job vacancies,Number,223,units,0,v1481212163,7.1,185725,A,,,0
2017-09,Ontario,2016A000235,Payroll employees,Number,223,units,0,v1481212164,7.2,6075230,A,,,0
2017-09,Ontario,2016A000235,Job vacancy rate,Percent,239,units,0,v1481212165,7.3,3,A,,,1
2017-09,Manitoba,2016A000246,Job vacancies,Number,223,units,0,v1481212166,8.1,14610,B,,,0
2017-09,Manitoba,2016A000246,Payroll employees,Number,223,units,0,v1481212167,8.2,581295,A,,,0
2017-09,Manitoba,2016A000246,Job vacancy rate,Percent,239,units,0,v1481212168,8.3,2.5,B,,,1
2017-09,Saskatchewan,2016A000247,Job vacancies,Number,223,units,0,v1481212169,9.1,9610,B,,,0
2017-09,Saskatchewan,2016A000247,Payroll employees,Number,223,units,0,v1481212170,9.2,456895,A,,,0
2017-09,Saskatchewan,2016A000247,Job vacancy rate,Percent,239,units,0,v1481212171,9.3,2.1,B,,,1
2017-09,Alberta,2016A000248,Job vacancies,Number,223,units,0,v1481212172,10.1,51655,A,,,0
2017-09,Alberta,2016A000248,Payroll employees,Number,223,units,0,v1481212173,10.2,1925280,A,,,0
2017-09,Alberta,2016A000248,Job vacancy rate,Percent,239,units,0,v1481212174,10.3,2.6,A,,,1
2017-09,British Columbia,2016A000259,Job vacancies,Number,223,units,0,v1481212175,11.1,93375,B,,,0
2017-09,British Columbia,2016A000259,Payroll employees,Number,223,units,0,v1481212176,11.2,2130675,A,,,0
2017-09,British Columbia,2016A000259,Job vacancy rate,Percent,239,units,0,v1481212177,11.3,4.2,B,,,1
2017-09,Yukon,2016A000260,Job vacancies,Number,223,units,0,v1481212178,12.1,705,D,,,0
2017-09,Yukon,2016A000260,Payroll employees,Number,223,units,0,v1481212179,12.2,17775,A,,,0
2017-09,Yukon,2016A000260,Job vacancy rate,Percent,239,units,0,v1481212180,12.3,3.8,D,,,1
2017-09,Northwest Territories,2016A000261,Job vacancies,Number,223,units,0,v1481212181,13.1,555,D,,,0
2017-09,Northwest Territories,2016A000261,Payroll employees,Number,223,units,0,v1481212182,13.2,22430,A,,,0
2017-09,Northwest Territories,2016A000261,Job vacancy rate,Percent,239,units,0,v1481212183,13.3,2.4,D,,,1
2017-09,Nunavut,2016A000262,Job vacancies,Number,223,units,0,v1481212184,14.1,,F,,,0
2017-09,Nunavut,2016A000262,Payroll employees,Number,223,units,0,v1481212185,14.2,11325,A,,,0
2017-09,Nunavut,2016A000262,Job vacancy rate,Percent,239,units,0,v1481212186,14.3,,F,,,1
2017-10,Canada,2016A000011124,Job vacancies,Number,223,units,0,v1481212145,1.1,459760,A,,,0
2017-10,Canada,2016A000011124,Payroll employees,Number,223,units,0,v1481212146,1.2,15689160,A,,,0
2017-10,Canada,2016A000011124,Job vacancy rate,Percent,239,units,0,v1481212147,1.3,2.8,A,,,1
2017-10,Newfoundland and Labrador,2016A000210,Job vacancies,Number,223,units,0,v1481212148,2.1,3005,C,,,0
2017-10,Newfoundland and Labrador,2016A000210,Payroll employees,Number,223,units,0,v1481212149,2.2,190455,A,,,0
2017-10,Newfoundland and Labrador,2016A000210,Job vacancy rate,Percent,239,units,0,v1481212150,2.3,1.6,B,,,1
2017-10,Prince Edward Island,2016A000211,Job vacancies,Number,223,units,0,v1481212151,3.1,1670,D,,,0
2017-10,Prince Edward Island,2016A000211,Payroll employees,Number,223,units,0,v1481212152,3.2,61445,A,,,0
2017-10,Prince Edward Island,2016A000211,Job vacancy rate,Percent,239,units,0,v1481212153,3.3,2.6,D,,,1
2017-10,Nova Scotia,2016A000212,Job vacancies,Number,223,units,0,v1481212154,4.1,9275,B,,,0
2017-10,Nova Scotia,2016A000212,Payroll employees,Number,223,units,0,v1481212155,4.2,396890,A,,,0
2017-10,Nova Scotia,2016A000212,Job vacancy rate,Percent,239,units,0,v1481212156,4.3,2.3,B,,,1
2017-10,New Brunswick,2016A000213,Job vacancies,Number,223,units,0,v1481212157,5.1,6570,B,,,0
2017-10,New Brunswick,2016A000213,Payroll employees,Number,223,units,0,v1481212158,5.2,299875,A,,,0
2017-10,New Brunswick,2016A000213,Job vacancy rate,Percent,239,units,0,v1481212159,5.3,2.1,B,,,1
2017-10,Quebec,2016A000224,Job vacancies,Number,223,units,0,v1481212160,6.1,88070,A,,,0
2017-10,Quebec,2016A000224,Payroll employees,Number,223,units,0,v1481212161,6.2,3472095,A,,,0
2017-10,Quebec,2016A000224,Job vacancy rate,Percent,239,units,0,v1481212162,6.3,2.5,A,,,1
2017-10,Ontario,2016A000235,Job vacancies,Number,223,units,0,v1481212163,7.1,185735,A,,,0
2017-10,Ontario,2016A000235,Payroll employees,Number,223,units,0,v1481212164,7.2,6089795,A,,,0
2017-10,Ontario,2016A000235,Job vacancy rate,Percent,239,units,0,v1481212165,7.3,3,A,,,1
2017-10,Manitoba,2016A000246,Job vacancies,Number,223,units,0,v1481212166,8.1,12160,B,,,0
2017-10,Manitoba,2016A000246,Payroll employees,Number,223,units,0,v1481212167,8.2,593350,A,,,0
2017-10,Manitoba,2016A000246,Job vacancy rate,Percent,239,units,0,v1481212168,8.3,2,B,,,1
2017-10,Saskatchewan,2016A000247,Job vacancies,Number,223,units,0,v1481212169,9.1,9470,B,,,0
2017-10,Saskatchewan,2016A000247,Payroll employees,Number,223,units,0,v1481212170,9.2,462510,A,,,0
2017-10,Saskatchewan,2016A000247,Job vacancy rate,Percent,239,units,0,v1481212171,9.3,2,B,,,1
2017-10,Alberta,2016A000248,Job vacancies,Number,223,units,0,v1481212172,10.1,50930,A,,,0
2017-10,Alberta,2016A000248,Payroll employees,Number,223,units,0,v1481212173,10.2,1939810,A,,,0
2017-10,Alberta,2016A000248,Job vacancy rate,Percent,239,units,0,v1481212174,10.3,2.6,A,,,1
2017-10,British Columbia,2016A000259,Job vacancies,Number,223,units,0,v1481212175,11.1,91270,A,,,0
2017-10,British Columbia,2016A000259,Payroll employees,Number,223,units,0,v1481212176,11.2,2131270,A,,,0
2017-10,British Columbia,2016A000259,Job vacancy rate,Percent,239,units,0,v1481212177,11.3,4.1,A,,,1
2017-10,Yukon,2016A000260,Job vacancies,Number,223,units,0,v1481212178,12.1,570,E,,,0
2017-10,Yukon,2016A000260,Payroll employees,Number,223,units,0,v1481212179,12.2,17445,A,,,0
2017-10,Yukon,2016A000260,Job vacancy rate,Percent,239,units,0,v1481212180,12.3,3.2,E,,,1
2017-10,Northwest Territories,2016A000261,Job vacancies,Number,223,units,0,v1481212181,13.1,700,E,,,0
2017-10,Northwest Territories,2016A000261,Payroll employees,Number,223,units,0,v1481212182,13.2,22425,A,,,0
2017-10,Northwest Territories,2016A000261,Job vacancy rate,Percent,239,units,0,v1481212183,13.3,3,E,,,1
2017-10,Nunavut,2016A000262,Job vacancies,Number,223,units,0,v1481212184,14.1,330,E,,,0
2017-10,Nunavut,2016A000262,Payroll employees,Number,223,units,0,v1481212185,14.2,11795,A,,,0
2017-10,Nunavut,2016A000262,Job vacancy rate,Percent,239,units,0,v1481212186,14.3,2.7,E,,,1
2017-11,Canada,2016A000011124,Job vacancies,Number,223,units,0,v1481212145,1.1,494655,A,,,0
2017-11,Canada,2016A000011124,Payroll employees,Number,223,units,0,v1481212146,1.2,15663440,A,,,0
2017-11,Canada,2016A000011124,Job vacancy rate,Percent,239,units,0,v1481212147,1.3,3.1,A,,,1
2017-11,Newfoundland and Labrador,2016A000210,Job vacancies,Number,223,units,0,v1481212148,2.1,3605,C,,,0
2017-11,Newfoundland and Labrador,2016A000210,Payroll employees,Number,223,units,0,v1481212149,2.2,195795,A,,,0
2017-11,Newfoundland and Labrador,2016A000210,Job vacancy rate,Percent,239,units,0,v1481212150,2.3,1.8,C,,,1
2017-11,Prince Edward Island,2016A000211,Job vacancies,Number,223,units,0,v1481212151,3.1,1225,E,,,0
2017-11,Prince Edward Island,2016A000211,Payroll employees,Number,223,units,0,v1481212152,3.2,61810,A,,,0
2017-11,Prince Edward Island,2016A000211,Job vacancy rate,Percent,239,units,0,v1481212153,3.3,1.9,D,,,1
2017-11,Nova Scotia,2016A000212,Job vacancies,Number,223,units,0,v1481212154,4.1,9785,B,,,0
2017-11,Nova Scotia,2016A000212,Payroll employees,Number,223,units,0,v1481212155,4.2,401650,A,,,0
2017-11,Nova Scotia,2016A000212,Job vacancy rate,Percent,239,units,0,v1481212156,4.3,2.4,B,,,1
2017-11,New Brunswick,2016A000213,Job vacancies,Number,223,units,0,v1481212157,5.1,6830,B,,,0
2017-11,New Brunswick,2016A000213,Payroll employees,Number,223,units,0,v1481212158,5.2,294810,A,,,0
2017-11,New Brunswick,2016A000213,Job vacancy rate,Percent,239,units,0,v1481212159,5.3,2.3,B,,,1
2017-11,Quebec,2016A000224,Job vacancies,Number,223,units,0,v1481212160,6.1,108995,A,,,0
2017-11,Quebec,2016A000224,Payroll employees,Number,223,units,0,v1481212161,6.2,3464675,A,,,0
2017-11,Quebec,2016A000224,Job vacancy rate,Percent,239,units,0,v1481212162,6.3,3,A,,,1
2017-11,Ontario,2016A000235,Job vacancies,Number,223,units,0,v1481212163,7.1,191790,A,,,0
2017-11,Ontario,2016A000235,Payroll employees,Number,223,units,0,v1481212164,7.2,6076375,A,,,0
2017-11,Ontario,2016A000235,Job vacancy rate,Percent,239,units,0,v1481212165,7.3,3.1,A,,,1
2017-11,Manitoba,2016A000246,Job vacancies,Number,223,units,0,v1481212166,8.1,12340,B,,,0
2017-11,Manitoba,2016A000246,Payroll employees,Number,223,units,0,v1481212167,8.2,578495,A,,,0
2017-11,Manitoba,2016A000246,Job vacancy rate,Percent,239,units,0,v1481212168,8.3,2.1,B,,,1
2017-11,Saskatchewan,2016A000247,Job vacancies,Number,223,units,0,v1481212169,9.1,9805,B,,,0
2017-11,Saskatchewan,2016A000247,Payroll employees,Number,223,units,0,v1481212170,9.2,452330,A,,,0
2017-11,Saskatchewan,2016A000247,Job vacancy rate,Percent,239,units,0,v1481212171,9.3,2.1,B,,,1
2017-11,Alberta,2016A000248,Job vacancies,Number,223,units,0,v1481212172,10.1,59130,B,,,0
2017-11,Alberta,2016A000248,Payroll employees,Number,223,units,0,v1481212173,10.2,1954130,A,,,0
2017-11,Alberta,2016A000248,Job vacancy rate,Percent,239,units,0,v1481212174,10.3,2.9,B,,,1
2017-11,British Columbia,2016A000259,Job vacancies,Number,223,units,0,v1481212175,11.1,90185,A,,,0
2017-11,British Columbia,2016A000259,Payroll employees,Number,223,units,0,v1481212176,11.2,2132200,A,,,0
2017-11,British Columbia,2016A000259,Job vacancy rate,Percent,239,units,0,v1481212177,11.3,4.1,A,,,1
2017-11,Yukon,2016A000260,Job vacancies,Number,223,units,0,v1481212178,12.1,385,E,,,0
2017-11,Yukon,2016A000260,Payroll employees,Number,223,units,0,v1481212179,12.2,17245,A,,,0
2017-11,Yukon,2016A000260,Job vacancy rate,Percent,239,units,0,v1481212180,12.3,2.2,E,,,1
2017-11,Northwest Territories,2016A000261,Job vacancies,Number,223,units,0,v1481212181,13.1,360,E,,,0
2017-11,Northwest Territories,2016A000261,Payroll employees,Number,223,units,0,v1481212182,13.2,22405,A,,,0
2017-11,Northwest Territories,2016A000261,Job vacancy rate,Percent,239,units,0,v1481212183,13.3,1.6,E,,,1
2017-11,Nunavut,2016A000262,Job vacancies,Number,223,units,0,v1481212184,14.1,220,E,,,0
2017-11,Nunavut,2016A000262,Payroll employees,Number,223,units,0,v1481212185,14.2,11515,A,,,0
2017-11,Nunavut,2016A000262,Job vacancy rate,Percent,239,units,0,v1481212186,14.3,1.9,E,,,1
2017-12,Canada,2016A000011124,Job vacancies,Number,223,units,0,v1481212145,1.1,488460,A,,,0
2017-12,Canada,2016A000011124,Payroll employees,Number,223,units,0,v1481212146,1.2,15675620,A,,,0
2017-12,Canada,2016A000011124,Job vacancy rate,Percent,239,units,0,v1481212147,1.3,3,A,,,1
2017-12,Newfoundland and Labrador,2016A000210,Job vacancies,Number,223,units,0,v1481212148,2.1,3380,C,,,0
2017-12,Newfoundland and Labrador,2016A000210,Payroll employees,Number,223,units,0,v1481212149,2.2,203430,B,,,0
2017-12,Newfoundland and Labrador,2016A000210,Job vacancy rate,Percent,239,units,0,v1481212150,2.3,1.6,C,,,1
2017-12,Prince Edward Island,2016A000211,Job vacancies,Number,223,units,0,v1481212151,3.1,1485,E,,,0
2017-12,Prince Edward Island,2016A000211,Payroll employees,Number,223,units,0,v1481212152,3.2,61040,A,,,0
2017-12,Prince Edward Island,2016A000211,Job vacancy rate,Percent,239,units,0,v1481212153,3.3,2.4,E,,,1
2017-12,Nova Scotia,2016A000212,Job vacancies,Number,223,units,0,v1481212154,4.1,10075,B,,,0
2017-12,Nova Scotia,2016A000212,Payroll employees,Number,223,units,0,v1481212155,4.2,404635,A,,,0
2017-12,Nova Scotia,2016A000212,Job vacancy rate,Percent,239,units,0,v1481212156,4.3,2.4,B,,,1
2017-12,New Brunswick,2016A000213,Job vacancies,Number,223,units,0,v1481212157,5.1,7255,B,,,0
2017-12,New Brunswick,2016A000213,Payroll employees,Number,223,units,0,v1481212158,5.2,285825,A,,,0
2017-12,New Brunswick,2016A000213,Job vacancy rate,Percent,239,units,0,v1481212159,5.3,2.5,B,,,1
2017-12,Quebec,2016A000224,Job vacancies,Number,223,units,0,v1481212160,6.1,95345,A,,,0
2017-12,Quebec,2016A000224,Payroll employees,Number,223,units,0,v1481212161,6.2,3502115,A,,,0
2017-12,Quebec,2016A000224,Job vacancy rate,Percent,239,units,0,v1481212162,6.3,2.7,A,,,1
2017-12,Ontario,2016A000235,Job vacancies,Number,223,units,0,v1481212163,7.1,192200,A,,,0
2017-12,Ontario,2016A000235,Payroll employees,Number,223,units,0,v1481212164,7.2,6083360,A,,,0
2017-12,Ontario,2016A000235,Job vacancy rate,Percent,239,units,0,v1481212165,7.3,3.1,A,,,1
2017-12,Manitoba,2016A000246,Job vacancies,Number,223,units,0,v1481212166,8.1,15540,B,,,0
2017-12,Manitoba,2016A000246,Payroll employees,Number,223,units,0,v1481212167,8.2,582020,A,,,0
2017-12,Manitoba,2016A000246,Job vacancy rate,Percent,239,units,0,v1481212168,8.3,2.6,B,,,1
2017-12,Saskatchewan,2016A000247,Job vacancies,Number,223,units,0,v1481212169,9.1,10355,B,,,0
2017-12,Saskatchewan,2016A000247,Payroll employees,Number,223,units,0,v1481212170,9.2,451465,A,,,0
2017-12,Saskatchewan,2016A000247,Job vacancy rate,Percent,239,units,0,v1481212171,9.3,2.2,B,,,1
2017-12,Alberta,2016A000248,Job vacancies,Number,223,units,0,v1481212172,10.1,53665,B,,,0
2017-12,Alberta,2016A000248,Payroll employees,Number,223,units,0,v1481212173,10.2,1918950,A,,,0
2017-12,Alberta,2016A000248,Job vacancy rate,Percent,239,units,0,v1481212174,10.3,2.7,B,,,1
2017-12,British Columbia,2016A000259,Job vacancies,Number,223,units,0,v1481212175,11.1,97265,B,,,0
2017-12,British Columbia,2016A000259,Payroll employees,Number,223,units,0,v1481212176,11.2,2132100,A,,,0
2017-12,British Columbia,2016A000259,Job vacancy rate,Percent,239,units,0,v1481212177,11.3,4.4,B,,,1
2017-12,Yukon,2016A000260,Job vacancies,Number,223,units,0,v1481212178,12.1,745,D,,,0
2017-12,Yukon,2016A000260,Payroll employees,Number,223,units,0,v1481212179,12.2,17165,A,,,0
2017-12,Yukon,2016A000260,Job vacancy rate,Percent,239,units,0,v1481212180,12.3,4.2,D,,,1
2017-12,Northwest Territories,2016A000261,Job vacancies,Number,223,units,0,v1481212181,13.1,740,D,,,0
2017-12,Northwest Territories,2016A000261,Payroll employees,Number,223,units,0,v1481212182,13.2,22185,A,,,0
2017-12,Northwest Territories,2016A000261,Job vacancy rate,Percent,239,units,0,v1481212183,13.3,3.2,D,,,1
2017-12,Nunavut,2016A000262,Job vacancies,Number,223,units,0,v1481212184,14.1,400,E,,,0
2017-12,Nunavut,2016A000262,Payroll employees,Number,223,units,0,v1481212185,14.2,11335,A,,,0
2017-12,Nunavut,2016A000262,Job vacancy rate,Percent,239,units,0,v1481212186,14.3,3.4,E,,,1
2018-01,Canada,2016A000011124,Job vacancies,Number,223,units,0,v1481212145,1.1,478875,A,,,0
2018-01,Canada,2016A000011124,Payroll employees,Number,223,units,0,v1481212146,1.2,15718380,A,,,0
2018-01,Canada,2016A000011124,Job vacancy rate,Percent,239,units,0,v1481212147,1.3,3,A,,,1
2018-01,Newfoundland and Labrador,2016A000210,Job vacancies,Number,223,units,0,v1481212148,2.1,3350,D,,,0
2018-01,Newfoundland and Labrador,2016A000210,Payroll employees,Number,223,units,0,v1481212149,2.2,185505,A,,,0
2018-01,Newfoundland and Labrador,2016A000210,Job vacancy rate,Percent,239,units,0,v1481212150,2.3,1.8,D,,,1
2018-01,Prince Edward Island,2016A000211,Job vacancies,Number,223,units,0,v1481212151,3.1,1530,D,,,0
2018-01,Prince Edward Island,2016A000211,Payroll employees,Number,223,units,0,v1481212152,3.2,61295,A,,,0
2018-01,Prince Edward Island,2016A000211,Job vacancy rate,Percent,239,units,0,v1481212153,3.3,2.4,D,,,1
2018-01,Nova Scotia,2016A000212,Job vacancies,Number,223,units,0,v1481212154,4.1,9555,B,,,0
2018-01,Nova Scotia,2016A000212,Payroll employees,Number,223,units,0,v1481212155,4.2,409015,A,,,0
2018-01,Nova Scotia,2016A000212,Job vacancy rate,Percent,239,units,0,v1481212156,4.3,2.3,B,,,1
2018-01,New Brunswick,2016A000213,Job vacancies,Number,223,units,0,v1481212157,5.1,7605,B,,,0
2018-01,New Brunswick,2016A000213,Payroll employees,Number,223,units,0,v1481212158,5.2,289445,A,,,0
2018-01,New Brunswick,2016A000213,Job vacancy rate,Percent,239,units,0,v1481212159,5.3,2.6,B,,,1
2018-01,Quebec,2016A000224,Job vacancies,Number,223,units,0,v1481212160,6.1,95775,A,,,0
2018-01,Quebec,2016A000224,Payroll employees,Number,223,units,0,v1481212161,6.2,3488280,A,,,0
2018-01,Quebec,2016A000224,Job vacancy rate,Percent,239,units,0,v1481212162,6.3,2.7,A,,,1
2018-01,Ontario,2016A000235,Job vacancies,Number,223,units,0,v1481212163,7.1,182815,A,,,0
2018-01,Ontario,2016A000235,Payroll employees,Number,223,units,0,v1481212164,7.2,6098690,A,,,0
2018-01,Ontario,2016A000235,Job vacancy rate,Percent,239,units,0,v1481212165,7.3,2.9,A,,,1
2018-01,Manitoba,2016A000246,Job vacancies,Number,223,units,0,v1481212166,8.1,12615,B,,,0
2018-01,Manitoba,2016A000246,Payroll employees,Number,223,units,0,v1481212167,8.2,588285,A,,,0
2018-01,Manitoba,2016A000246,Job vacancy rate,Percent,239,units,0,v1481212168,8.3,2.1,B,,,1
2018-01,Saskatchewan,2016A000247,Job vacancies,Number,223,units,0,v1481212169,9.1,11160,C,,,0
2018-01,Saskatchewan,2016A000247,Payroll employees,Number,223,units,0,v1481212170,9.2,454475,A,,,0
2018-01,Saskatchewan,2016A000247,Job vacancy rate,Percent,239,units,0,v1481212171,9.3,2.4,C,,,1
2018-01,Alberta,2016A000248,Job vacancies,Number,223,units,0,v1481212172,10.1,55215,B,,,0
2018-01,Alberta,2016A000248,Payroll employees,Number,223,units,0,v1481212173,10.2,1945540,A,,,0
2018-01,Alberta,2016A000248,Job vacancy rate,Percent,239,units,0,v1481212174,10.3,2.8,B,,,1
2018-01,British Columbia,2016A000259,Job vacancies,Number,223,units,0,v1481212175,11.1,96990,A,,,0
2018-01,British Columbia,2016A000259,Payroll employees,Number,223,units,0,v1481212176,11.2,2146890,A,,,0
2018-01,British Columbia,2016A000259,Job vacancy rate,Percent,239,units,0,v1481212177,11.3,4.3,A,,,1
2018-01,Yukon,2016A000260,Job vacancies,Number,223,units,0,v1481212178,12.1,1045,E,,,0
2018-01,Yukon,2016A000260,Payroll employees,Number,223,units,0,v1481212179,12.2,17345,A,,,0
2018-01,Yukon,2016A000260,Job vacancy rate,Percent,239,units,0,v1481212180,12.3,5.7,E,,,1
2018-01,Northwest Territories,2016A000261,Job vacancies,Number,223,units,0,v1481212181,13.1,910,E,,,0
2018-01,Northwest Territories,2016A000261,Payroll employees,Number,223,units,0,v1481212182,13.2,22185,A,,,0
2018-01,Northwest Territories,2016A000261,Job vacancy rate,Percent,239,units,0,v1481212183,13.3,3.9,E,,,1
2018-01,Nunavut,2016A000262,Job vacancies,Number,223,units,0,v1481212184,14.1,315,E,,,0
2018-01,Nunavut,2016A000262,Payroll employees,Number,223,units,0,v1481212185,14.2,11425,A,,,0
2018-01,Nunavut,2016A000262,Job vacancy rate,Percent,239,units,0,v1481212186,14.3,2.7,E,,,1
2018-02,Canada,2016A000011124,Job vacancies,Number,223,units,0,v1481212145,1.1,498380,A,,,0
2018-02,Canada,2016A000011124,Payroll employees,Number,223,units,0,v1481212146,1.2,15725590,A,,,0
2018-02,Canada,2016A000011124,Job vacancy rate,Percent,239,units,0,v1481212147,1.3,3.1,A,,,1
2018-02,Newfoundland and Labrador,2016A000210,Job vacancies,Number,223,units,0,v1481212148,2.1,4000,C,,,0
2018-02,Newfoundland and Labrador,2016A000210,Payroll employees,Number,223,units,0,v1481212149,2.2,182565,A,,,0
2018-02,Newfoundland and Labrador,2016A000210,Job vacancy rate,Percent,239,units,0,v1481212150,2.3,2.1,C,,,1
2018-02,Prince Edward Island,2016A000211,Job vacancies,Number,223,units,0,v1481212151,3.1,1500,E,,,0
2018-02,Prince Edward Island,2016A000211,Payroll employees,Number,223,units,0,v1481212152,3.2,61325,A,,,0
2018-02,Prince Edward Island,2016A000211,Job vacancy rate,Percent,239,units,0,v1481212153,3.3,2.4,D,,,1
2018-02,Nova Scotia,2016A000212,Job vacancies,Number,223,units,0,v1481212154,4.1,11755,C,,,0
2018-02,Nova Scotia,2016A000212,Payroll employees,Number,223,units,0,v1481212155,4.2,412610,A,,,0
2018-02,Nova Scotia,2016A000212,Job vacancy rate,Percent,239,units,0,v1481212156,4.3,2.8,C,,,1
2018-02,New Brunswick,2016A000213,Job vacancies,Number,223,units,0,v1481212157,5.1,8435,B,,,0
2018-02,New Brunswick,2016A000213,Payroll employees,Number,223,units,0,v1481212158,5.2,290270,A,,,0
2018-02,New Brunswick,2016A000213,Job vacancy rate,Percent,239,units,0,v1481212159,5.3,2.8,B,,,1
2018-02,Quebec,2016A000224,Job vacancies,Number,223,units,0,v1481212160,6.1,101210,A,,,0
2018-02,Quebec,2016A000224,Payroll employees,Number,223,units,0,v1481212161,6.2,3490570,A,,,0
2018-02,Quebec,2016A000224,Job vacancy rate,Percent,239,units,0,v1481212162,6.3,2.8,A,,,1
2018-02,Ontario,2016A000235,Job vacancies,Number,223,units,0,v1481212163,7.1,192730,A,,,0
2018-02,Ontario,2016A000235,Payroll employees,Number,223,units,0,v1481212164,7.2,6106795,A,,,0
2018-02,Ontario,2016A000235,Job vacancy rate,Percent,239,units,0,v1481212165,7.3,3.1,A,,,1
2018-02,Manitoba,2016A000246,Job vacancies,Number,223,units,0,v1481212166,8.1,11700,B,,,0
2018-02,Manitoba,2016A000246,Payroll employees,Number,223,units,0,v1481212167,8.2,579795,A,,,0
2018-02,Manitoba,2016A000246,Job vacancy rate,Percent,239,units,0,v1481212168,8.3,2,B,,,1
2018-02,Saskatchewan,2016A000247,Job vacancies,Number,223,units,0,v1481212169,9.1,9535,B,,,0
2018-02,Saskatchewan,2016A000247,Payroll employees,Number,223,units,0,v1481212170,9.2,447930,A,,,0
2018-02,Saskatchewan,2016A000247,Job vacancy rate,Percent,239,units,0,v1481212171,9.3,2.1,B,,,1
2018-02,Alberta,2016A000248,Job vacancies,Number,223,units,0,v1481212172,10.1,54385,B,,,0
2018-02,Alberta,2016A000248,Payroll employees,Number,223,units,0,v1481212173,10.2,1957135,A,,,0
2018-02,Alberta,2016A000248,Job vacancy rate,Percent,239,units,0,v1481212174,10.3,2.7,B,,,1
2018-02,British Columbia,2016A000259,Job vacancies,Number,223,units,0,v1481212175,11.1,101345,A,,,0
2018-02,British Columbia,2016A000259,Payroll employees,Number,223,units,0,v1481212176,11.2,2145995,A,,,0
2018-02,British Columbia,2016A000259,Job vacancy rate,Percent,239,units,0,v1481212177,11.3,4.5,A,,,1
2018-02,Yukon,2016A000260,Job vacancies,Number,223,units,0,v1481212178,12.1,685,E,,,0
2018-02,Yukon,2016A000260,Payroll employees,Number,223,units,0,v1481212179,12.2,16825,A,,,0
2018-02,Yukon,2016A000260,Job vacancy rate,Percent,239,units,0,v1481212180,12.3,3.9,E,,,1
2018-02,Northwest Territories,2016A000261,Job vacancies,Number,223,units,0,v1481212181,13.1,760,E,,,0
2018-02,Northwest Territories,2016A000261,Payroll employees,Number,223,units,0,v1481212182,13.2,22160,A,,,0
2018-02,Northwest Territories,2016A000261,Job vacancy rate,Percent,239,units,0,v1481212183,13.3,3.3,E,,,1
2018-02,Nunavut,2016A000262,Job vacancies,Number,223,units,0,v1481212184,14.1,345,D,,,0
2018-02,Nunavut,2016A000262,Payroll employees,Number,223,units,0,v1481212185,14.2,11615,A,,,0
2018-02,Nunavut,2016A000262,Job vacancy rate,Percent,239,units,0,v1481212186,14.3,2.9,D,,,1
2018-03,Canada,2016A000011124,Job vacancies,Number,223,units,0,v1481212145,1.1,508080,A,,,0
2018-03,Canada,2016A000011124,Payroll employees,Number,223,units,0,v1481212146,1.2,15769085,A,,,0
2018-03,Canada,2016A000011124,Job vacancy rate,Percent,239,units,0,v1481212147,1.3,3.1,A,,,1
2018-03,Newfoundland and Labrador,2016A000210,Job vacancies,Number,223,units,0,v1481212148,2.1,3285,C,,,0
2018-03,Newfoundland and Labrador,2016A000210,Payroll employees,Number,223,units,0,v1481212149,2.2,197135,B,,,0
2018-03,Newfoundland and Labrador,2016A000210,Job vacancy rate,Percent,239,units,0,v1481212150,2.3,1.6,C,,,1
2018-03,Prince Edward Island,2016A000211,Job vacancies,Number,223,units,0,v1481212151,3.1,1725,D,,,0
2018-03,Prince Edward Island,2016A000211,Payroll employees,Number,223,units,0,v1481212152,3.2,61325,A,,,0
2018-03,Prince Edward Island,2016A000211,Job vacancy rate,Percent,239,units,0,v1481212153,3.3,2.7,D,,,1
2018-03,Nova Scotia,2016A000212,Job vacancies,Number,223,units,0,v1481212154,4.1,9425,B,,,0
2018-03,Nova Scotia,2016A000212,Payroll employees,Number,223,units,0,v1481212155,4.2,407875,A,,,0
2018-03,Nova Scotia,2016A000212,Job vacancy rate,Percent,239,units,0,v1481212156,4.3,2.3,B,,,1
2018-03,New Brunswick,2016A000213,Job vacancies,Number,223,units,0,v1481212157,5.1,8835,C,,,0
2018-03,New Brunswick,2016A000213,Payroll employees,Number,223,units,0,v1481212158,5.2,283600,A,,,0
2018-03,New Brunswick,2016A000213,Job vacancy rate,Percent,239,units,0,v1481212159,5.3,3,C,,,1
2018-03,Quebec,2016A000224,Job vacancies,Number,223,units,0,v1481212160,6.1,108685,A,,,0
2018-03,Quebec,2016A000224,Payroll employees,Number,223,units,0,v1481212161,6.2,3503545,A,,,0
2018-03,Quebec,2016A000224,Job vacancy rate,Percent,239,units,0,v1481212162,6.3,3,A,,,1
2018-03,Ontario,2016A000235,Job vacancies,Number,223,units,0,v1481212163,7.1,199865,A,,,0
2018-03,Ontario,2016A000235,Payroll employees,Number,223,units,0,v1481212164,7.2,6118605,A,,,0
2018-03,Ontario,2016A000235,Job vacancy rate,Percent,239,units,0,v1481212165,7.3,3.2,A,,,1
2018-03,Manitoba,2016A000246,Job vacancies,Number,223,units,0,v1481212166,8.1,15395,B,,,0
2018-03,Manitoba,2016A000246,Payroll employees,Number,223,units,0,v1481212167,8.2,588845,A,,,0
2018-03,Manitoba,2016A000246,Job vacancy rate,Percent,239,units,0,v1481212168,8.3,2.5,B,,,1
2018-03,Saskatchewan,2016A000247,Job vacancies,Number,223,units,0,v1481212169,9.1,8985,C,,,0
2018-03,Saskatchewan,2016A000247,Payroll employees,Number,223,units,0,v1481212170,9.2,452605,A,,,0
2018-03,Saskatchewan,2016A000247,Job vacancy rate,Percent,239,units,0,v1481212171,9.3,1.9,C,,,1
2018-03,Alberta,2016A000248,Job vacancies,Number,223,units,0,v1481212172,10.1,54700,B,,,0
2018-03,Alberta,2016A000248,Payroll employees,Number,223,units,0,v1481212173,10.2,1949935,A,,,0
2018-03,Alberta,2016A000248,Job vacancy rate,Percent,239,units,0,v1481212174,10.3,2.7,B,,,1
2018-03,British Columbia,2016A000259,Job vacancies,Number,223,units,0,v1481212175,11.1,95530,A,,,0
2018-03,British Columbia,2016A000259,Payroll employees,Number,223,units,0,v1481212176,11.2,2155340,A,,,0
2018-03,British Columbia,2016A000259,Job vacancy rate,Percent,239,units,0,v1481212177,11.3,4.2,A,,,1
2018-03,Yukon,2016A000260,Job vacancies,Number,223,units,0,v1481212178,12.1,600,D,,,0
2018-03,Yukon,2016A000260,Payroll employees,Number,223,units,0,v1481212179,12.2,16905,A,,,0
2018-03,Yukon,2016A000260,Job vacancy rate,Percent,239,units,0,v1481212180,12.3,3.4,D,,,1
2018-03,Northwest Territories,2016A000261,Job vacancies,Number,223,units,0,v1481212181,13.1,755,D,,,0
2018-03,Northwest Territories,2016A000261,Payroll employees,Number,223,units,0,v1481212182,13.2,21880,A,,,0
2018-03,Northwest Territories,2016A000261,Job vacancy rate,Percent,239,units,0,v1481212183,13.3,3.3,D,,,1
2018-03,Nunavut,2016A000262,Job vacancies,Number,223,units,0,v1481212184,14.1,290,D,,,0
2018-03,Nunavut,2016A000262,Payroll employees,Number,223,units,0,v1481212185,14.2,11490,A,,,0
2018-03,Nunavut,2016A000262,Job vacancy rate,Percent,239,units,0,v1481212186,14.3,2.5,D,,,1
2018-04,Canada,2016A000011124,Job vacancies,Number,223,units,0,v1481212145,1.1,500015,A,,,0
2018-04,Canada,2016A000011124,Payroll employees,Number,223,units,0,v1481212146,1.2,15822015,A,,,0
2018-04,Canada,2016A000011124,Job vacancy rate,Percent,239,units,0,v1481212147,1.3,3.1,A,,,1
2018-04,Newfoundland and Labrador,2016A000210,Job vacancies,Number,223,units,0,v1481212148,2.1,3260,C,,,0
2018-04,Newfoundland and Labrador,2016A000210,Payroll employees,Number,223,units,0,v1481212149,2.2,186920,A,,,0
2018-04,Newfoundland and Labrador,2016A000210,Job vacancy rate,Percent,239,units,0,v1481212150,2.3,1.7,C,,,1
2018-04,Prince Edward Island,2016A000211,Job vacancies,Number,223,units,0,v1481212151,3.1,1930,D,,,0
2018-04,Prince Edward Island,2016A000211,Payroll employees,Number,223,units,0,v1481212152,3.2,61475,A,,,0
2018-04,Prince Edward Island,2016A000211,Job vacancy rate,Percent,239,units,0,v1481212153,3.3,3,D,,,1
2018-04,Nova Scotia,2016A000212,Job vacancies,Number,223,units,0,v1481212154,4.1,9395,B,,,0
2018-04,Nova Scotia,2016A000212,Payroll employees,Number,223,units,0,v1481212155,4.2,400285,A,,,0
2018-04,Nova Scotia,2016A000212,Job vacancy rate,Percent,239,units,0,v1481212156,4.3,2.3,B,,,1
2018-04,New Brunswick,2016A000213,Job vacancies,Number,223,units,0,v1481212157,5.1,7785,B,,,0
2018-04,New Brunswick,2016A000213,Payroll employees,Number,223,units,0,v1481212158,5.2,299365,A,,,0
2018-04,New Brunswick,2016A000213,Job vacancy rate,Percent,239,units,0,v1481212159,5.3,2.5,B,,,1
2018-04,Quebec,2016A000224,Job vacancies,Number,223,units,0,v1481212160,6.1,105200,A,,,0
2018-04,Quebec,2016A000224,Payroll employees,Number,223,units,0,v1481212161,6.2,3515700,A,,,0
2018-04,Quebec,2016A000224,Job vacancy rate,Percent,239,units,0,v1481212162,6.3,2.9,A,,,1
2018-04,Ontario,2016A000235,Job vacancies,Number,223,units,0,v1481212163,7.1,192875,A,,,0
2018-04,Ontario,2016A000235,Payroll employees,Number,223,units,0,v1481212164,7.2,6143960,A,,,0
2018-04,Ontario,2016A000235,Job vacancy rate,Percent,239,units,0,v1481212165,7.3,3,A,,,1
2018-04,Manitoba,2016A000246,Job vacancies,Number,223,units,0,v1481212166,8.1,12515,B,,,0
2018-04,Manitoba,2016A000246,Payroll employees,Number,223,units,0,v1481212167,8.2,584435,A,,,0
2018-04,Manitoba,2016A000246,Job vacancy rate,Percent,239,units,0,v1481212168,8.3,2.1,B,,,1
2018-04,Saskatchewan,2016A000247,Job vacancies,Number,223,units,0,v1481212169,9.1,9025,B,,,0
2018-04,Saskatchewan,2016A000247,Payroll employees,Number,223,units,0,v1481212170,9.2,458410,A,,,0
2018-04,Saskatchewan,2016A000247,Job vacancy rate,Percent,239,units,0,v1481212171,9.3,1.9,B,,,1
2018-04,Alberta,2016A000248,Job vacancies,Number,223,units,0,v1481212172,10.1,58575,B,,,0
2018-04,Alberta,2016A000248,Payroll employees,Number,223,units,0,v1481212173,10.2,1955150,A,,,0
2018-04,Alberta,2016A000248,Job vacancy rate,Percent,239,units,0,v1481212174,10.3,2.9,A,,,1
2018-04,British Columbia,2016A000259,Job vacancies,Number,223,units,0,v1481212175,11.1,97820,A,,,0
2018-04,British Columbia,2016A000259,Payroll employees,Number,223,units,0,v1481212176,11.2,2165900,A,,,0
2018-04,British Columbia,2016A000259,Job vacancy rate,Percent,239,units,0,v1481212177,11.3,4.3,A,,,1
2018-04,Yukon,2016A000260,Job vacancies,Number,223,units,0,v1481212178,12.1,545,D,,,0
2018-04,Yukon,2016A000260,Payroll employees,Number,223,units,0,v1481212179,12.2,17020,A,,,0
2018-04,Yukon,2016A000260,Job vacancy rate,Percent,239,units,0,v1481212180,12.3,3.1,D,,,1
2018-04,Northwest Territories,2016A000261,Job vacancies,Number,223,units,0,v1481212181,13.1,745,E,,,0
2018-04,Northwest Territories,2016A000261,Payroll employees,Number,223,units,0,v1481212182,13.2,21925,A,,,0
2018-04,Northwest Territories,2016A000261,Job vacancy rate,Percent,239,units,0,v1481212183,13.3,3.3,E,,,1
2018-04,Nunavut,2016A000262,Job vacancies,Number,223,units,0,v1481212184,14.1,345,D,,,0
2018-04,Nunavut,2016A000262,Payroll employees,Number,223,units,0,v1481212185,14.2,11465,A,,,0
2018-04,Nunavut,2016A000262,Job vacancy rate,Percent,239,units,0,v1481212186,14.3,2.9,D,,,1
2018-05,Canada,2016A000011124,Job vacancies,Number,223,units,0,v1481212145,1.1,507270,A,,,0
2018-05,Canada,2016A000011124,Payroll employees,Number,223,units,0,v1481212146,1.2,15815385,A,,,0
2018-05,Canada,2016A000011124,Job vacancy rate,Percent,239,units,0,v1481212147,1.3,3.1,A,,,1
2018-05,Newfoundland and Labrador,2016A000210,Job vacancies,Number,223,units,0,v1481212148,2.1,4910,C,,,0
2018-05,Newfoundland and Labrador,2016A000210,Payroll employees,Number,223,units,0,v1481212149,2.2,184055,A,,,0
2018-05,Newfoundland and Labrador,2016A000210,Job vacancy rate,Percent,239,units,0,v1481212150,2.3,2.6,C,,,1
2018-05,Prince Edward Island,2016A000211,Job vacancies,Number,223,units,0,v1481212151,3.1,2135,D,,,0
2018-05,Prince Edward Island,2016A000211,Payroll employees,Number,223,units,0,v1481212152,3.2,61445,A,,,0
2018-05,Prince Edward Island,2016A000211,Job vacancy rate,Percent,239,units,0,v1481212153,3.3,3.4,D,,,1
2018-05,Nova Scotia,2016A000212,Job vacancies,Number,223,units,0,v1481212154,4.1,10310,B,,,0
2018-05,Nova Scotia,2016A000212,Payroll employees,Number,223,units,0,v1481212155,4.2,399240,A,,,0
2018-05,Nova Scotia,2016A000212,Job vacancy rate,Percent,239,units,0,v1481212156,4.3,2.5,B,,,1
2018-05,New Brunswick,2016A000213,Job vacancies,Number,223,units,0,v1481212157,5.1,9645,C,,,0
2018-05,New Brunswick,2016A000213,Payroll employees,Number,223,units,0,v1481212158,5.2,303395,B,,,0
2018-05,New Brunswick,2016A000213,Job vacancy rate,Percent,239,units,0,v1481212159,5.3,3.1,C,,,1
2018-05,Quebec,2016A000224,Job vacancies,Number,223,units,0,v1481212160,6.1,111020,A,,,0
2018-05,Quebec,2016A000224,Payroll employees,Number,223,units,0,v1481212161,6.2,3515160,A,,,0
2018-05,Quebec,2016A000224,Job vacancy rate,Percent,239,units,0,v1481212162,6.3,3.1,A,,,1
2018-05,Ontario,2016A000235,Job vacancies,Number,223,units,0,v1481212163,7.1,191435,A,,,0
2018-05,Ontario,2016A000235,Payroll employees,Number,223,units,0,v1481212164,7.2,6143655,A,,,0
2018-05,Ontario,2016A000235,Job vacancy rate,Percent,239,units,0,v1481212165,7.3,3,A,,,1
2018-05,Manitoba,2016A000246,Job vacancies,Number,223,units,0,v1481212166,8.1,13125,B,,,0
2018-05,Manitoba,2016A000246,Payroll employees,Number,223,units,0,v1481212167,8.2,580130,A,,,0
2018-05,Manitoba,2016A000246,Job vacancy rate,Percent,239,units,0,v1481212168,8.3,2.2,B,,,1
2018-05,Saskatchewan,2016A000247,Job vacancies,Number,223,units,0,v1481212169,9.1,10240,C,,,0
2018-05,Saskatchewan,2016A000247,Payroll employees,Number,223,units,0,v1481212170,9.2,451840,A,,,0
2018-05,Saskatchewan,2016A000247,Job vacancy rate,Percent,239,units,0,v1481212171,9.3,2.2,C,,,1
2018-05,Alberta,2016A000248,Job vacancies,Number,223,units,0,v1481212172,10.1,55490,B,,,0
2018-05,Alberta,2016A000248,Payroll employees,Number,223,units,0,v1481212173,10.2,1956565,A,,,0
2018-05,Alberta,2016A000248,Job vacancy rate,Percent,239,units,0,v1481212174,10.3,2.8,B,,,1
2018-05,British Columbia,2016A000259,Job vacancies,Number,223,units,0,v1481212175,11.1,97345,A,,,0
2018-05,British Columbia,2016A000259,Payroll employees,Number,223,units,0,v1481212176,11.2,2169380,A,,,0
2018-05,British Columbia,2016A000259,Job vacancy rate,Percent,239,units,0,v1481212177,11.3,4.3,A,,,1
2018-05,Yukon,2016A000260,Job vacancies,Number,223,units,0,v1481212178,12.1,565,D,,,0
2018-05,Yukon,2016A000260,Payroll employees,Number,223,units,0,v1481212179,12.2,16825,A,,,0
2018-05,Yukon,2016A000260,Job vacancy rate,Percent,239,units,0,v1481212180,12.3,3.3,D,,,1
2018-05,Northwest Territories,2016A000261,Job vacancies,Number,223,units,0,v1481212181,13.1,670,E,,,0
2018-05,Northwest Territories,2016A000261,Payroll employees,Number,223,units,0,v1481212182,13.2,22170,A,,,0
2018-05,Northwest Territories,2016A000261,Job vacancy rate,Percent,239,units,0,v1481212183,13.3,2.9,E,,,1
2018-05,Nunavut,2016A000262,Job vacancies,Number,223,units,0,v1481212184,14.1,375,D,,,0
2018-05,Nunavut,2016A000262,Payroll employees,Number,223,units,0,v1481212185,14.2,11525,A,,,0
2018-05,Nunavut,2016A000262,Job vacancy rate,Percent,239,units,0,v1481212186,14.3,3.2,D,,,1
2018-06,Canada,2016A000011124,Job vacancies,Number,223,units,0,v1481212145,1.1,521290,A,,,0
2018-06,Canada,2016A000011124,Payroll employees,Number,223,units,0,v1481212146,1.2,15892980,A,,,0
2018-06,Canada,2016A000011124,Job vacancy rate,Percent,239,units,0,v1481212147,1.3,3.2,A,,,1
2018-06,Newfoundland and Labrador,2016A000210,Job vacancies,Number,223,units,0,v1481212148,2.1,3225,C,,,0
2018-06,Newfoundland and Labrador,2016A000210,Payroll employees,Number,223,units,0,v1481212149,2.2,197775,B,,,0
2018-06,Newfoundland and Labrador,2016A000210,Job vacancy rate,Percent,239,units,0,v1481212150,2.3,1.6,C,,,1
2018-06,Prince Edward Island,2016A000211,Job vacancies,Number,223,units,0,v1481212151,3.1,,F,,,0
2018-06,Prince Edward Island,2016A000211,Payroll employees,Number,223,units,0,v1481212152,3.2,61860,A,,,0
2018-06,Prince Edward Island,2016A000211,Job vacancy rate,Percent,239,units,0,v1481212153,3.3,,F,,,1
2018-06,Nova Scotia,2016A000212,Job vacancies,Number,223,units,0,v1481212154,4.1,11455,B,,,0
2018-06,Nova Scotia,2016A000212,Payroll employees,Number,223,units,0,v1481212155,4.2,407145,A,,,0
2018-06,Nova Scotia,2016A000212,Job vacancy rate,Percent,239,units,0,v1481212156,4.3,2.7,B,,,1
2018-06,New Brunswick,2016A000213,Job vacancies,Number,223,units,0,v1481212157,5.1,7990,B,,,0
2018-06,New Brunswick,2016A000213,Payroll employees,Number,223,units,0,v1481212158,5.2,279030,A,,,0
2018-06,New Brunswick,2016A000213,Job vacancy rate,Percent,239,units,0,v1481212159,5.3,2.8,B,,,1
2018-06,Quebec,2016A000224,Job vacancies,Number,223,units,0,v1481212160,6.1,107375,A,,,0
2018-06,Quebec,2016A000224,Payroll employees,Number,223,units,0,v1481212161,6.2,3524625,A,,,0
2018-06,Quebec,2016A000224,Job vacancy rate,Percent,239,units,0,v1481212162,6.3,3,A,,,1
2018-06,Ontario,2016A000235,Job vacancies,Number,223,units,0,v1481212163,7.1,208630,A,,,0
2018-06,Ontario,2016A000235,Payroll employees,Number,223,units,0,v1481212164,7.2,6178460,A,,,0
2018-06,Ontario,2016A000235,Job vacancy rate,Percent,239,units,0,v1481212165,7.3,3.3,A,,,1
2018-06,Manitoba,2016A000246,Job vacancies,Number,223,units,0,v1481212166,8.1,16100,B,,,0
2018-06,Manitoba,2016A000246,Payroll employees,Number,223,units,0,v1481212167,8.2,586005,A,,,0
2018-06,Manitoba,2016A000246,Job vacancy rate,Percent,239,units,0,v1481212168,8.3,2.7,B,,,1
2018-06,Saskatchewan,2016A000247,Job vacancies,Number,223,units,0,v1481212169,9.1,9385,B,,,0
2018-06,Saskatchewan,2016A000247,Payroll employees,Number,223,units,0,v1481212170,9.2,454275,A,,,0
2018-06,Saskatchewan,2016A000247,Job vacancy rate,Percent,239,units,0,v1481212171,9.3,2,B,,,1
2018-06,Alberta,2016A000248,Job vacancies,Number,223,units,0,v1481212172,10.1,51810,B,,,0
2018-06,Alberta,2016A000248,Payroll employees,Number,223,units,0,v1481212173,10.2,1971480,A,,,0
2018-06,Alberta,2016A000248,Job vacancy rate,Percent,239,units,0,v1481212174,10.3,2.6,B,,,1
2018-06,British Columbia,2016A000259,Job vacancies,Number,223,units,0,v1481212175,11.1,101015,A,,,0
2018-06,British Columbia,2016A000259,Payroll employees,Number,223,units,0,v1481212176,11.2,2181315,A,,,0
2018-06,British Columbia,2016A000259,Job vacancy rate,Percent,239,units,0,v1481212177,11.3,4.4,A,,,1
2018-06,Yukon,2016A000260,Job vacancies,Number,223,units,0,v1481212178,12.1,995,D,,,0
2018-06,Yukon,2016A000260,Payroll employees,Number,223,units,0,v1481212179,12.2,17005,A,,,0
2018-06,Yukon,2016A000260,Job vacancy rate,Percent,239,units,0,v1481212180,12.3,5.5,D,,,1
2018-06,Northwest Territories,2016A000261,Job vacancies,Number,223,units,0,v1481212181,13.1,765,D,,,0
2018-06,Northwest Territories,2016A000261,Payroll employees,Number,223,units,0,v1481212182,13.2,22335,A,,,0
2018-06,Northwest Territories,2016A000261,Job vacancy rate,Percent,239,units,0,v1481212183,13.3,3.3,D,,,1
2018-06,Nunavut,2016A000262,Job vacancies,Number,223,units,0,v1481212184,14.1,,F,,,0
2018-06,Nunavut,2016A000262,Payroll employees,Number,223,units,0,v1481212185,14.2,11670,A,,,0
2018-06,Nunavut,2016A000262,Job vacancy rate,Percent,239,units,0,v1481212186,14.3,,F,,,1
2018-07,Canada,2016A000011124,Job vacancies,Number,223,units,0,v1481212145,1.1,527410,A,,,0
2018-07,Canada,2016A000011124,Payroll employees,Number,223,units,0,v1481212146,1.2,15917610,A,,,0
2018-07,Canada,2016A000011124,Job vacancy rate,Percent,239,units,0,v1481212147,1.3,3.2,A,,,1
2018-07,Newfoundland and Labrador,2016A000210,Job vacancies,Number,223,units,0,v1481212148,2.1,3550,C,,,0
2018-07,Newfoundland and Labrador,2016A000210,Payroll employees,Number,223,units,0,v1481212149,2.2,181585,A,,,0
2018-07,Newfoundland and Labrador,2016A000210,Job vacancy rate,Percent,239,units,0,v1481212150,2.3,1.9,C,,,1
2018-07,Prince Edward Island,2016A000211,Job vacancies,Number,223,units,0,v1481212151,3.1,2250,D,,,0
2018-07,Prince Edward Island,2016A000211,Payroll employees,Number,223,units,0,v1481212152,3.2,62030,A,,,0
2018-07,Prince Edward Island,2016A000211,Job vacancy rate,Percent,239,units,0,v1481212153,3.3,3.5,D,,,1
2018-07,Nova Scotia,2016A000212,Job vacancies,Number,223,units,0,v1481212154,4.1,9955,B,,,0
2018-07,Nova Scotia,2016A000212,Payroll employees,Number,223,units,0,v1481212155,4.2,417810,A,,,0
2018-07,Nova Scotia,2016A000212,Job vacancy rate,Percent,239,units,0,v1481212156,4.3,2.3,B,,,1
2018-07,New Brunswick,2016A000213,Job vacancies,Number,223,units,0,v1481212157,5.1,9305,C,,,0
2018-07,New Brunswick,2016A000213,Payroll employees,Number,223,units,0,v1481212158,5.2,292950,A,,,0
2018-07,New Brunswick,2016A000213,Job vacancy rate,Percent,239,units,0,v1481212159,5.3,3.1,C,,,1
2018-07,Quebec,2016A000224,Job vacancies,Number,223,units,0,v1481212160,6.1,116020,A,,,0
2018-07,Quebec,2016A000224,Payroll employees,Number,223,units,0,v1481212161,6.2,3528335,A,,,0
2018-07,Quebec,2016A000224,Job vacancy rate,Percent,239,units,0,v1481212162,6.3,3.2,A,,,1
2018-07,Ontario,2016A000235,Job vacancies,Number,223,units,0,v1481212163,7.1,206190,A,,,0
2018-07,Ontario,2016A000235,Payroll employees,Number,223,units,0,v1481212164,7.2,6187845,A,,,0
2018-07,Ontario,2016A000235,Job vacancy rate,Percent,239,units,0,v1481212165,7.3,3.2,A,,,1
2018-07,Manitoba,2016A000246,Job vacancies,Number,223,units,0,v1481212166,8.1,13745,B,,,0
2018-07,Manitoba,2016A000246,Payroll employees,Number,223,units,0,v1481212167,8.2,596640,A,,,0
2018-07,Manitoba,2016A000246,Job vacancy rate,Percent,239,units,0,v1481212168,8.3,2.3,B,,,1
2018-07,Saskatchewan,2016A000247,Job vacancies,Number,223,units,0,v1481212169,9.1,9440,B,,,0
2018-07,Saskatchewan,2016A000247,Payroll employees,Number,223,units,0,v1481212170,9.2,458695,A,,,0
2018-07,Saskatchewan,2016A000247,Job vacancy rate,Percent,239,units,0,v1481212171,9.3,2,B,,,1
2018-07,Alberta,2016A000248,Job vacancies,Number,223,units,0,v1481212172,10.1,56150,A,,,0
2018-07,Alberta,2016A000248,Payroll employees,Number,223,units,0,v1481212173,10.2,1957185,A,,,0
2018-07,Alberta,2016A000248,Job vacancy rate,Percent,239,units,0,v1481212174,10.3,2.8,A,,,1
2018-07,British Columbia,2016A000259,Job vacancies,Number,223,units,0,v1481212175,11.1,99020,A,,,0
2018-07,British Columbia,2016A000259,Payroll employees,Number,223,units,0,v1481212176,11.2,2183330,A,,,0
2018-07,British Columbia,2016A000259,Job vacancy rate,Percent,239,units,0,v1481212177,11.3,4.3,A,,,1
2018-07,Yukon,2016A000260,Job vacancies,Number,223,units,0,v1481212178,12.1,730,D,,,0
2018-07,Yukon,2016A000260,Payroll employees,Number,223,units,0,v1481212179,12.2,17260,A,,,0
2018-07,Yukon,2016A000260,Job vacancy rate,Percent,239,units,0,v1481212180,12.3,4.1,D,,,1
2018-07,Northwest Territories,2016A000261,Job vacancies,Number,223,units,0,v1481212181,13.1,,F,,,0
2018-07,Northwest Territories,2016A000261,Payroll employees,Number,223,units,0,v1481212182,13.2,22215,A,,,0
2018-07,Northwest Territories,2016A000261,Job vacancy rate,Percent,239,units,0,v1481212183,13.3,,F,,,1
2018-07,Nunavut,2016A000262,Job vacancies,Number,223,units,0,v1481212184,14.1,,F,,,0
2018-07,Nunavut,2016A000262,Payroll employees,Number,223,units,0,v1481212185,14.2,11735,A,,,0
2018-07,Nunavut,2016A000262,Job vacancy rate,Percent,239,units,0,v1481212186,14.3,,F,,,1
2018-08,Canada,2016A000011124,Job vacancies,Number,223,units,0,v1481212145,1.1,508695,A,,,0
2018-08,Canada,2016A000011124,Payroll employees,Number,223,units,0,v1481212146,1.2,15885370,A,,,0
2018-08,Canada,2016A000011124,Job vacancy rate,Percent,239,units,0,v1481212147,1.3,3.1,A,,,1
2018-08,Newfoundland and Labrador,2016A000210,Job vacancies,Number,223,units,0,v1481212148,2.1,3790,C,,,0
2018-08,Newfoundland and Labrador,2016A000210,Payroll employees,Number,223,units,0,v1481212149,2.2,189210,A,,,0
2018-08,Newfoundland and Labrador,2016A000210,Job vacancy rate,Percent,239,units,0,v1481212150,2.3,2,C,,,1
2018-08,Prince Edward Island,2016A000211,Job vacancies,Number,223,units,0,v1481212151,3.1,2000,E,,,0
2018-08,Prince Edward Island,2016A000211,Payroll employees,Number,223,units,0,v1481212152,3.2,61815,A,,,0
2018-08,Prince Edward Island,2016A000211,Job vacancy rate,Percent,239,units,0,v1481212153,3.3,3.1,E,,,1
2018-08,Nova Scotia,2016A000212,Job vacancies,Number,223,units,0,v1481212154,4.1,9700,B,,,0
2018-08,Nova Scotia,2016A000212,Payroll employees,Number,223,units,0,v1481212155,4.2,400295,A,,,0
2018-08,Nova Scotia,2016A000212,Job vacancy rate,Percent,239,units,0,v1481212156,4.3,2.4,B,,,1
2018-08,New Brunswick,2016A000213,Job vacancies,Number,223,units,0,v1481212157,5.1,7555,B,,,0
2018-08,New Brunswick,2016A000213,Payroll employees,Number,223,units,0,v1481212158,5.2,301735,A,,,0
2018-08,New Brunswick,2016A000213,Job vacancy rate,Percent,239,units,0,v1481212159,5.3,2.4,B,,,1
2018-08,Quebec,2016A000224,Job vacancies,Number,223,units,0,v1481212160,6.1,111260,A,,,0
2018-08,Quebec,2016A000224,Payroll employees,Number,223,units,0,v1481212161,6.2,3525825,A,,,0
2018-08,Quebec,2016A000224,Job vacancy rate,Percent,239,units,0,v1481212162,6.3,3.1,A,,,1
2018-08,Ontario,2016A000235,Job vacancies,Number,223,units,0,v1481212163,7.1,190645,A,,,0
2018-08,Ontario,2016A000235,Payroll employees,Number,223,units,0,v1481212164,7.2,6188510,A,,,0
2018-08,Ontario,2016A000235,Job vacancy rate,Percent,239,units,0,v1481212165,7.3,3,A,,,1
2018-08,Manitoba,2016A000246,Job vacancies,Number,223,units,0,v1481212166,8.1,12535,B,,,0
2018-08,Manitoba,2016A000246,Payroll employees,Number,223,units,0,v1481212167,8.2,583550,A,,,0
2018-08,Manitoba,2016A000246,Job vacancy rate,Percent,239,units,0,v1481212168,8.3,2.1,B,,,1
2018-08,Saskatchewan,2016A000247,Job vacancies,Number,223,units,0,v1481212169,9.1,10420,B,,,0
2018-08,Saskatchewan,2016A000247,Payroll employees,Number,223,units,0,v1481212170,9.2,451275,A,,,0
2018-08,Saskatchewan,2016A000247,Job vacancy rate,Percent,239,units,0,v1481212171,9.3,2.3,B,,,1
2018-08,Alberta,2016A000248,Job vacancies,Number,223,units,0,v1481212172,10.1,54845,B,,,0
2018-08,Alberta,2016A000248,Payroll employees,Number,223,units,0,v1481212173,10.2,1948880,A,,,0
2018-08,Alberta,2016A000248,Job vacancy rate,Percent,239,units,0,v1481212174,10.3,2.7,B,,,1
2018-08,British Columbia,2016A000259,Job vacancies,Number,223,units,0,v1481212175,11.1,104390,A,,,0
2018-08,British Columbia,2016A000259,Payroll employees,Number,223,units,0,v1481212176,11.2,2182760,A,,,0
2018-08,British Columbia,2016A000259,Job vacancy rate,Percent,239,units,0,v1481212177,11.3,4.6,A,,,1
2018-08,Yukon,2016A000260,Job vacancies,Number,223,units,0,v1481212178,12.1,585,D,,,0
2018-08,Yukon,2016A000260,Payroll employees,Number,223,units,0,v1481212179,12.2,17205,A,,,0
2018-08,Yukon,2016A000260,Job vacancy rate,Percent,239,units,0,v1481212180,12.3,3.3,D,,,1
2018-08,Northwest Territories,2016A000261,Job vacancies,Number,223,units,0,v1481212181,13.1,700,D,,,0
2018-08,Northwest Territories,2016A000261,Payroll employees,Number,223,units,0,v1481212182,13.2,22280,A,,,0
2018-08,Northwest Territories,2016A000261,Job vacancy rate,Percent,239,units,0,v1481212183,13.3,3,D,,,1
2018-08,Nunavut,2016A000262,Job vacancies,Number,223,units,0,v1481212184,14.1,270,D,,,0
2018-08,Nunavut,2016A000262,Payroll employees,Number,223,units,0,v1481212185,14.2,12035,A,,,0
2018-08,Nunavut,2016A000262,Job vacancy rate,Percent,239,units,0,v1481212186,14.3,2.2,D,,,1
2018-09,Canada,2016A000011124,Job vacancies,Number,223,units,0,v1481212145,1.1,540645,A,,,0
2018-09,Canada,2016A000011124,Payroll employees,Number,223,units,0,v1481212146,1.2,15947240,A,,,0
2018-09,Canada,2016A000011124,Job vacancy rate,Percent,239,units,0,v1481212147,1.3,3.3,A,,,1
2018-09,Newfoundland and Labrador,2016A000210,Job vacancies,Number,223,units,0,v1481212148,2.1,3335,C,,,0
2018-09,Newfoundland and Labrador,2016A000210,Payroll employees,Number,223,units,0,v1481212149,2.2,187100,A,,,0
2018-09,Newfoundland and Labrador,2016A000210,Job vacancy rate,Percent,239,units,0,v1481212150,2.3,1.8,C,,,1
2018-09,Prince Edward Island,2016A000211,Job vacancies,Number,223,units,0,v1481212151,3.1,2210,D,,,0
2018-09,Prince Edward Island,2016A000211,Payroll employees,Number,223,units,0,v1481212152,3.2,63030,A,,,0
2018-09,Prince Edward Island,2016A000211,Job vacancy rate,Percent,239,units,0,v1481212153,3.3,3.4,C,,,1
2018-09,Nova Scotia,2016A000212,Job vacancies,Number,223,units,0,v1481212154,4.1,11905,B,,,0
2018-09,Nova Scotia,2016A000212,Payroll employees,Number,223,units,0,v1481212155,4.2,416010,A,,,0
2018-09,Nova Scotia,2016A000212,Job vacancy rate,Percent,239,units,0,v1481212156,4.3,2.8,B,,,1
2018-09,New Brunswick,2016A000213,Job vacancies,Number,223,units,0,v1481212157,5.1,8375,B,,,0
2018-09,New Brunswick,2016A000213,Payroll employees,Number,223,units,0,v1481212158,5.2,289605,A,,,0
2018-09,New Brunswick,2016A000213,Job vacancy rate,Percent,239,units,0,v1481212159,5.3,2.8,B,,,1
2018-09,Quebec,2016A000224,Job vacancies,Number,223,units,0,v1481212160,6.1,113835,A,,,0
2018-09,Quebec,2016A000224,Payroll employees,Number,223,units,0,v1481212161,6.2,3527650,A,,,0
2018-09,Quebec,2016A000224,Job vacancy rate,Percent,239,units,0,v1481212162,6.3,3.1,A,,,1
2018-09,Ontario,2016A000235,Job vacancies,Number,223,units,0,v1481212163,7.1,208190,A,,,0
2018-09,Ontario,2016A000235,Payroll employees,Number,223,units,0,v1481212164,7.2,6212995,A,,,0
2018-09,Ontario,2016A000235,Job vacancy rate,Percent,239,units,0,v1481212165,7.3,3.2,A,,,1
2018-09,Manitoba,2016A000246,Job vacancies,Number,223,units,0,v1481212166,8.1,15070,B,,,0
2018-09,Manitoba,2016A000246,Payroll employees,Number,223,units,0,v1481212167,8.2,590725,A,,,0
2018-09,Manitoba,2016A000246,Job vacancy rate,Percent,239,units,0,v1481212168,8.3,2.5,B,,,1
2018-09,Saskatchewan,2016A000247,Job vacancies,Number,223,units,0,v1481212169,9.1,10275,B,,,0
2018-09,Saskatchewan,2016A000247,Payroll employees,Number,223,units,0,v1481212170,9.2,456500,A,,,0
2018-09,Saskatchewan,2016A000247,Job vacancy rate,Percent,239,units,0,v1481212171,9.3,2.2,B,,,1
2018-09,Alberta,2016A000248,Job vacancies,Number,223,units,0,v1481212172,10.1,57345,A,,,0
2018-09,Alberta,2016A000248,Payroll employees,Number,223,units,0,v1481212173,10.2,1959360,A,,,0
2018-09,Alberta,2016A000248,Job vacancy rate,Percent,239,units,0,v1481212174,10.3,2.8,A,,,1
2018-09,British Columbia,2016A000259,Job vacancies,Number,223,units,0,v1481212175,11.1,107975,B,,,0
2018-09,British Columbia,2016A000259,Payroll employees,Number,223,units,0,v1481212176,11.2,2192445,A,,,0
2018-09,British Columbia,2016A000259,Job vacancy rate,Percent,239,units,0,v1481212177,11.3,4.7,B,,,1
2018-09,Yukon,2016A000260,Job vacancies,Number,223,units,0,v1481212178,12.1,905,D,,,0
2018-09,Yukon,2016A000260,Payroll employees,Number,223,units,0,v1481212179,12.2,17510,A,,,0
2018-09,Yukon,2016A000260,Job vacancy rate,Percent,239,units,0,v1481212180,12.3,4.9,D,,,1
2018-09,Northwest Territories,2016A000261,Job vacancies,Number,223,units,0,v1481212181,13.1,795,D,,,0
2018-09,Northwest Territories,2016A000261,Payroll employees,Number,223,units,0,v1481212182,13.2,22350,A,,,0
2018-09,Northwest Territories,2016A000261,Job vacancy rate,Percent,239,units,0,v1481212183,13.3,3.4,D,,,1
2018-09,Nunavut,2016A000262,Job vacancies,Number,223,units,0,v1481212184,14.1,430,E,,,0
2018-09,Nunavut,2016A000262,Payroll employees,Number,223,units,0,v1481212185,14.2,11960,A,,,0
2018-09,Nunavut,2016A000262,Job vacancy rate,Percent,239,units,0,v1481212186,14.3,3.5,E,,,1
2018-10,Canada,2016A000011124,Job vacancies,Number,223,units,0,v1481212145,1.1,573930,A,,,0
2018-10,Canada,2016A000011124,Payroll employees,Number,223,units,0,v1481212146,1.2,15973485,A,,,0
2018-10,Canada,2016A000011124,Job vacancy rate,Percent,239,units,0,v1481212147,1.3,3.5,A,,,1
2018-10,Newfoundland and Labrador,2016A000210,Job vacancies,Number,223,units,0,v1481212148,2.1,3895,C,,,0
2018-10,Newfoundland and Labrador,2016A000210,Payroll employees,Number,223,units,0,v1481212149,2.2,186225,A,,,0
2018-10,Newfoundland and Labrador,2016A000210,Job vacancy rate,Percent,239,units,0,v1481212150,2.3,2,C,,,1
2018-10,Prince Edward Island,2016A000211,Job vacancies,Number,223,units,0,v1481212151,3.1,1840,D,,,0
2018-10,Prince Edward Island,2016A000211,Payroll employees,Number,223,units,0,v1481212152,3.2,62170,A,,,0
2018-10,Prince Edward Island,2016A000211,Job vacancy rate,Percent,239,units,0,v1481212153,3.3,2.9,D,,,1
2018-10,Nova Scotia,2016A000212,Job vacancies,Number,223,units,0,v1481212154,4.1,11165,B,,,0
2018-10,Nova Scotia,2016A000212,Payroll employees,Number,223,units,0,v1481212155,4.2,410235,A,,,0
2018-10,Nova Scotia,2016A000212,Job vacancy rate,Percent,239,units,0,v1481212156,4.3,2.6,B,,,1
2018-10,New Brunswick,2016A000213,Job vacancies,Number,223,units,0,v1481212157,5.1,9180,B,,,0
2018-10,New Brunswick,2016A000213,Payroll employees,Number,223,units,0,v1481212158,5.2,296760,A,,,0
2018-10,New Brunswick,2016A000213,Job vacancy rate,Percent,239,units,0,v1481212159,5.3,3,B,,,1
2018-10,Quebec,2016A000224,Job vacancies,Number,223,units,0,v1481212160,6.1,122445,A,,,0
2018-10,Quebec,2016A000224,Payroll employees,Number,223,units,0,v1481212161,6.2,3544655,A,,,0
2018-10,Quebec,2016A000224,Job vacancy rate,Percent,239,units,0,v1481212162,6.3,3.3,A,,,1
2018-10,Ontario,2016A000235,Job vacancies,Number,223,units,0,v1481212163,7.1,226275,C,,,0
2018-10,Ontario,2016A000235,Payroll employees,Number,223,units,0,v1481212164,7.2,6224350,A,,,0
2018-10,Ontario,2016A000235,Job vacancy rate,Percent,239,units,0,v1481212165,7.3,3.5,C,,,1
2018-10,Manitoba,2016A000246,Job vacancies,Number,223,units,0,v1481212166,8.1,14870,B,,,0
2018-10,Manitoba,2016A000246,Payroll employees,Number,223,units,0,v1481212167,8.2,593205,A,,,0
2018-10,Manitoba,2016A000246,Job vacancy rate,Percent,239,units,0,v1481212168,8.3,2.4,B,,,1
2018-10,Saskatchewan,2016A000247,Job vacancies,Number,223,units,0,v1481212169,9.1,9700,B,,,0
2018-10,Saskatchewan,2016A000247,Payroll employees,Number,223,units,0,v1481212170,9.2,456845,A,,,0
2018-10,Saskatchewan,2016A000247,Job vacancy rate,Percent,239,units,0,v1481212171,9.3,2.1,B,,,1
2018-10,Alberta,2016A000248,Job vacancies,Number,223,units,0,v1481212172,10.1,60080,A,,,0
2018-10,Alberta,2016A000248,Payroll employees,Number,223,units,0,v1481212173,10.2,1946570,A,,,0
2018-10,Alberta,2016A000248,Job vacancy rate,Percent,239,units,0,v1481212174,10.3,3,A,,,1
2018-10,British Columbia,2016A000259,Job vacancies,Number,223,units,0,v1481212175,11.1,112280,A,,,0
2018-10,British Columbia,2016A000259,Payroll employees,Number,223,units,0,v1481212176,11.2,2201100,A,,,0
2018-10,British Columbia,2016A000259,Job vacancy rate,Percent,239,units,0,v1481212177,11.3,4.9,A,,,1
2018-10,Yukon,2016A000260,Job vacancies,Number,223,units,0,v1481212178,12.1,850,D,,,0
2018-10,Yukon,2016A000260,Payroll employees,Number,223,units,0,v1481212179,12.2,17330,A,,,0
2018-10,Yukon,2016A000260,Job vacancy rate,Percent,239,units,0,v1481212180,12.3,4.7,D,,,1
2018-10,Northwest Territories,2016A000261,Job vacancies,Number,223,units,0,v1481212181,13.1,,F,,,0
2018-10,Northwest Territories,2016A000261,Payroll employees,Number,223,units,0,v1481212182,13.2,22245,A,,,0
2018-10,Northwest Territories,2016A000261,Job vacancy rate,Percent,239,units,0,v1481212183,13.3,4.5,E,,,1
2018-10,Nunavut,2016A000262,Job vacancies,Number,223,units,0,v1481212184,14.1,300,E,,,0
2018-10,Nunavut,2016A000262,Payroll employees,Number,223,units,0,v1481212185,14.2,11795,A,,,0
2018-10,Nunavut,2016A000262,Job vacancy rate,Percent,239,units,0,v1481212186,14.3,2.5,E,,,1
2018-11,Canada,2016A000011124,Job vacancies,Number,223,units,0,v1481212145,1.1,556200,A,,,0
2018-11,Canada,2016A000011124,Payroll employees,Number,223,units,0,v1481212146,1.2,16021675,A,,,0
2018-11,Canada,2016A000011124,Job vacancy rate,Percent,239,units,0,v1481212147,1.3,3.4,A,,,1
2018-11,Newfoundland and Labrador,2016A000210,Job vacancies,Number,223,units,0,v1481212148,2.1,4075,C,,,0
2018-11,Newfoundland and Labrador,2016A000210,Payroll employees,Number,223,units,0,v1481212149,2.2,182515,A,,,0
2018-11,Newfoundland and Labrador,2016A000210,Job vacancy rate,Percent,239,units,0,v1481212150,2.3,2.2,C,,,1
2018-11,Prince Edward Island,2016A000211,Job vacancies,Number,223,units,0,v1481212151,3.1,2295,E,,,0
2018-11,Prince Edward Island,2016A000211,Payroll employees,Number,223,units,0,v1481212152,3.2,62240,A,,,0
2018-11,Prince Edward Island,2016A000211,Job vacancy rate,Percent,239,units,0,v1481212153,3.3,3.6,E,,,1
2018-11,Nova Scotia,2016A000212,Job vacancies,Number,223,units,0,v1481212154,4.1,10595,B,,,0
2018-11,Nova Scotia,2016A000212,Payroll employees,Number,223,units,0,v1481212155,4.2,404955,A,,,0
2018-11,Nova Scotia,2016A000212,Job vacancy rate,Percent,239,units,0,v1481212156,4.3,2.5,B,,,1
2018-11,New Brunswick,2016A000213,Job vacancies,Number,223,units,0,v1481212157,5.1,9185,C,,,0
2018-11,New Brunswick,2016A000213,Payroll employees,Number,223,units,0,v1481212158,5.2,312145,A,,,0
2018-11,New Brunswick,2016A000213,Job vacancy rate,Percent,239,units,0,v1481212159,5.3,2.9,C,,,1
2018-11,Quebec,2016A000224,Job vacancies,Number,223,units,0,v1481212160,6.1,120845,A,,,0
2018-11,Quebec,2016A000224,Payroll employees,Number,223,units,0,v1481212161,6.2,3552845,A,,,0
2018-11,Quebec,2016A000224,Job vacancy rate,Percent,239,units,0,v1481212162,6.3,3.3,A,,,1
2018-11,Ontario,2016A000235,Job vacancies,Number,223,units,0,v1481212163,7.1,216560,B,,,0
2018-11,Ontario,2016A000235,Payroll employees,Number,223,units,0,v1481212164,7.2,6249500,A,,,0
2018-11,Ontario,2016A000235,Job vacancy rate,Percent,239,units,0,v1481212165,7.3,3.3,B,,,1
2018-11,Manitoba,2016A000246,Job vacancies,Number,223,units,0,v1481212166,8.1,13820,B,,,0
2018-11,Manitoba,2016A000246,Payroll employees,Number,223,units,0,v1481212167,8.2,588960,A,,,0
2018-11,Manitoba,2016A000246,Job vacancy rate,Percent,239,units,0,v1481212168,8.3,2.3,B,,,1
2018-11,Saskatchewan,2016A000247,Job vacancies,Number,223,units,0,v1481212169,9.1,10035,B,,,0
2018-11,Saskatchewan,2016A000247,Payroll employees,Number,223,units,0,v1481212170,9.2,454845,A,,,0
2018-11,Saskatchewan,2016A000247,Job vacancy rate,Percent,239,units,0,v1481212171,9.3,2.2,B,,,1
2018-11,Alberta,2016A000248,Job vacancies,Number,223,units,0,v1481212172,10.1,58690,B,,,0
2018-11,Alberta,2016A000248,Payroll employees,Number,223,units,0,v1481212173,10.2,1961890,A,,,0
2018-11,Alberta,2016A000248,Job vacancy rate,Percent,239,units,0,v1481212174,10.3,2.9,B,,,1
2018-11,British Columbia,2016A000259,Job vacancies,Number,223,units,0,v1481212175,11.1,108105,A,,,0
2018-11,British Columbia,2016A000259,Payroll employees,Number,223,units,0,v1481212176,11.2,2200585,A,,,0
2018-11,British Columbia,2016A000259,Job vacancy rate,Percent,239,units,0,v1481212177,11.3,4.7,A,,,1
2018-11,Yukon,2016A000260,Job vacancies,Number,223,units,0,v1481212178,12.1,705,E,,,0
2018-11,Yukon,2016A000260,Payroll employees,Number,223,units,0,v1481212179,12.2,17055,A,,,0
2018-11,Yukon,2016A000260,Job vacancy rate,Percent,239,units,0,v1481212180,12.3,4,E,,,1
2018-11,Northwest Territories,2016A000261,Job vacancies,Number,223,units,0,v1481212181,13.1,800,E,,,0
2018-11,Northwest Territories,2016A000261,Payroll employees,Number,223,units,0,v1481212182,13.2,22155,A,,,0
2018-11,Northwest Territories,2016A000261,Job vacancy rate,Percent,239,units,0,v1481212183,13.3,3.5,E,,,1
2018-11,Nunavut,2016A000262,Job vacancies,Number,223,units,0,v1481212184,14.1,490,D,,,0
2018-11,Nunavut,2016A000262,Payroll employees,Number,223,units,0,v1481212185,14.2,11995,A,,,0
2018-11,Nunavut,2016A000262,Job vacancy rate,Percent,239,units,0,v1481212186,14.3,3.9,D,,,1
2018-12,Canada,2016A000011124,Job vacancies,Number,223,units,0,v1481212145,1.1,556580,A,,,0
2018-12,Canada,2016A000011124,Payroll employees,Number,223,units,0,v1481212146,1.2,16127720,A,,,0
2018-12,Canada,2016A000011124,Job vacancy rate,Percent,239,units,0,v1481212147,1.3,3.3,A,,,1
2018-12,Newfoundland and Labrador,2016A000210,Job vacancies,Number,223,units,0,v1481212148,2.1,3695,C,,,0
2018-12,Newfoundland and Labrador,2016A000210,Payroll employees,Number,223,units,0,v1481212149,2.2,190560,A,,,0
2018-12,Newfoundland and Labrador,2016A000210,Job vacancy rate,Percent,239,units,0,v1481212150,2.3,1.9,C,,,1
2018-12,Prince Edward Island,2016A000211,Job vacancies,Number,223,units,0,v1481212151,3.1,2685,D,,,0
2018-12,Prince Edward Island,2016A000211,Payroll employees,Number,223,units,0,v1481212152,3.2,63515,A,,,0
2018-12,Prince Edward Island,2016A000211,Job vacancy rate,Percent,239,units,0,v1481212153,3.3,4.1,C,,,1
2018-12,Nova Scotia,2016A000212,Job vacancies,Number,223,units,0,v1481212154,4.1,10825,B,,,0
2018-12,Nova Scotia,2016A000212,Payroll employees,Number,223,units,0,v1481212155,4.2,413055,A,,,0
2018-12,Nova Scotia,2016A000212,Job vacancy rate,Percent,239,units,0,v1481212156,4.3,2.6,B,,,1
2018-12,New Brunswick,2016A000213,Job vacancies,Number,223,units,0,v1481212157,5.1,9145,B,,,0
2018-12,New Brunswick,2016A000213,Payroll employees,Number,223,units,0,v1481212158,5.2,293965,A,,,0
2018-12,New Brunswick,2016A000213,Job vacancy rate,Percent,239,units,0,v1481212159,5.3,3,B,,,1
2018-12,Quebec,2016A000224,Job vacancies,Number,223,units,0,v1481212160,6.1,121735,A,,,0
2018-12,Quebec,2016A000224,Payroll employees,Number,223,units,0,v1481212161,6.2,3589360,A,,,0
2018-12,Quebec,2016A000224,Job vacancy rate,Percent,239,units,0,v1481212162,6.3,3.3,A,,,1
2018-12,Ontario,2016A000235,Job vacancies,Number,223,units,0,v1481212163,7.1,213360,A,,,0
2018-12,Ontario,2016A000235,Payroll employees,Number,223,units,0,v1481212164,7.2,6275120,A,,,0
2018-12,Ontario,2016A000235,Job vacancy rate,Percent,239,units,0,v1481212165,7.3,3.3,A,,,1
2018-12,Manitoba,2016A000246,Job vacancies,Number,223,units,0,v1481212166,8.1,16600,B,,,0
2018-12,Manitoba,2016A000246,Payroll employees,Number,223,units,0,v1481212167,8.2,598735,A,,,0
2018-12,Manitoba,2016A000246,Job vacancy rate,Percent,239,units,0,v1481212168,8.3,2.7,B,,,1
2018-12,Saskatchewan,2016A000247,Job vacancies,Number,223,units,0,v1481212169,9.1,9920,B,,,0
2018-12,Saskatchewan,2016A000247,Payroll employees,Number,223,units,0,v1481212170,9.2,459980,A,,,0
2018-12,Saskatchewan,2016A000247,Job vacancy rate,Percent,239,units,0,v1481212171,9.3,2.1,B,,,1
2018-12,Alberta,2016A000248,Job vacancies,Number,223,units,0,v1481212172,10.1,57335,D,,,0
2018-12,Alberta,2016A000248,Payroll employees,Number,223,units,0,v1481212173,10.2,1972905,A,,,0
2018-12,Alberta,2016A000248,Job vacancy rate,Percent,239,units,0,v1481212174,10.3,2.8,C,,,1
2018-12,British Columbia,2016A000259,Job vacancies,Number,223,units,0,v1481212175,11.1,109485,B,,,0
2018-12,British Columbia,2016A000259,Payroll employees,Number,223,units,0,v1481212176,11.2,2218810,A,,,0
2018-12,British Columbia,2016A000259,Job vacancy rate,Percent,239,units,0,v1481212177,11.3,4.7,B,,,1
2018-12,Yukon,2016A000260,Job vacancies,Number,223,units,0,v1481212178,12.1,880,D,,,0
2018-12,Yukon,2016A000260,Payroll employees,Number,223,units,0,v1481212179,12.2,17105,A,,,0
2018-12,Yukon,2016A000260,Job vacancy rate,Percent,239,units,0,v1481212180,12.3,4.9,D,,,1
2018-12,Northwest Territories,2016A000261,Job vacancies,Number,223,units,0,v1481212181,13.1,495,D,,,0
2018-12,Northwest Territories,2016A000261,Payroll employees,Number,223,units,0,v1481212182,13.2,22335,A,,,0
2018-12,Northwest Territories,2016A000261,Job vacancy rate,Percent,239,units,0,v1481212183,13.3,2.2,D,,,1
2018-12,Nunavut,2016A000262,Job vacancies,Number,223,units,0,v1481212184,14.1,425,E,,,0
2018-12,Nunavut,2016A000262,Payroll employees,Number,223,units,0,v1481212185,14.2,12275,A,,,0
2018-12,Nunavut,2016A000262,Job vacancy rate,Percent,239,units,0,v1481212186,14.3,3.3,E,,,1
2019-01,Canada,2016A000011124,Job vacancies,Number,223,units,0,v1481212145,1.1,545025,A,,,0
2019-01,Canada,2016A000011124,Payroll employees,Number,223,units,0,v1481212146,1.2,16100310,A,,,0
2019-01,Canada,2016A000011124,Job vacancy rate,Percent,239,units,0,v1481212147,1.3,3.3,A,,,1
2019-01,Newfoundland and Labrador,2016A000210,Job vacancies,Number,223,units,0,v1481212148,2.1,3635,D,,,0
2019-01,Newfoundland and Labrador,2016A000210,Payroll employees,Number,223,units,0,v1481212149,2.2,182910,C,,,0
2019-01,Newfoundland and Labrador,2016A000210,Job vacancy rate,Percent,239,units,0,v1481212150,2.3,1.9,C,,,1
2019-01,Prince Edward Island,2016A000211,Job vacancies,Number,223,units,0,v1481212151,3.1,1625,D,,,0
2019-01,Prince Edward Island,2016A000211,Payroll employees,Number,223,units,0,v1481212152,3.2,62925,A,,,0
2019-01,Prince Edward Island,2016A000211,Job vacancy rate,Percent,239,units,0,v1481212153,3.3,2.5,D,,,1
2019-01,Nova Scotia,2016A000212,Job vacancies,Number,223,units,0,v1481212154,4.1,10810,B,,,0
2019-01,Nova Scotia,2016A000212,Payroll employees,Number,223,units,0,v1481212155,4.2,413570,A,,,0
2019-01,Nova Scotia,2016A000212,Job vacancy rate,Percent,239,units,0,v1481212156,4.3,2.5,B,,,1
2019-01,New Brunswick,2016A000213,Job vacancies,Number,223,units,0,v1481212157,5.1,9005,B,,,0
2019-01,New Brunswick,2016A000213,Payroll employees,Number,223,units,0,v1481212158,5.2,302530,A,,,0
2019-01,New Brunswick,2016A000213,Job vacancy rate,Percent,239,units,0,v1481212159,5.3,2.9,B,,,1
2019-01,Quebec,2016A000224,Job vacancies,Number,223,units,0,v1481212160,6.1,120105,A,,,0
2019-01,Quebec,2016A000224,Payroll employees,Number,223,units,0,v1481212161,6.2,3585415,A,,,0
2019-01,Quebec,2016A000224,Job vacancy rate,Percent,239,units,0,v1481212162,6.3,3.2,A,,,1
2019-01,Ontario,2016A000235,Job vacancies,Number,223,units,0,v1481212163,7.1,211200,A,,,0
2019-01,Ontario,2016A000235,Payroll employees,Number,223,units,0,v1481212164,7.2,6267935,A,,,0
2019-01,Ontario,2016A000235,Job vacancy rate,Percent,239,units,0,v1481212165,7.3,3.3,A,,,1
2019-01,Manitoba,2016A000246,Job vacancies,Number,223,units,0,v1481212166,8.1,14095,C,,,0
2019-01,Manitoba,2016A000246,Payroll employees,Number,223,units,0,v1481212167,8.2,592065,A,,,0
2019-01,Manitoba,2016A000246,Job vacancy rate,Percent,239,units,0,v1481212168,8.3,2.3,C,,,1
2019-01,Saskatchewan,2016A000247,Job vacancies,Number,223,units,0,v1481212169,9.1,9215,B,,,0
2019-01,Saskatchewan,2016A000247,Payroll employees,Number,223,units,0,v1481212170,9.2,459700,A,,,0
2019-01,Saskatchewan,2016A000247,Job vacancy rate,Percent,239,units,0,v1481212171,9.3,2,B,,,1
2019-01,Alberta,2016A000248,Job vacancies,Number,223,units,0,v1481212172,10.1,54140,B,,,0
2019-01,Alberta,2016A000248,Payroll employees,Number,223,units,0,v1481212173,10.2,1964660,A,,,0
2019-01,Alberta,2016A000248,Job vacancy rate,Percent,239,units,0,v1481212174,10.3,2.7,A,,,1
2019-01,British Columbia,2016A000259,Job vacancies,Number,223,units,0,v1481212175,11.1,109125,A,,,0
2019-01,British Columbia,2016A000259,Payroll employees,Number,223,units,0,v1481212176,11.2,2217180,A,,,0
2019-01,British Columbia,2016A000259,Job vacancy rate,Percent,239,units,0,v1481212177,11.3,4.7,A,,,1
2019-01,Yukon,2016A000260,Job vacancies,Number,223,units,0,v1481212178,12.1,780,E,,,0
2019-01,Yukon,2016A000260,Payroll employees,Number,223,units,0,v1481212179,12.2,17095,A,,,0
2019-01,Yukon,2016A000260,Job vacancy rate,Percent,239,units,0,v1481212180,12.3,4.4,E,,,1
2019-01,Northwest Territories,2016A000261,Job vacancies,Number,223,units,0,v1481212181,13.1,840,E,,,0
2019-01,Northwest Territories,2016A000261,Payroll employees,Number,223,units,0,v1481212182,13.2,21945,A,,,0
2019-01,Northwest Territories,2016A000261,Job vacancy rate,Percent,239,units,0,v1481212183,13.3,3.7,E,,,1
2019-01,Nunavut,2016A000262,Job vacancies,Number,223,units,0,v1481212184,14.1,455,E,,,0
2019-01,Nunavut,2016A000262,Payroll employees,Number,223,units,0,v1481212185,14.2,12385,A,,,0
2019-01,Nunavut,2016A000262,Job vacancy rate,Percent,239,units,0,v1481212186,14.3,3.5,E,,,1
2019-02,Canada,2016A000011124,Job vacancies,Number,223,units,0,v1481212145,1.1,541525,A,,,0
2019-02,Canada,2016A000011124,Payroll employees,Number,223,units,0,v1481212146,1.2,16168990,A,,,0
2019-02,Canada,2016A000011124,Job vacancy rate,Percent,239,units,0,v1481212147,1.3,3.2,A,,,1
2019-02,Newfoundland and Labrador,2016A000210,Job vacancies,Number,223,units,0,v1481212148,2.1,4775,C,,,0
2019-02,Newfoundland and Labrador,2016A000210,Payroll employees,Number,223,units,0,v1481212149,2.2,194695,A,,,0
2019-02,Newfoundland and Labrador,2016A000210,Job vacancy rate,Percent,239,units,0,v1481212150,2.3,2.4,C,,,1
2019-02,Prince Edward Island,2016A000211,Job vacancies,Number,223,units,0,v1481212151,3.1,2045,E,,,0
2019-02,Prince Edward Island,2016A000211,Payroll employees,Number,223,units,0,v1481212152,3.2,63045,A,,,0
2019-02,Prince Edward Island,2016A000211,Job vacancy rate,Percent,239,units,0,v1481212153,3.3,3.1,E,,,1
2019-02,Nova Scotia,2016A000212,Job vacancies,Number,223,units,0,v1481212154,4.1,10445,B,,,0
2019-02,Nova Scotia,2016A000212,Payroll employees,Number,223,units,0,v1481212155,4.2,404895,A,,,0
2019-02,Nova Scotia,2016A000212,Job vacancy rate,Percent,239,units,0,v1481212156,4.3,2.5,B,,,1
2019-02,New Brunswick,2016A000213,Job vacancies,Number,223,units,0,v1481212157,5.1,8130,B,,,0
2019-02,New Brunswick,2016A000213,Payroll employees,Number,223,units,0,v1481212158,5.2,306730,A,,,0
2019-02,New Brunswick,2016A000213,Job vacancy rate,Percent,239,units,0,v1481212159,5.3,2.6,B,,,1
2019-02,Quebec,2016A000224,Job vacancies,Number,223,units,0,v1481212160,6.1,124325,A,,,0
2019-02,Quebec,2016A000224,Payroll employees,Number,223,units,0,v1481212161,6.2,3605965,A,,,0
2019-02,Quebec,2016A000224,Job vacancy rate,Percent,239,units,0,v1481212162,6.3,3.3,A,,,1
2019-02,Ontario,2016A000235,Job vacancies,Number,223,units,0,v1481212163,7.1,207315,A,,,0
2019-02,Ontario,2016A000235,Payroll employees,Number,223,units,0,v1481212164,7.2,6286465,A,,,0
2019-02,Ontario,2016A000235,Job vacancy rate,Percent,239,units,0,v1481212165,7.3,3.2,A,,,1
2019-02,Manitoba,2016A000246,Job vacancies,Number,223,units,0,v1481212166,8.1,14320,B,,,0
2019-02,Manitoba,2016A000246,Payroll employees,Number,223,units,0,v1481212167,8.2,595055,A,,,0
2019-02,Manitoba,2016A000246,Job vacancy rate,Percent,239,units,0,v1481212168,8.3,2.3,B,,,1
2019-02,Saskatchewan,2016A000247,Job vacancies,Number,223,units,0,v1481212169,9.1,9330,B,,,0
2019-02,Saskatchewan,2016A000247,Payroll employees,Number,223,units,0,v1481212170,9.2,460275,A,,,0
2019-02,Saskatchewan,2016A000247,Job vacancy rate,Percent,239,units,0,v1481212171,9.3,2,B,,,1
2019-02,Alberta,2016A000248,Job vacancies,Number,223,units,0,v1481212172,10.1,55590,B,,,0
2019-02,Alberta,2016A000248,Payroll employees,Number,223,units,0,v1481212173,10.2,1976315,A,,,0
2019-02,Alberta,2016A000248,Job vacancy rate,Percent,239,units,0,v1481212174,10.3,2.7,B,,,1
2019-02,British Columbia,2016A000259,Job vacancies,Number,223,units,0,v1481212175,11.1,103415,B,,,0
2019-02,British Columbia,2016A000259,Payroll employees,Number,223,units,0,v1481212176,11.2,2224450,A,,,0
2019-02,British Columbia,2016A000259,Job vacancy rate,Percent,239,units,0,v1481212177,11.3,4.4,A,,,1
2019-02,Yukon,2016A000260,Job vacancies,Number,223,units,0,v1481212178,12.1,725,D,,,0
2019-02,Yukon,2016A000260,Payroll employees,Number,223,units,0,v1481212179,12.2,17200,A,,,0
2019-02,Yukon,2016A000260,Job vacancy rate,Percent,239,units,0,v1481212180,12.3,4,D,,,1
2019-02,Northwest Territories,2016A000261,Job vacancies,Number,223,units,0,v1481212181,13.1,720,D,,,0
2019-02,Northwest Territories,2016A000261,Payroll employees,Number,223,units,0,v1481212182,13.2,21975,A,,,0
2019-02,Northwest Territories,2016A000261,Job vacancy rate,Percent,239,units,0,v1481212183,13.3,3.2,D,,,1
2019-02,Nunavut,2016A000262,Job vacancies,Number,223,units,0,v1481212184,14.1,395,D,,,0
2019-02,Nunavut,2016A000262,Payroll employees,Number,223,units,0,v1481212185,14.2,11920,A,,,0
2019-02,Nunavut,2016A000262,Job vacancy rate,Percent,239,units,0,v1481212186,14.3,3.2,D,,,1
2019-03,Canada,2016A000011124,Job vacancies,Number,223,units,0,v1481212145,1.1,546310,A,,,0
2019-03,Canada,2016A000011124,Payroll employees,Number,223,units,0,v1481212146,1.2,16209720,A,,,0
2019-03,Canada,2016A000011124,Job vacancy rate,Percent,239,units,0,v1481212147,1.3,3.3,A,,,1
2019-03,Newfoundland and Labrador,2016A000210,Job vacancies,Number,223,units,0,v1481212148,2.1,4090,C,,,0
2019-03,Newfoundland and Labrador,2016A000210,Payroll employees,Number,223,units,0,v1481212149,2.2,216485,A,,,0
2019-03,Newfoundland and Labrador,2016A000210,Job vacancy rate,Percent,239,units,0,v1481212150,2.3,1.9,C,,,1
2019-03,Prince Edward Island,2016A000211,Job vacancies,Number,223,units,0,v1481212151,3.1,2075,E,,,0
2019-03,Prince Edward Island,2016A000211,Payroll employees,Number,223,units,0,v1481212152,3.2,63550,A,,,0
2019-03,Prince Edward Island,2016A000211,Job vacancy rate,Percent,239,units,0,v1481212153,3.3,3.2,D,,,1
2019-03,Nova Scotia,2016A000212,Job vacancies,Number,223,units,0,v1481212154,4.1,11495,B,,,0
2019-03,Nova Scotia,2016A000212,Payroll employees,Number,223,units,0,v1481212155,4.2,390960,A,,,0
2019-03,Nova Scotia,2016A000212,Job vacancy rate,Percent,239,units,0,v1481212156,4.3,2.9,B,,,1
2019-03,New Brunswick,2016A000213,Job vacancies,Number,223,units,0,v1481212157,5.1,8890,B,,,0
2019-03,New Brunswick,2016A000213,Payroll employees,Number,223,units,0,v1481212158,5.2,301185,A,,,0
2019-03,New Brunswick,2016A000213,Job vacancy rate,Percent,239,units,0,v1481212159,5.3,2.9,B,,,1
2019-03,Quebec,2016A000224,Job vacancies,Number,223,units,0,v1481212160,6.1,131360,A,,,0
2019-03,Quebec,2016A000224,Payroll employees,Number,223,units,0,v1481212161,6.2,3619535,A,,,0
2019-03,Quebec,2016A000224,Job vacancy rate,Percent,239,units,0,v1481212162,6.3,3.5,A,,,1
2019-03,Ontario,2016A000235,Job vacancies,Number,223,units,0,v1481212163,7.1,199885,A,,,0
2019-03,Ontario,2016A000235,Payroll employees,Number,223,units,0,v1481212164,7.2,6299345,A,,,0
2019-03,Ontario,2016A000235,Job vacancy rate,Percent,239,units,0,v1481212165,7.3,3.1,A,,,1
2019-03,Manitoba,2016A000246,Job vacancies,Number,223,units,0,v1481212166,8.1,15005,B,,,0
2019-03,Manitoba,2016A000246,Payroll employees,Number,223,units,0,v1481212167,8.2,594215,A,,,0
2019-03,Manitoba,2016A000246,Job vacancy rate,Percent,239,units,0,v1481212168,8.3,2.5,B,,,1
2019-03,Saskatchewan,2016A000247,Job vacancies,Number,223,units,0,v1481212169,9.1,10250,B,,,0
2019-03,Saskatchewan,2016A000247,Payroll employees,Number,223,units,0,v1481212170,9.2,462845,A,,,0
2019-03,Saskatchewan,2016A000247,Job vacancy rate,Percent,239,units,0,v1481212171,9.3,2.2,B,,,1
2019-03,Alberta,2016A000248,Job vacancies,Number,223,units,0,v1481212172,10.1,53370,B,,,0
2019-03,Alberta,2016A000248,Payroll employees,Number,223,units,0,v1481212173,10.2,1978895,A,,,0
2019-03,Alberta,2016A000248,Job vacancy rate,Percent,239,units,0,v1481212174,10.3,2.6,B,,,1
2019-03,British Columbia,2016A000259,Job vacancies,Number,223,units,0,v1481212175,11.1,107870,A,,,0
2019-03,British Columbia,2016A000259,Payroll employees,Number,223,units,0,v1481212176,11.2,2231480,A,,,0
2019-03,British Columbia,2016A000259,Job vacancy rate,Percent,239,units,0,v1481212177,11.3,4.6,A,,,1
2019-03,Yukon,2016A000260,Job vacancies,Number,223,units,0,v1481212178,12.1,965,D,,,0
2019-03,Yukon,2016A000260,Payroll employees,Number,223,units,0,v1481212179,12.2,17180,A,,,0
2019-03,Yukon,2016A000260,Job vacancy rate,Percent,239,units,0,v1481212180,12.3,5.3,D,,,1
2019-03,Northwest Territories,2016A000261,Job vacancies,Number,223,units,0,v1481212181,13.1,770,D,,,0
2019-03,Northwest Territories,2016A000261,Payroll employees,Number,223,units,0,v1481212182,13.2,22035,A,,,0
2019-03,Northwest Territories,2016A000261,Job vacancy rate,Percent,239,units,0,v1481212183,13.3,3.4,D,,,1
2019-03,Nunavut,2016A000262,Job vacancies,Number,223,units,0,v1481212184,14.1,290,D,,,0
2019-03,Nunavut,2016A000262,Payroll employees,Number,223,units,0,v1481212185,14.2,12010,A,,,0
2019-03,Nunavut,2016A000262,Job vacancy rate,Percent,239,units,0,v1481212186,14.3,2.4,D,,,1
2019-04,Canada,2016A000011124,Job vacancies,Number,223,units,0,v1481212145,1.1,547635,A,,,0
2019-04,Canada,2016A000011124,Payroll employees,Number,223,units,0,v1481212146,1.2,16203730,A,,,0
2019-04,Canada,2016A000011124,Job vacancy rate,Percent,239,units,0,v1481212147,1.3,3.3,A,,,1
2019-04,Newfoundland and Labrador,2016A000210,Job vacancies,Number,223,units,0,v1481212148,2.1,3315,C,,,0
2019-04,Newfoundland and Labrador,2016A000210,Payroll employees,Number,223,units,0,v1481212149,2.2,193165,A,,,0
2019-04,Newfoundland and Labrador,2016A000210,Job vacancy rate,Percent,239,units,0,v1481212150,2.3,1.7,C,,,1
2019-04,Prince Edward Island,2016A000211,Job vacancies,Number,223,units,0,v1481212151,3.1,1625,E,,,0
2019-04,Prince Edward Island,2016A000211,Payroll employees,Number,223,units,0,v1481212152,3.2,63520,A,,,0
2019-04,Prince Edward Island,2016A000211,Job vacancy rate,Percent,239,units,0,v1481212153,3.3,2.5,D,,,1
2019-04,Nova Scotia,2016A000212,Job vacancies,Number,223,units,0,v1481212154,4.1,11520,B,,,0
2019-04,Nova Scotia,2016A000212,Payroll employees,Number,223,units,0,v1481212155,4.2,413890,A,,,0
2019-04,Nova Scotia,2016A000212,Job vacancy rate,Percent,239,units,0,v1481212156,4.3,2.7,B,,,1
2019-04,New Brunswick,2016A000213,Job vacancies,Number,223,units,0,v1481212157,5.1,8950,B,,,0
2019-04,New Brunswick,2016A000213,Payroll employees,Number,223,units,0,v1481212158,5.2,300980,A,,,0
2019-04,New Brunswick,2016A000213,Job vacancy rate,Percent,239,units,0,v1481212159,5.3,2.9,B,,,1
2019-04,Quebec,2016A000224,Job vacancies,Number,223,units,0,v1481212160,6.1,129380,A,,,0
2019-04,Quebec,2016A000224,Payroll employees,Number,223,units,0,v1481212161,6.2,3615880,A,,,0
2019-04,Quebec,2016A000224,Job vacancy rate,Percent,239,units,0,v1481212162,6.3,3.5,A,,,1
2019-04,Ontario,2016A000235,Job vacancies,Number,223,units,0,v1481212163,7.1,207935,A,,,0
2019-04,Ontario,2016A000235,Payroll employees,Number,223,units,0,v1481212164,7.2,6305935,A,,,0
2019-04,Ontario,2016A000235,Job vacancy rate,Percent,239,units,0,v1481212165,7.3,3.2,A,,,1
2019-04,Manitoba,2016A000246,Job vacancies,Number,223,units,0,v1481212166,8.1,14790,B,,,0
2019-04,Manitoba,2016A000246,Payroll employees,Number,223,units,0,v1481212167,8.2,594875,A,,,0
2019-04,Manitoba,2016A000246,Job vacancy rate,Percent,239,units,0,v1481212168,8.3,2.4,B,,,1
2019-04,Saskatchewan,2016A000247,Job vacancies,Number,223,units,0,v1481212169,9.1,8930,B,,,0
2019-04,Saskatchewan,2016A000247,Payroll employees,Number,223,units,0,v1481212170,9.2,462185,A,,,0
2019-04,Saskatchewan,2016A000247,Job vacancy rate,Percent,239,units,0,v1481212171,9.3,1.9,B,,,1
2019-04,Alberta,2016A000248,Job vacancies,Number,223,units,0,v1481212172,10.1,54375,B,,,0
2019-04,Alberta,2016A000248,Payroll employees,Number,223,units,0,v1481212173,10.2,1970510,A,,,0
2019-04,Alberta,2016A000248,Job vacancy rate,Percent,239,units,0,v1481212174,10.3,2.7,A,,,1
2019-04,British Columbia,2016A000259,Job vacancies,Number,223,units,0,v1481212175,11.1,104765,A,,,0
2019-04,British Columbia,2016A000259,Payroll employees,Number,223,units,0,v1481212176,11.2,2231545,A,,,0
2019-04,British Columbia,2016A000259,Job vacancy rate,Percent,239,units,0,v1481212177,11.3,4.5,A,,,1
2019-04,Yukon,2016A000260,Job vacancies,Number,223,units,0,v1481212178,12.1,1060,E,,,0
2019-04,Yukon,2016A000260,Payroll employees,Number,223,units,0,v1481212179,12.2,17170,A,,,0
2019-04,Yukon,2016A000260,Job vacancy rate,Percent,239,units,0,v1481212180,12.3,5.8,E,,,1
2019-04,Northwest Territories,2016A000261,Job vacancies,Number,223,units,0,v1481212181,13.1,735,D,,,0
2019-04,Northwest Territories,2016A000261,Payroll employees,Number,223,units,0,v1481212182,13.2,22010,A,,,0
2019-04,Northwest Territories,2016A000261,Job vacancy rate,Percent,239,units,0,v1481212183,13.3,3.2,D,,,1
2019-04,Nunavut,2016A000262,Job vacancies,Number,223,units,0,v1481212184,14.1,,F,,,0
2019-04,Nunavut,2016A000262,Payroll employees,Number,223,units,0,v1481212185,14.2,12080,A,,,0
2019-04,Nunavut,2016A000262,Job vacancy rate,Percent,239,units,0,v1481212186,14.3,,F,,,1
2019-05,Canada,2016A000011124,Job vacancies,Number,223,units,0,v1481212145,1.1,547305,A,,,0
2019-05,Canada,2016A000011124,Payroll employees,Number,223,units,0,v1481212146,1.2,16204335,A,,,0
2019-05,Canada,2016A000011124,Job vacancy rate,Percent,239,units,0,v1481212147,1.3,3.3,A,,,1
2019-05,Newfoundland and Labrador,2016A000210,Job vacancies,Number,223,units,0,v1481212148,2.1,5015,C,,,0
2019-05,Newfoundland and Labrador,2016A000210,Payroll employees,Number,223,units,0,v1481212149,2.2,188725,A,,,0
2019-05,Newfoundland and Labrador,2016A000210,Job vacancy rate,Percent,239,units,0,v1481212150,2.3,2.6,C,,,1
2019-05,Prince Edward Island,2016A000211,Job vacancies,Number,223,units,0,v1481212151,3.1,1355,D,,,0
2019-05,Prince Edward Island,2016A000211,Payroll employees,Number,223,units,0,v1481212152,3.2,63065,A,,,0
2019-05,Prince Edward Island,2016A000211,Job vacancy rate,Percent,239,units,0,v1481212153,3.3,2.1,D,,,1
2019-05,Nova Scotia,2016A000212,Job vacancies,Number,223,units,0,v1481212154,4.1,11275,B,,,0
2019-05,Nova Scotia,2016A000212,Payroll employees,Number,223,units,0,v1481212155,4.2,416330,A,,,0
2019-05,Nova Scotia,2016A000212,Job vacancy rate,Percent,239,units,0,v1481212156,4.3,2.6,B,,,1
2019-05,New Brunswick,2016A000213,Job vacancies,Number,223,units,0,v1481212157,5.1,8025,B,,,0
2019-05,New Brunswick,2016A000213,Payroll employees,Number,223,units,0,v1481212158,5.2,304635,A,,,0
2019-05,New Brunswick,2016A000213,Job vacancy rate,Percent,239,units,0,v1481212159,5.3,2.6,B,,,1
2019-05,Quebec,2016A000224,Job vacancies,Number,223,units,0,v1481212160,6.1,137950,A,,,0
2019-05,Quebec,2016A000224,Payroll employees,Number,223,units,0,v1481212161,6.2,3615045,A,,,0
2019-05,Quebec,2016A000224,Job vacancy rate,Percent,239,units,0,v1481212162,6.3,3.7,A,,,1
2019-05,Ontario,2016A000235,Job vacancies,Number,223,units,0,v1481212163,7.1,202175,A,,,0
2019-05,Ontario,2016A000235,Payroll employees,Number,223,units,0,v1481212164,7.2,6309520,A,,,0
2019-05,Ontario,2016A000235,Job vacancy rate,Percent,239,units,0,v1481212165,7.3,3.1,A,,,1
2019-05,Manitoba,2016A000246,Job vacancies,Number,223,units,0,v1481212166,8.1,13070,B,,,0
2019-05,Manitoba,2016A000246,Payroll employees,Number,223,units,0,v1481212167,8.2,593875,A,,,0
2019-05,Manitoba,2016A000246,Job vacancy rate,Percent,239,units,0,v1481212168,8.3,2.2,B,,,1
2019-05,Saskatchewan,2016A000247,Job vacancies,Number,223,units,0,v1481212169,9.1,10070,B,,,0
2019-05,Saskatchewan,2016A000247,Payroll employees,Number,223,units,0,v1481212170,9.2,457465,A,,,0
2019-05,Saskatchewan,2016A000247,Job vacancy rate,Percent,239,units,0,v1481212171,9.3,2.2,B,,,1
2019-05,Alberta,2016A000248,Job vacancies,Number,223,units,0,v1481212172,10.1,55455,B,,,0
2019-05,Alberta,2016A000248,Payroll employees,Number,223,units,0,v1481212173,10.2,1969755,A,,,0
2019-05,Alberta,2016A000248,Job vacancy rate,Percent,239,units,0,v1481212174,10.3,2.7,A,,,1
2019-05,British Columbia,2016A000259,Job vacancies,Number,223,units,0,v1481212175,11.1,100815,A,,,0
2019-05,British Columbia,2016A000259,Payroll employees,Number,223,units,0,v1481212176,11.2,2235050,A,,,0
2019-05,British Columbia,2016A000259,Job vacancy rate,Percent,239,units,0,v1481212177,11.3,4.3,A,,,1
2019-05,Yukon,2016A000260,Job vacancies,Number,223,units,0,v1481212178,12.1,960,D,,,0
2019-05,Yukon,2016A000260,Payroll employees,Number,223,units,0,v1481212179,12.2,17250,A,,,0
2019-05,Yukon,2016A000260,Job vacancy rate,Percent,239,units,0,v1481212180,12.3,5.3,D,,,1
2019-05,Northwest Territories,2016A000261,Job vacancies,Number,223,units,0,v1481212181,13.1,750,E,,,0
2019-05,Northwest Territories,2016A000261,Payroll employees,Number,223,units,0,v1481212182,13.2,21700,A,,,0
2019-05,Northwest Territories,2016A000261,Job vacancy rate,Percent,239,units,0,v1481212183,13.3,3.3,E,,,1
2019-05,Nunavut,2016A000262,Job vacancies,Number,223,units,0,v1481212184,14.1,395,E,,,0
2019-05,Nunavut,2016A000262,Payroll employees,Number,223,units,0,v1481212185,14.2,11930,A,,,0
2019-05,Nunavut,2016A000262,Job vacancy rate,Percent,239,units,0,v1481212186,14.3,3.2,E,,,1
2019-06,Canada,2016A000011124,Job vacancies,Number,223,units,0,v1481212145,1.1,537835,A,,,0
2019-06,Canada,2016A000011124,Payroll employees,Number,223,units,0,v1481212146,1.2,16265535,A,,,0
2019-06,Canada,2016A000011124,Job vacancy rate,Percent,239,units,0,v1481212147,1.3,3.2,A,,,1
2019-06,Newfoundland and Labrador,2016A000210,Job vacancies,Number,223,units,0,v1481212148,2.1,3820,C,,,0
2019-06,Newfoundland and Labrador,2016A000210,Payroll employees,Number,223,units,0,v1481212149,2.2,192415,A,,,0
2019-06,Newfoundland and Labrador,2016A000210,Job vacancy rate,Percent,239,units,0,v1481212150,2.3,1.9,C,,,1
2019-06,Prince Edward Island,2016A000211,Job vacancies,Number,223,units,0,v1481212151,3.1,1735,D,,,0
2019-06,Prince Edward Island,2016A000211,Payroll employees,Number,223,units,0,v1481212152,3.2,62710,A,,,0
2019-06,Prince Edward Island,2016A000211,Job vacancy rate,Percent,239,units,0,v1481212153,3.3,2.7,D,,,1
2019-06,Nova Scotia,2016A000212,Job vacancies,Number,223,units,0,v1481212154,4.1,12590,B,,,0
2019-06,Nova Scotia,2016A000212,Payroll employees,Number,223,units,0,v1481212155,4.2,411535,A,,,0
2019-06,Nova Scotia,2016A000212,Job vacancy rate,Percent,239,units,0,v1481212156,4.3,3,B,,,1
2019-06,New Brunswick,2016A000213,Job vacancies,Number,223,units,0,v1481212157,5.1,8845,B,,,0
2019-06,New Brunswick,2016A000213,Payroll employees,Number,223,units,0,v1481212158,5.2,300810,A,,,0
2019-06,New Brunswick,2016A000213,Job vacancy rate,Percent,239,units,0,v1481212159,5.3,2.9,B,,,1
2019-06,Quebec,2016A000224,Job vacancies,Number,223,units,0,v1481212160,6.1,129355,A,,,0
2019-06,Quebec,2016A000224,Payroll employees,Number,223,units,0,v1481212161,6.2,3637690,A,,,0
2019-06,Quebec,2016A000224,Job vacancy rate,Percent,239,units,0,v1481212162,6.3,3.4,A,,,1
2019-06,Ontario,2016A000235,Job vacancies,Number,223,units,0,v1481212163,7.1,205000,A,,,0
2019-06,Ontario,2016A000235,Payroll employees,Number,223,units,0,v1481212164,7.2,6324285,A,,,0
2019-06,Ontario,2016A000235,Job vacancy rate,Percent,239,units,0,v1481212165,7.3,3.1,A,,,1
2019-06,Manitoba,2016A000246,Job vacancies,Number,223,units,0,v1481212166,8.1,13915,B,,,0
2019-06,Manitoba,2016A000246,Payroll employees,Number,223,units,0,v1481212167,8.2,597430,A,,,0
2019-06,Manitoba,2016A000246,Job vacancy rate,Percent,239,units,0,v1481212168,8.3,2.3,B,,,1
2019-06,Saskatchewan,2016A000247,Job vacancies,Number,223,units,0,v1481212169,9.1,10850,B,,,0
2019-06,Saskatchewan,2016A000247,Payroll employees,Number,223,units,0,v1481212170,9.2,466370,A,,,0
2019-06,Saskatchewan,2016A000247,Job vacancy rate,Percent,239,units,0,v1481212171,9.3,2.3,B,,,1
2019-06,Alberta,2016A000248,Job vacancies,Number,223,units,0,v1481212172,10.1,53840,A,,,0
2019-06,Alberta,2016A000248,Payroll employees,Number,223,units,0,v1481212173,10.2,1978000,A,,,0
2019-06,Alberta,2016A000248,Job vacancy rate,Percent,239,units,0,v1481212174,10.3,2.6,A,,,1
2019-06,British Columbia,2016A000259,Job vacancies,Number,223,units,0,v1481212175,11.1,95945,B,,,0
2019-06,British Columbia,2016A000259,Payroll employees,Number,223,units,0,v1481212176,11.2,2242490,A,,,0
2019-06,British Columbia,2016A000259,Job vacancy rate,Percent,239,units,0,v1481212177,11.3,4.1,A,,,1
2019-06,Yukon,2016A000260,Job vacancies,Number,223,units,0,v1481212178,12.1,760,D,,,0
2019-06,Yukon,2016A000260,Payroll employees,Number,223,units,0,v1481212179,12.2,17390,A,,,0
2019-06,Yukon,2016A000260,Job vacancy rate,Percent,239,units,0,v1481212180,12.3,4.2,D,,,1
2019-06,Northwest Territories,2016A000261,Job vacancies,Number,223,units,0,v1481212181,13.1,775,D,,,0
2019-06,Northwest Territories,2016A000261,Payroll employees,Number,223,units,0,v1481212182,13.2,22030,A,,,0
2019-06,Northwest Territories,2016A000261,Job vacancy rate,Percent,239,units,0,v1481212183,13.3,3.4,D,,,1
2019-06,Nunavut,2016A000262,Job vacancies,Number,223,units,0,v1481212184,14.1,405,D,,,0
2019-06,Nunavut,2016A000262,Payroll employees,Number,223,units,0,v1481212185,14.2,12380,A,,,0
2019-06,Nunavut,2016A000262,Job vacancy rate,Percent,239,units,0,v1481212186,14.3,3.2,D,,,1
2019-07,Canada,2016A000011124,Job vacancies,Number,223,units,0,v1481212145,1.1,535010,A,,,0
2019-07,Canada,2016A000011124,Payroll employees,Number,223,units,0,v1481212146,1.2,16255100,A,,,0
2019-07,Canada,2016A000011124,Job vacancy rate,Percent,239,units,0,v1481212147,1.3,3.2,A,,,1
2019-07,Newfoundland and Labrador,2016A000210,Job vacancies,Number,223,units,0,v1481212148,2.1,3460,C,,,0
2019-07,Newfoundland and Labrador,2016A000210,Payroll employees,Number,223,units,0,v1481212149,2.2,203990,B,,,0
2019-07,Newfoundland and Labrador,2016A000210,Job vacancy rate,Percent,239,units,0,v1481212150,2.3,1.7,D,,,1
2019-07,Prince Edward Island,2016A000211,Job vacancies,Number,223,units,0,v1481212151,3.1,2840,D,,,0
2019-07,Prince Edward Island,2016A000211,Payroll employees,Number,223,units,0,v1481212152,3.2,63155,A,,,0
2019-07,Prince Edward Island,2016A000211,Job vacancy rate,Percent,239,units,0,v1481212153,3.3,4.3,D,,,1
2019-07,Nova Scotia,2016A000212,Job vacancies,Number,223,units,0,v1481212154,4.1,12440,B,,,0
2019-07,Nova Scotia,2016A000212,Payroll employees,Number,223,units,0,v1481212155,4.2,402985,A,,,0
2019-07,Nova Scotia,2016A000212,Job vacancy rate,Percent,239,units,0,v1481212156,4.3,3,B,,,1
2019-07,New Brunswick,2016A000213,Job vacancies,Number,223,units,0,v1481212157,5.1,8685,B,,,0
2019-07,New Brunswick,2016A000213,Payroll employees,Number,223,units,0,v1481212158,5.2,305850,A,,,0
2019-07,New Brunswick,2016A000213,Job vacancy rate,Percent,239,units,0,v1481212159,5.3,2.8,B,,,1
2019-07,Quebec,2016A000224,Job vacancies,Number,223,units,0,v1481212160,6.1,133730,A,,,0
2019-07,Quebec,2016A000224,Payroll employees,Number,223,units,0,v1481212161,6.2,3633990,A,,,0
2019-07,Quebec,2016A000224,Job vacancy rate,Percent,239,units,0,v1481212162,6.3,3.5,A,,,1
2019-07,Ontario,2016A000235,Job vacancies,Number,223,units,0,v1481212163,7.1,196440,A,,,0
2019-07,Ontario,2016A000235,Payroll employees,Number,223,units,0,v1481212164,7.2,6319050,A,,,0
2019-07,Ontario,2016A000235,Job vacancy rate,Percent,239,units,0,v1481212165,7.3,3,A,,,1
2019-07,Manitoba,2016A000246,Job vacancies,Number,223,units,0,v1481212166,8.1,13710,B,,,0
2019-07,Manitoba,2016A000246,Payroll employees,Number,223,units,0,v1481212167,8.2,597075,A,,,0
2019-07,Manitoba,2016A000246,Job vacancy rate,Percent,239,units,0,v1481212168,8.3,2.2,B,,,1
2019-07,Saskatchewan,2016A000247,Job vacancies,Number,223,units,0,v1481212169,9.1,10335,B,,,0
2019-07,Saskatchewan,2016A000247,Payroll employees,Number,223,units,0,v1481212170,9.2,461105,A,,,0
2019-07,Saskatchewan,2016A000247,Job vacancy rate,Percent,239,units,0,v1481212171,9.3,2.2,B,,,1
2019-07,Alberta,2016A000248,Job vacancies,Number,223,units,0,v1481212172,10.1,49030,B,,,0
2019-07,Alberta,2016A000248,Payroll employees,Number,223,units,0,v1481212173,10.2,1973975,A,,,0
2019-07,Alberta,2016A000248,Job vacancy rate,Percent,239,units,0,v1481212174,10.3,2.4,B,,,1
2019-07,British Columbia,2016A000259,Job vacancies,Number,223,units,0,v1481212175,11.1,102065,B,,,0
2019-07,British Columbia,2016A000259,Payroll employees,Number,223,units,0,v1481212176,11.2,2241655,A,,,0
2019-07,British Columbia,2016A000259,Job vacancy rate,Percent,239,units,0,v1481212177,11.3,4.4,A,,,1
2019-07,Yukon,2016A000260,Job vacancies,Number,223,units,0,v1481212178,12.1,1195,D,,,0
2019-07,Yukon,2016A000260,Payroll employees,Number,223,units,0,v1481212179,12.2,17290,A,,,0
2019-07,Yukon,2016A000260,Job vacancy rate,Percent,239,units,0,v1481212180,12.3,6.5,D,,,1
2019-07,Northwest Territories,2016A000261,Job vacancies,Number,223,units,0,v1481212181,13.1,620,D,,,0
2019-07,Northwest Territories,2016A000261,Payroll employees,Number,223,units,0,v1481212182,13.2,21970,A,,,0
2019-07,Northwest Territories,2016A000261,Job vacancy rate,Percent,239,units,0,v1481212183,13.3,2.8,D,,,1
2019-07,Nunavut,2016A000262,Job vacancies,Number,223,units,0,v1481212184,14.1,455,E,,,0
2019-07,Nunavut,2016A000262,Payroll employees,Number,223,units,0,v1481212185,14.2,13015,A,,,0
2019-07,Nunavut,2016A000262,Job vacancy rate,Percent,239,units,0,v1481212186,14.3,3.4,E,,,1
2019-08,Canada,2016A000011124,Job vacancies,Number,223,units,0,v1481212145,1.1,543600,A,,,0
2019-08,Canada,2016A000011124,Payroll employees,Number,223,units,0,v1481212146,1.2,16307765,A,,,0
2019-08,Canada,2016A000011124,Job vacancy rate,Percent,239,units,0,v1481212147,1.3,3.2,A,,,1
2019-08,Newfoundland and Labrador,2016A000210,Job vacancies,Number,223,units,0,v1481212148,2.1,4780,C,,,0
2019-08,Newfoundland and Labrador,2016A000210,Payroll employees,Number,223,units,0,v1481212149,2.2,197205,A,,,0
2019-08,Newfoundland and Labrador,2016A000210,Job vacancy rate,Percent,239,units,0,v1481212150,2.3,2.4,C,,,1
2019-08,Prince Edward Island,2016A000211,Job vacancies,Number,223,units,0,v1481212151,3.1,1520,D,,,0
2019-08,Prince Edward Island,2016A000211,Payroll employees,Number,223,units,0,v1481212152,3.2,64340,A,,,0
2019-08,Prince Edward Island,2016A000211,Job vacancy rate,Percent,239,units,0,v1481212153,3.3,2.3,D,,,1
2019-08,Nova Scotia,2016A000212,Job vacancies,Number,223,units,0,v1481212154,4.1,12625,B,,,0
2019-08,Nova Scotia,2016A000212,Payroll employees,Number,223,units,0,v1481212155,4.2,414270,A,,,0
2019-08,Nova Scotia,2016A000212,Job vacancy rate,Percent,239,units,0,v1481212156,4.3,3,B,,,1
2019-08,New Brunswick,2016A000213,Job vacancies,Number,223,units,0,v1481212157,5.1,8770,C,,,0
2019-08,New Brunswick,2016A000213,Payroll employees,Number,223,units,0,v1481212158,5.2,307525,A,,,0
2019-08,New Brunswick,2016A000213,Job vacancy rate,Percent,239,units,0,v1481212159,5.3,2.8,C,,,1
2019-08,Quebec,2016A000224,Job vacancies,Number,223,units,0,v1481212160,6.1,135285,A,,,0
2019-08,Quebec,2016A000224,Payroll employees,Number,223,units,0,v1481212161,6.2,3643250,A,,,0
2019-08,Quebec,2016A000224,Job vacancy rate,Percent,239,units,0,v1481212162,6.3,3.6,A,,,1
2019-08,Ontario,2016A000235,Job vacancies,Number,223,units,0,v1481212163,7.1,200875,A,,,0
2019-08,Ontario,2016A000235,Payroll employees,Number,223,units,0,v1481212164,7.2,6341500,A,,,0
2019-08,Ontario,2016A000235,Job vacancy rate,Percent,239,units,0,v1481212165,7.3,3.1,A,,,1
2019-08,Manitoba,2016A000246,Job vacancies,Number,223,units,0,v1481212166,8.1,15420,B,,,0
2019-08,Manitoba,2016A000246,Payroll employees,Number,223,units,0,v1481212167,8.2,595260,A,,,0
2019-08,Manitoba,2016A000246,Job vacancy rate,Percent,239,units,0,v1481212168,8.3,2.5,B,,,1
2019-08,Saskatchewan,2016A000247,Job vacancies,Number,223,units,0,v1481212169,9.1,10645,B,,,0
2019-08,Saskatchewan,2016A000247,Payroll employees,Number,223,units,0,v1481212170,9.2,470610,A,,,0
2019-08,Saskatchewan,2016A000247,Job vacancy rate,Percent,239,units,0,v1481212171,9.3,2.2,B,,,1
2019-08,Alberta,2016A000248,Job vacancies,Number,223,units,0,v1481212172,10.1,50775,A,,,0
2019-08,Alberta,2016A000248,Payroll employees,Number,223,units,0,v1481212173,10.2,1969810,A,,,0
2019-08,Alberta,2016A000248,Job vacancy rate,Percent,239,units,0,v1481212174,10.3,2.5,A,,,1
2019-08,British Columbia,2016A000259,Job vacancies,Number,223,units,0,v1481212175,11.1,100420,A,,,0
2019-08,British Columbia,2016A000259,Payroll employees,Number,223,units,0,v1481212176,11.2,2251735,A,,,0
2019-08,British Columbia,2016A000259,Job vacancy rate,Percent,239,units,0,v1481212177,11.3,4.3,A,,,1
2019-08,Yukon,2016A000260,Job vacancies,Number,223,units,0,v1481212178,12.1,795,E,,,0
2019-08,Yukon,2016A000260,Payroll employees,Number,223,units,0,v1481212179,12.2,17345,A,,,0
2019-08,Yukon,2016A000260,Job vacancy rate,Percent,239,units,0,v1481212180,12.3,4.4,D,,,1
2019-08,Northwest Territories,2016A000261,Job vacancies,Number,223,units,0,v1481212181,13.1,1085,D,,,0
2019-08,Northwest Territories,2016A000261,Payroll employees,Number,223,units,0,v1481212182,13.2,21820,A,,,0
2019-08,Northwest Territories,2016A000261,Job vacancy rate,Percent,239,units,0,v1481212183,13.3,4.7,D,,,1
2019-08,Nunavut,2016A000262,Job vacancies,Number,223,units,0,v1481212184,14.1,605,D,,,0
2019-08,Nunavut,2016A000262,Payroll employees,Number,223,units,0,v1481212185,14.2,13080,A,,,0
2019-08,Nunavut,2016A000262,Job vacancy rate,Percent,239,units,0,v1481212186,14.3,4.4,D,,,1
2019-09,Canada,2016A000011124,Job vacancies,Number,223,units,0,v1481212145,1.1,530585,A,,,0
2019-09,Canada,2016A000011124,Payroll employees,Number,223,units,0,v1481212146,1.2,16338655,A,,,0
2019-09,Canada,2016A000011124,Job vacancy rate,Percent,239,units,0,v1481212147,1.3,3.1,A,,,1
2019-09,Newfoundland and Labrador,2016A000210,Job vacancies,Number,223,units,0,v1481212148,2.1,4230,D,,,0
2019-09,Newfoundland and Labrador,2016A000210,Payroll employees,Number,223,units,0,v1481212149,2.2,209200,B,,,0
2019-09,Newfoundland and Labrador,2016A000210,Job vacancy rate,Percent,239,units,0,v1481212150,2.3,2,D,,,1
2019-09,Prince Edward Island,2016A000211,Job vacancies,Number,223,units,0,v1481212151,3.1,1640,D,,,0
2019-09,Prince Edward Island,2016A000211,Payroll employees,Number,223,units,0,v1481212152,3.2,64395,A,,,0
2019-09,Prince Edward Island,2016A000211,Job vacancy rate,Percent,239,units,0,v1481212153,3.3,2.5,D,,,1
2019-09,Nova Scotia,2016A000212,Job vacancies,Number,223,units,0,v1481212154,4.1,12290,B,,,0
2019-09,Nova Scotia,2016A000212,Payroll employees,Number,223,units,0,v1481212155,4.2,401670,A,,,0
2019-09,Nova Scotia,2016A000212,Job vacancy rate,Percent,239,units,0,v1481212156,4.3,3,B,,,1
2019-09,New Brunswick,2016A000213,Job vacancies,Number,223,units,0,v1481212157,5.1,9935,B,,,0
2019-09,New Brunswick,2016A000213,Payroll employees,Number,223,units,0,v1481212158,5.2,300520,A,,,0
2019-09,New Brunswick,2016A000213,Job vacancy rate,Percent,239,units,0,v1481212159,5.3,3.2,B,,,1
2019-09,Quebec,2016A000224,Job vacancies,Number,223,units,0,v1481212160,6.1,131795,A,,,0
2019-09,Quebec,2016A000224,Payroll employees,Number,223,units,0,v1481212161,6.2,3661860,A,,,0
2019-09,Quebec,2016A000224,Job vacancy rate,Percent,239,units,0,v1481212162,6.3,3.5,A,,,1
2019-09,Ontario,2016A000235,Job vacancies,Number,223,units,0,v1481212163,7.1,197900,B,,,0
2019-09,Ontario,2016A000235,Payroll employees,Number,223,units,0,v1481212164,7.2,6348040,A,,,0
2019-09,Ontario,2016A000235,Job vacancy rate,Percent,239,units,0,v1481212165,7.3,3,B,,,1
2019-09,Manitoba,2016A000246,Job vacancies,Number,223,units,0,v1481212166,8.1,15150,B,,,0
2019-09,Manitoba,2016A000246,Payroll employees,Number,223,units,0,v1481212167,8.2,596985,A,,,0
2019-09,Manitoba,2016A000246,Job vacancy rate,Percent,239,units,0,v1481212168,8.3,2.5,B,,,1
2019-09,Saskatchewan,2016A000247,Job vacancies,Number,223,units,0,v1481212169,9.1,11160,B,,,0
2019-09,Saskatchewan,2016A000247,Payroll employees,Number,223,units,0,v1481212170,9.2,466685,A,,,0
2019-09,Saskatchewan,2016A000247,Job vacancy rate,Percent,239,units,0,v1481212171,9.3,2.3,B,,,1
2019-09,Alberta,2016A000248,Job vacancies,Number,223,units,0,v1481212172,10.1,51510,A,,,0
2019-09,Alberta,2016A000248,Payroll employees,Number,223,units,0,v1481212173,10.2,1978605,A,,,0
2019-09,Alberta,2016A000248,Job vacancy rate,Percent,239,units,0,v1481212174,10.3,2.5,A,,,1
2019-09,British Columbia,2016A000259,Job vacancies,Number,223,units,0,v1481212175,11.1,93240,B,,,0
2019-09,British Columbia,2016A000259,Payroll employees,Number,223,units,0,v1481212176,11.2,2257685,A,,,0
2019-09,British Columbia,2016A000259,Job vacancy rate,Percent,239,units,0,v1481212177,11.3,4,A,,,1
2019-09,Yukon,2016A000260,Job vacancies,Number,223,units,0,v1481212178,12.1,820,E,,,0
2019-09,Yukon,2016A000260,Payroll employees,Number,223,units,0,v1481212179,12.2,17580,A,,,0
2019-09,Yukon,2016A000260,Job vacancy rate,Percent,239,units,0,v1481212180,12.3,4.5,E,,,1
2019-09,Northwest Territories,2016A000261,Job vacancies,Number,223,units,0,v1481212181,13.1,600,C,,,0
2019-09,Northwest Territories,2016A000261,Payroll employees,Number,223,units,0,v1481212182,13.2,22270,A,,,0
2019-09,Northwest Territories,2016A000261,Job vacancy rate,Percent,239,units,0,v1481212183,13.3,2.6,C,,,1
2019-09,Nunavut,2016A000262,Job vacancies,Number,223,units,0,v1481212184,14.1,320,D,,,0
2019-09,Nunavut,2016A000262,Payroll employees,Number,223,units,0,v1481212185,14.2,13160,A,,,0
2019-09,Nunavut,2016A000262,Job vacancy rate,Percent,239,units,0,v1481212186,14.3,2.4,D,,,1
2019-10,Canada,2016A000011124,Job vacancies,Number,223,units,0,v1481212145,1.1,537200,A,,,0
2019-10,Canada,2016A000011124,Payroll employees,Number,223,units,0,v1481212146,1.2,16340225,A,,,0
2019-10,Canada,2016A000011124,Job vacancy rate,Percent,239,units,0,v1481212147,1.3,3.2,A,,,1
2019-10,Newfoundland and Labrador,2016A000210,Job vacancies,Number,223,units,0,v1481212148,2.1,4440,C,,,0
2019-10,Newfoundland and Labrador,2016A000210,Payroll employees,Number,223,units,0,v1481212149,2.2,195730,A,,,0
2019-10,Newfoundland and Labrador,2016A000210,Job vacancy rate,Percent,239,units,0,v1481212150,2.3,2.2,C,,,1
2019-10,Prince Edward Island,2016A000211,Job vacancies,Number,223,units,0,v1481212151,3.1,,F,,,0
2019-10,Prince Edward Island,2016A000211,Payroll employees,Number,223,units,0,v1481212152,3.2,65005,A,,,0
2019-10,Prince Edward Island,2016A000211,Job vacancy rate,Percent,239,units,0,v1481212153,3.3,,F,,,1
2019-10,Nova Scotia,2016A000212,Job vacancies,Number,223,units,0,v1481212154,4.1,11435,B,,,0
2019-10,Nova Scotia,2016A000212,Payroll employees,Number,223,units,0,v1481212155,4.2,418545,A,,,0
2019-10,Nova Scotia,2016A000212,Job vacancy rate,Percent,239,units,0,v1481212156,4.3,2.7,B,,,1
2019-10,New Brunswick,2016A000213,Job vacancies,Number,223,units,0,v1481212157,5.1,8455,B,,,0
2019-10,New Brunswick,2016A000213,Payroll employees,Number,223,units,0,v1481212158,5.2,306530,A,,,0
2019-10,New Brunswick,2016A000213,Job vacancy rate,Percent,239,units,0,v1481212159,5.3,2.7,B,,,1
2019-10,Quebec,2016A000224,Job vacancies,Number,223,units,0,v1481212160,6.1,136145,A,,,0
2019-10,Quebec,2016A000224,Payroll employees,Number,223,units,0,v1481212161,6.2,3656890,A,,,0
2019-10,Quebec,2016A000224,Job vacancy rate,Percent,239,units,0,v1481212162,6.3,3.6,A,,,1
2019-10,Ontario,2016A000235,Job vacancies,Number,223,units,0,v1481212163,7.1,196040,A,,,0
2019-10,Ontario,2016A000235,Payroll employees,Number,223,units,0,v1481212164,7.2,6347235,A,,,0
2019-10,Ontario,2016A000235,Job vacancy rate,Percent,239,units,0,v1481212165,7.3,3,A,,,1
2019-10,Manitoba,2016A000246,Job vacancies,Number,223,units,0,v1481212166,8.1,14905,B,,,0
2019-10,Manitoba,2016A000246,Payroll employees,Number,223,units,0,v1481212167,8.2,593160,A,,,0
2019-10,Manitoba,2016A000246,Job vacancy rate,Percent,239,units,0,v1481212168,8.3,2.5,B,,,1
2019-10,Saskatchewan,2016A000247,Job vacancies,Number,223,units,0,v1481212169,9.1,11395,B,,,0
2019-10,Saskatchewan,2016A000247,Payroll employees,Number,223,units,0,v1481212170,9.2,464895,A,,,0
2019-10,Saskatchewan,2016A000247,Job vacancy rate,Percent,239,units,0,v1481212171,9.3,2.4,B,,,1
2019-10,Alberta,2016A000248,Job vacancies,Number,223,units,0,v1481212172,10.1,52045,A,,,0
2019-10,Alberta,2016A000248,Payroll employees,Number,223,units,0,v1481212173,10.2,1985250,A,,,0
2019-10,Alberta,2016A000248,Job vacancy rate,Percent,239,units,0,v1481212174,10.3,2.6,A,,,1
2019-10,British Columbia,2016A000259,Job vacancies,Number,223,units,0,v1481212175,11.1,96570,A,,,0
2019-10,British Columbia,2016A000259,Payroll employees,Number,223,units,0,v1481212176,11.2,2254225,A,,,0
2019-10,British Columbia,2016A000259,Job vacancy rate,Percent,239,units,0,v1481212177,11.3,4.1,A,,,1
2019-10,Yukon,2016A000260,Job vacancies,Number,223,units,0,v1481212178,12.1,1160,E,,,0
2019-10,Yukon,2016A000260,Payroll employees,Number,223,units,0,v1481212179,12.2,17280,A,,,0
2019-10,Yukon,2016A000260,Job vacancy rate,Percent,239,units,0,v1481212180,12.3,6.3,E,,,1
2019-10,Northwest Territories,2016A000261,Job vacancies,Number,223,units,0,v1481212181,13.1,480,D,,,0
2019-10,Northwest Territories,2016A000261,Payroll employees,Number,223,units,0,v1481212182,13.2,21685,A,,,0
2019-10,Northwest Territories,2016A000261,Job vacancy rate,Percent,239,units,0,v1481212183,13.3,2.2,D,,,1
2019-10,Nunavut,2016A000262,Job vacancies,Number,223,units,0,v1481212184,14.1,355,D,,,0
2019-10,Nunavut,2016A000262,Payroll employees,Number,223,units,0,v1481212185,14.2,13790,A,,,0
2019-10,Nunavut,2016A000262,Job vacancy rate,Percent,239,units,0,v1481212186,14.3,2.5,D,,,1
2019-11,Canada,2016A000011124,Job vacancies,Number,223,units,0,v1481212145,1.1,523550,A,,,0
2019-11,Canada,2016A000011124,Payroll employees,Number,223,units,0,v1481212146,1.2,16352170,A,,,0
2019-11,Canada,2016A000011124,Job vacancy rate,Percent,239,units,0,v1481212147,1.3,3.1,A,,,1
2019-11,Newfoundland and Labrador,2016A000210,Job vacancies,Number,223,units,0,v1481212148,2.1,5720,C,,,0
2019-11,Newfoundland and Labrador,2016A000210,Payroll employees,Number,223,units,0,v1481212149,2.2,191675,A,,,0
2019-11,Newfoundland and Labrador,2016A000210,Job vacancy rate,Percent,239,units,0,v1481212150,2.3,2.9,C,,,1
2019-11,Prince Edward Island,2016A000211,Job vacancies,Number,223,units,0,v1481212151,3.1,1030,D,,,0
2019-11,Prince Edward Island,2016A000211,Payroll employees,Number,223,units,0,v1481212152,3.2,64680,A,,,0
2019-11,Prince Edward Island,2016A000211,Job vacancy rate,Percent,239,units,0,v1481212153,3.3,1.6,D,,,1
2019-11,Nova Scotia,2016A000212,Job vacancies,Number,223,units,0,v1481212154,4.1,10980,B,,,0
2019-11,Nova Scotia,2016A000212,Payroll employees,Number,223,units,0,v1481212155,4.2,430015,A,,,0
2019-11,Nova Scotia,2016A000212,Job vacancy rate,Percent,239,units,0,v1481212156,4.3,2.5,B,,,1
2019-11,New Brunswick,2016A000213,Job vacancies,Number,223,units,0,v1481212157,5.1,9700,B,,,0
2019-11,New Brunswick,2016A000213,Payroll employees,Number,223,units,0,v1481212158,5.2,307425,A,,,0
2019-11,New Brunswick,2016A000213,Job vacancy rate,Percent,239,units,0,v1481212159,5.3,3.1,B,,,1
2019-11,Quebec,2016A000224,Job vacancies,Number,223,units,0,v1481212160,6.1,127700,A,,,0
2019-11,Quebec,2016A000224,Payroll employees,Number,223,units,0,v1481212161,6.2,3665925,A,,,0
2019-11,Quebec,2016A000224,Job vacancy rate,Percent,239,units,0,v1481212162,6.3,3.4,A,,,1
2019-11,Ontario,2016A000235,Job vacancies,Number,223,units,0,v1481212163,7.1,195385,A,,,0
2019-11,Ontario,2016A000235,Payroll employees,Number,223,units,0,v1481212164,7.2,6345785,A,,,0
2019-11,Ontario,2016A000235,Job vacancy rate,Percent,239,units,0,v1481212165,7.3,3,A,,,1
2019-11,Manitoba,2016A000246,Job vacancies,Number,223,units,0,v1481212166,8.1,15800,B,,,0
2019-11,Manitoba,2016A000246,Payroll employees,Number,223,units,0,v1481212167,8.2,591770,A,,,0
2019-11,Manitoba,2016A000246,Job vacancy rate,Percent,239,units,0,v1481212168,8.3,2.6,B,,,1
2019-11,Saskatchewan,2016A000247,Job vacancies,Number,223,units,0,v1481212169,9.1,11940,B,,,0
2019-11,Saskatchewan,2016A000247,Payroll employees,Number,223,units,0,v1481212170,9.2,478895,A,,,0
2019-11,Saskatchewan,2016A000247,Job vacancy rate,Percent,239,units,0,v1481212171,9.3,2.4,B,,,1
2019-11,Alberta,2016A000248,Job vacancies,Number,223,units,0,v1481212172,10.1,45670,B,,,0
2019-11,Alberta,2016A000248,Payroll employees,Number,223,units,0,v1481212173,10.2,1967290,A,,,0
2019-11,Alberta,2016A000248,Job vacancy rate,Percent,239,units,0,v1481212174,10.3,2.3,A,,,1
2019-11,British Columbia,2016A000259,Job vacancies,Number,223,units,0,v1481212175,11.1,97675,B,,,0
2019-11,British Columbia,2016A000259,Payroll employees,Number,223,units,0,v1481212176,11.2,2255815,A,,,0
2019-11,British Columbia,2016A000259,Job vacancy rate,Percent,239,units,0,v1481212177,11.3,4.2,B,,,1
2019-11,Yukon,2016A000260,Job vacancies,Number,223,units,0,v1481212178,12.1,810,D,,,0
2019-11,Yukon,2016A000260,Payroll employees,Number,223,units,0,v1481212179,12.2,17530,A,,,0
2019-11,Yukon,2016A000260,Job vacancy rate,Percent,239,units,0,v1481212180,12.3,4.4,D,,,1
2019-11,Northwest Territories,2016A000261,Job vacancies,Number,223,units,0,v1481212181,13.1,580,D,,,0
2019-11,Northwest Territories,2016A000261,Payroll employees,Number,223,units,0,v1481212182,13.2,21455,A,,,0
2019-11,Northwest Territories,2016A000261,Job vacancy rate,Percent,239,units,0,v1481212183,13.3,2.6,D,,,1
2019-11,Nunavut,2016A000262,Job vacancies,Number,223,units,0,v1481212184,14.1,570,D,,,0
2019-11,Nunavut,2016A000262,Payroll employees,Number,223,units,0,v1481212185,14.2,13910,A,,,0
2019-11,Nunavut,2016A000262,Job vacancy rate,Percent,239,units,0,v1481212186,14.3,3.9,D,,,1
2019-12,Canada,2016A000011124,Job vacancies,Number,223,units,0,v1481212145,1.1,517665,A,,,0
2019-12,Canada,2016A000011124,Payroll employees,Number,223,units,0,v1481212146,1.2,16370840,A,,,0
2019-12,Canada,2016A000011124,Job vacancy rate,Percent,239,units,0,v1481212147,1.3,3.1,A,,,1
2019-12,Newfoundland and Labrador,2016A000210,Job vacancies,Number,223,units,0,v1481212148,2.1,4570,C,,,0
2019-12,Newfoundland and Labrador,2016A000210,Payroll employees,Number,223,units,0,v1481212149,2.2,193895,A,,,0
2019-12,Newfoundland and Labrador,2016A000210,Job vacancy rate,Percent,239,units,0,v1481212150,2.3,2.3,C,,,1
2019-12,Prince Edward Island,2016A000211,Job vacancies,Number,223,units,0,v1481212151,3.1,1515,E,,,0
2019-12,Prince Edward Island,2016A000211,Payroll employees,Number,223,units,0,v1481212152,3.2,64430,A,,,0
2019-12,Prince Edward Island,2016A000211,Job vacancy rate,Percent,239,units,0,v1481212153,3.3,2.3,E,,,1
2019-12,Nova Scotia,2016A000212,Job vacancies,Number,223,units,0,v1481212154,4.1,12970,B,,,0
2019-12,Nova Scotia,2016A000212,Payroll employees,Number,223,units,0,v1481212155,4.2,414610,A,,,0
2019-12,Nova Scotia,2016A000212,Job vacancy rate,Percent,239,units,0,v1481212156,4.3,3,B,,,1
2019-12,New Brunswick,2016A000213,Job vacancies,Number,223,units,0,v1481212157,5.1,9180,B,,,0
2019-12,New Brunswick,2016A000213,Payroll employees,Number,223,units,0,v1481212158,5.2,310225,A,,,0
2019-12,New Brunswick,2016A000213,Job vacancy rate,Percent,239,units,0,v1481212159,5.3,2.9,B,,,1
2019-12,Quebec,2016A000224,Job vacancies,Number,223,units,0,v1481212160,6.1,129510,A,,,0
2019-12,Quebec,2016A000224,Payroll employees,Number,223,units,0,v1481212161,6.2,3671385,A,,,0
2019-12,Quebec,2016A000224,Job vacancy rate,Percent,239,units,0,v1481212162,6.3,3.4,A,,,1
2019-12,Ontario,2016A000235,Job vacancies,Number,223,units,0,v1481212163,7.1,184140,B,,,0
2019-12,Ontario,2016A000235,Payroll employees,Number,223,units,0,v1481212164,7.2,6362840,A,,,0
2019-12,Ontario,2016A000235,Job vacancy rate,Percent,239,units,0,v1481212165,7.3,2.8,B,,,1
2019-12,Manitoba,2016A000246,Job vacancies,Number,223,units,0,v1481212166,8.1,15000,B,,,0
2019-12,Manitoba,2016A000246,Payroll employees,Number,223,units,0,v1481212167,8.2,597055,A,,,0
2019-12,Manitoba,2016A000246,Job vacancy rate,Percent,239,units,0,v1481212168,8.3,2.5,B,,,1
2019-12,Saskatchewan,2016A000247,Job vacancies,Number,223,units,0,v1481212169,9.1,11080,C,,,0
2019-12,Saskatchewan,2016A000247,Payroll employees,Number,223,units,0,v1481212170,9.2,464325,A,,,0
2019-12,Saskatchewan,2016A000247,Job vacancy rate,Percent,239,units,0,v1481212171,9.3,2.3,C,,,1
2019-12,Alberta,2016A000248,Job vacancies,Number,223,units,0,v1481212172,10.1,51305,B,,,0
2019-12,Alberta,2016A000248,Payroll employees,Number,223,units,0,v1481212173,10.2,1982065,A,,,0
2019-12,Alberta,2016A000248,Job vacancy rate,Percent,239,units,0,v1481212174,10.3,2.5,B,,,1
2019-12,British Columbia,2016A000259,Job vacancies,Number,223,units,0,v1481212175,11.1,96515,B,,,0
2019-12,British Columbia,2016A000259,Payroll employees,Number,223,units,0,v1481212176,11.2,2256635,A,,,0
2019-12,British Columbia,2016A000259,Job vacancy rate,Percent,239,units,0,v1481212177,11.3,4.1,B,,,1
2019-12,Yukon,2016A000260,Job vacancies,Number,223,units,0,v1481212178,12.1,880,E,,,0
2019-12,Yukon,2016A000260,Payroll employees,Number,223,units,0,v1481212179,12.2,17630,A,,,0
2019-12,Yukon,2016A000260,Job vacancy rate,Percent,239,units,0,v1481212180,12.3,4.8,D,,,1
2019-12,Northwest Territories,2016A000261,Job vacancies,Number,223,units,0,v1481212181,13.1,565,E,,,0
2019-12,Northwest Territories,2016A000261,Payroll employees,Number,223,units,0,v1481212182,13.2,21695,A,,,0
2019-12,Northwest Territories,2016A000261,Job vacancy rate,Percent,239,units,0,v1481212183,13.3,2.5,E,,,1
2019-12,Nunavut,2016A000262,Job vacancies,Number,223,units,0,v1481212184,14.1,,F,,,0
2019-12,Nunavut,2016A000262,Payroll employees,Number,223,units,0,v1481212185,14.2,14055,A,,,0
2019-12,Nunavut,2016A000262,Job vacancy rate,Percent,239,units,0,v1481212186,14.3,,F,,,1
2020-01,Canada,2016A000011124,Job vacancies,Number,223,units,0,v1481212145,1.1,578160,A,,,0
2020-01,Canada,2016A000011124,Payroll employees,Number,223,units,0,v1481212146,1.2,16367755,A,,,0
2020-01,Canada,2016A000011124,Job vacancy rate,Percent,239,units,0,v1481212147,1.3,3.4,A,,,1
2020-01,Newfoundland and Labrador,2016A000210,Job vacancies,Number,223,units,0,v1481212148,2.1,5120,C,,,0
2020-01,Newfoundland and Labrador,2016A000210,Payroll employees,Number,223,units,0,v1481212149,2.2,204890,B,,,0
2020-01,Newfoundland and Labrador,2016A000210,Job vacancy rate,Percent,239,units,0,v1481212150,2.3,2.4,D,,,1
2020-01,Prince Edward Island,2016A000211,Job vacancies,Number,223,units,0,v1481212151,3.1,,F,,,0
2020-01,Prince Edward Island,2016A000211,Payroll employees,Number,223,units,0,v1481212152,3.2,64875,A,,,0
2020-01,Prince Edward Island,2016A000211,Job vacancy rate,Percent,239,units,0,v1481212153,3.3,3.3,E,,,1
2020-01,Nova Scotia,2016A000212,Job vacancies,Number,223,units,0,v1481212154,4.1,10825,B,,,0
2020-01,Nova Scotia,2016A000212,Payroll employees,Number,223,units,0,v1481212155,4.2,407185,A,,,0
2020-01,Nova Scotia,2016A000212,Job vacancy rate,Percent,239,units,0,v1481212156,4.3,2.6,B,,,1
2020-01,New Brunswick,2016A000213,Job vacancies,Number,223,units,0,v1481212157,5.1,10555,D,,,0
2020-01,New Brunswick,2016A000213,Payroll employees,Number,223,units,0,v1481212158,5.2,300445,A,,,0
2020-01,New Brunswick,2016A000213,Job vacancy rate,Percent,239,units,0,v1481212159,5.3,3.4,C,,,1
2020-01,Quebec,2016A000224,Job vacancies,Number,223,units,0,v1481212160,6.1,144160,A,,,0
2020-01,Quebec,2016A000224,Payroll employees,Number,223,units,0,v1481212161,6.2,3687225,A,,,0
2020-01,Quebec,2016A000224,Job vacancy rate,Percent,239,units,0,v1481212162,6.3,3.8,A,,,1
2020-01,Ontario,2016A000235,Job vacancies,Number,223,units,0,v1481212163,7.1,213255,A,,,0
2020-01,Ontario,2016A000235,Payroll employees,Number,223,units,0,v1481212164,7.2,6358090,A,,,0
2020-01,Ontario,2016A000235,Job vacancy rate,Percent,239,units,0,v1481212165,7.3,3.2,A,,,1
2020-01,Manitoba,2016A000246,Job vacancies,Number,223,units,0,v1481212166,8.1,17870,C,,,0
2020-01,Manitoba,2016A000246,Payroll employees,Number,223,units,0,v1481212167,8.2,592835,A,,,0
2020-01,Manitoba,2016A000246,Job vacancy rate,Percent,239,units,0,v1481212168,8.3,2.9,C,,,1
2020-01,Saskatchewan,2016A000247,Job vacancies,Number,223,units,0,v1481212169,9.1,12890,B,,,0
2020-01,Saskatchewan,2016A000247,Payroll employees,Number,223,units,0,v1481212170,9.2,463945,A,,,0
2020-01,Saskatchewan,2016A000247,Job vacancy rate,Percent,239,units,0,v1481212171,9.3,2.7,B,,,1
2020-01,Alberta,2016A000248,Job vacancies,Number,223,units,0,v1481212172,10.1,55750,B,,,0
2020-01,Alberta,2016A000248,Payroll employees,Number,223,units,0,v1481212173,10.2,1981715,A,,,0
2020-01,Alberta,2016A000248,Job vacancy rate,Percent,239,units,0,v1481212174,10.3,2.7,B,,,1
2020-01,British Columbia,2016A000259,Job vacancies,Number,223,units,0,v1481212175,11.1,103915,A,,,0
2020-01,British Columbia,2016A000259,Payroll employees,Number,223,units,0,v1481212176,11.2,2253640,A,,,0
2020-01,British Columbia,2016A000259,Job vacancy rate,Percent,239,units,0,v1481212177,11.3,4.4,A,,,1
2020-01,Yukon,2016A000260,Job vacancies,Number,223,units,0,v1481212178,12.1,850,D,,,0
2020-01,Yukon,2016A000260,Payroll employees,Number,223,units,0,v1481212179,12.2,17450,A,,,0
2020-01,Yukon,2016A000260,Job vacancy rate,Percent,239,units,0,v1481212180,12.3,4.6,D,,,1
2020-01,Northwest Territories,2016A000261,Job vacancies,Number,223,units,0,v1481212181,13.1,370,E,,,0
2020-01,Northwest Territories,2016A000261,Payroll employees,Number,223,units,0,v1481212182,13.2,21345,A,,,0
2020-01,Northwest Territories,2016A000261,Job vacancy rate,Percent,239,units,0,v1481212183,13.3,1.7,E,,,1
2020-01,Nunavut,2016A000262,Job vacancies,Number,223,units,0,v1481212184,14.1,420,D,,,0
2020-01,Nunavut,2016A000262,Payroll employees,Number,223,units,0,v1481212185,14.2,14120,A,,,0
2020-01,Nunavut,2016A000262,Job vacancy rate,Percent,239,units,0,v1481212186,14.3,2.9,D,,,1
2020-02,Canada,2016A000011124,Job vacancies,Number,223,units,0,v1481212145,1.1,575160,A,,,0
2020-02,Canada,2016A000011124,Payroll employees,Number,223,units,0,v1481212146,1.2,16412275,A,,,0
2020-02,Canada,2016A000011124,Job vacancy rate,Percent,239,units,0,v1481212147,1.3,3.4,A,,,1
2020-02,Newfoundland and Labrador,2016A000210,Job vacancies,Number,223,units,0,v1481212148,2.1,5120,C,,,0
2020-02,Newfoundland and Labrador,2016A000210,Payroll employees,Number,223,units,0,v1481212149,2.2,190975,A,,,0
2020-02,Newfoundland and Labrador,2016A000210,Job vacancy rate,Percent,239,units,0,v1481212150,2.3,2.6,C,,,1
2020-02,Prince Edward Island,2016A000211,Job vacancies,Number,223,units,0,v1481212151,3.1,1830,D,,,0
2020-02,Prince Edward Island,2016A000211,Payroll employees,Number,223,units,0,v1481212152,3.2,65025,A,,,0
2020-02,Prince Edward Island,2016A000211,Job vacancy rate,Percent,239,units,0,v1481212153,3.3,2.7,D,,,1
2020-02,Nova Scotia,2016A000212,Job vacancies,Number,223,units,0,v1481212154,4.1,11370,B,,,0
2020-02,Nova Scotia,2016A000212,Payroll employees,Number,223,units,0,v1481212155,4.2,427025,A,,,0
2020-02,Nova Scotia,2016A000212,Job vacancy rate,Percent,239,units,0,v1481212156,4.3,2.6,B,,,1
2020-02,New Brunswick,2016A000213,Job vacancies,Number,223,units,0,v1481212157,5.1,11420,D,,,0
2020-02,New Brunswick,2016A000213,Payroll employees,Number,223,units,0,v1481212158,5.2,303975,A,,,0
2020-02,New Brunswick,2016A000213,Job vacancy rate,Percent,239,units,0,v1481212159,5.3,3.6,D,,,1
2020-02,Quebec,2016A000224,Job vacancies,Number,223,units,0,v1481212160,6.1,141165,A,,,0
2020-02,Quebec,2016A000224,Payroll employees,Number,223,units,0,v1481212161,6.2,3687520,A,,,0
2020-02,Quebec,2016A000224,Job vacancy rate,Percent,239,units,0,v1481212162,6.3,3.7,A,,,1
2020-02,Ontario,2016A000235,Job vacancies,Number,223,units,0,v1481212163,7.1,209770,A,,,0
2020-02,Ontario,2016A000235,Payroll employees,Number,223,units,0,v1481212164,7.2,6375925,A,,,0
2020-02,Ontario,2016A000235,Job vacancy rate,Percent,239,units,0,v1481212165,7.3,3.2,A,,,1
2020-02,Manitoba,2016A000246,Job vacancies,Number,223,units,0,v1481212166,8.1,17515,C,,,0
2020-02,Manitoba,2016A000246,Payroll employees,Number,223,units,0,v1481212167,8.2,600635,A,,,0
2020-02,Manitoba,2016A000246,Job vacancy rate,Percent,239,units,0,v1481212168,8.3,2.8,C,,,1
2020-02,Saskatchewan,2016A000247,Job vacancies,Number,223,units,0,v1481212169,9.1,12820,B,,,0
2020-02,Saskatchewan,2016A000247,Payroll employees,Number,223,units,0,v1481212170,9.2,469330,A,,,0
2020-02,Saskatchewan,2016A000247,Job vacancy rate,Percent,239,units,0,v1481212171,9.3,2.7,B,,,1
2020-02,Alberta,2016A000248,Job vacancies,Number,223,units,0,v1481212172,10.1,54260,B,,,0
2020-02,Alberta,2016A000248,Payroll employees,Number,223,units,0,v1481212173,10.2,1972745,A,,,0
2020-02,Alberta,2016A000248,Job vacancy rate,Percent,239,units,0,v1481212174,10.3,2.7,A,,,1
2020-02,British Columbia,2016A000259,Job vacancies,Number,223,units,0,v1481212175,11.1,107510,B,,,0
2020-02,British Columbia,2016A000259,Payroll employees,Number,223,units,0,v1481212176,11.2,2266045,A,,,0
2020-02,British Columbia,2016A000259,Job vacancy rate,Percent,239,units,0,v1481212177,11.3,4.5,B,,,1
2020-02,Yukon,2016A000260,Job vacancies,Number,223,units,0,v1481212178,12.1,1140,D,,,0
2020-02,Yukon,2016A000260,Payroll employees,Number,223,units,0,v1481212179,12.2,17745,A,,,0
2020-02,Yukon,2016A000260,Job vacancy rate,Percent,239,units,0,v1481212180,12.3,6,D,,,1
2020-02,Northwest Territories,2016A000261,Job vacancies,Number,223,units,0,v1481212181,13.1,755,D,,,0
2020-02,Northwest Territories,2016A000261,Payroll employees,Number,223,units,0,v1481212182,13.2,21230,A,,,0
2020-02,Northwest Territories,2016A000261,Job vacancy rate,Percent,239,units,0,v1481212183,13.3,3.4,D,,,1
2020-02,Nunavut,2016A000262,Job vacancies,Number,223,units,0,v1481212184,14.1,485,D,,,0
2020-02,Nunavut,2016A000262,Payroll employees,Number,223,units,0,v1481212185,14.2,14105,A,,,0
2020-02,Nunavut,2016A000262,Job vacancy rate,Percent,239,units,0,v1481212186,14.3,3.3,D,,,1
2020-03,Canada,2016A000011124,Job vacancies,Number,223,units,0,v1481212145,1.1,526180,A,,,0
2020-03,Canada,2016A000011124,Payroll employees,Number,223,units,0,v1481212146,1.2,16383245,A,,,0
2020-03,Canada,2016A000011124,Job vacancy rate,Percent,239,units,0,v1481212147,1.3,3.1,A,,,1
2020-03,Newfoundland and Labrador,2016A000210,Job vacancies,Number,223,units,0,v1481212148,2.1,5295,C,,,0
2020-03,Newfoundland and Labrador,2016A000210,Payroll employees,Number,223,units,0,v1481212149,2.2,189950,A,,,0
2020-03,Newfoundland and Labrador,2016A000210,Job vacancy rate,Percent,239,units,0,v1481212150,2.3,2.7,C,,,1
2020-03,Prince Edward Island,2016A000211,Job vacancies,Number,223,units,0,v1481212151,3.1,2600,E,,,0
2020-03,Prince Edward Island,2016A000211,Payroll employees,Number,223,units,0,v1481212152,3.2,64740,A,,,0
2020-03,Prince Edward Island,2016A000211,Job vacancy rate,Percent,239,units,0,v1481212153,3.3,3.9,D,,,1
2020-03,Nova Scotia,2016A000212,Job vacancies,Number,223,units,0,v1481212154,4.1,11725,B,,,0
2020-03,Nova Scotia,2016A000212,Payroll employees,Number,223,units,0,v1481212155,4.2,416055,A,,,0
2020-03,Nova Scotia,2016A000212,Job vacancy rate,Percent,239,units,0,v1481212156,4.3,2.7,B,,,1
2020-03,New Brunswick,2016A000213,Job vacancies,Number,223,units,0,v1481212157,5.1,9085,B,,,0
2020-03,New Brunswick,2016A000213,Payroll employees,Number,223,units,0,v1481212158,5.2,308440,A,,,0
2020-03,New Brunswick,2016A000213,Job vacancy rate,Percent,239,units,0,v1481212159,5.3,2.9,B,,,1
2020-03,Quebec,2016A000224,Job vacancies,Number,223,units,0,v1481212160,6.1,134165,A,,,0
2020-03,Quebec,2016A000224,Payroll employees,Number,223,units,0,v1481212161,6.2,3702610,A,,,0
2020-03,Quebec,2016A000224,Job vacancy rate,Percent,239,units,0,v1481212162,6.3,3.5,A,,,1
2020-03,Ontario,2016A000235,Job vacancies,Number,223,units,0,v1481212163,7.1,188565,A,,,0
2020-03,Ontario,2016A000235,Payroll employees,Number,223,units,0,v1481212164,7.2,6365590,A,,,0
2020-03,Ontario,2016A000235,Job vacancy rate,Percent,239,units,0,v1481212165,7.3,2.9,A,,,1
2020-03,Manitoba,2016A000246,Job vacancies,Number,223,units,0,v1481212166,8.1,16030,B,,,0
2020-03,Manitoba,2016A000246,Payroll employees,Number,223,units,0,v1481212167,8.2,595710,A,,,0
2020-03,Manitoba,2016A000246,Job vacancy rate,Percent,239,units,0,v1481212168,8.3,2.6,B,,,1
2020-03,Saskatchewan,2016A000247,Job vacancies,Number,223,units,0,v1481212169,9.1,11910,C,,,0
2020-03,Saskatchewan,2016A000247,Payroll employees,Number,223,units,0,v1481212170,9.2,465640,A,,,0
2020-03,Saskatchewan,2016A000247,Job vacancy rate,Percent,239,units,0,v1481212171,9.3,2.5,C,,,1
2020-03,Alberta,2016A000248,Job vacancies,Number,223,units,0,v1481212172,10.1,52710,B,,,0
2020-03,Alberta,2016A000248,Payroll employees,Number,223,units,0,v1481212173,10.2,1965925,A,,,0
2020-03,Alberta,2016A000248,Job vacancy rate,Percent,239,units,0,v1481212174,10.3,2.6,B,,,1
2020-03,British Columbia,2016A000259,Job vacancies,Number,223,units,0,v1481212175,11.1,92480,B,,,0
2020-03,British Columbia,2016A000259,Payroll employees,Number,223,units,0,v1481212176,11.2,2256350,A,,,0
2020-03,British Columbia,2016A000259,Job vacancy rate,Percent,239,units,0,v1481212177,11.3,3.9,B,,,1
2020-03,Yukon,2016A000260,Job vacancies,Number,223,units,0,v1481212178,12.1,940,E,,,0
2020-03,Yukon,2016A000260,Payroll employees,Number,223,units,0,v1481212179,12.2,17735,A,,,0
2020-03,Yukon,2016A000260,Job vacancy rate,Percent,239,units,0,v1481212180,12.3,5,D,,,1
2020-03,Northwest Territories,2016A000261,Job vacancies,Number,223,units,0,v1481212181,13.1,,F,,,0
2020-03,Northwest Territories,2016A000261,Payroll employees,Number,223,units,0,v1481212182,13.2,20850,B,,,0
2020-03,Northwest Territories,2016A000261,Job vacancy rate,Percent,239,units,0,v1481212183,13.3,,F,,,1
2020-03,Nunavut,2016A000262,Job vacancies,Number,223,units,0,v1481212184,14.1,390,D,,,0
2020-03,Nunavut,2016A000262,Payroll employees,Number,223,units,0,v1481212185,14.2,13660,A,,,0
2020-03,Nunavut,2016A000262,Job vacancy rate,Percent,239,units,0,v1481212186,14.3,2.8,D,,,1
2020-10,Canada,2016A000011124,Job vacancies,Number,223,units,0,v1481212145,1.1,587295,A,,,0
2020-10,Canada,2016A000011124,Payroll employees,Number,223,units,0,v1481212146,1.2,15100615,A,,,0
2020-10,Canada,2016A000011124,Job vacancy rate,Percent,239,units,0,v1481212147,1.3,3.7,A,,,1
2020-10,Newfoundland and Labrador,2016A000210,Job vacancies,Number,223,units,0,v1481212148,2.1,5410,C,,,0
2020-10,Newfoundland and Labrador,2016A000210,Payroll employees,Number,223,units,0,v1481212149,2.2,177445,A,,,0
2020-10,Newfoundland and Labrador,2016A000210,Job vacancy rate,Percent,239,units,0,v1481212150,2.3,3,C,,,1
2020-10,Prince Edward Island,2016A000211,Job vacancies,Number,223,units,0,v1481212151,3.1,2100,E,,,0
2020-10,Prince Edward Island,2016A000211,Payroll employees,Number,223,units,0,v1481212152,3.2,58405,A,,,0
2020-10,Prince Edward Island,2016A000211,Job vacancy rate,Percent,239,units,0,v1481212153,3.3,3.5,E,,,1
2020-10,Nova Scotia,2016A000212,Job vacancies,Number,223,units,0,v1481212154,4.1,12300,B,,,0
2020-10,Nova Scotia,2016A000212,Payroll employees,Number,223,units,0,v1481212155,4.2,399705,A,,,0
2020-10,Nova Scotia,2016A000212,Job vacancy rate,Percent,239,units,0,v1481212156,4.3,3,B,,,1
2020-10,New Brunswick,2016A000213,Job vacancies,Number,223,units,0,v1481212157,5.1,12250,C,,,0
2020-10,New Brunswick,2016A000213,Payroll employees,Number,223,units,0,v1481212158,5.2,299830,A,,,0
2020-10,New Brunswick,2016A000213,Job vacancy rate,Percent,239,units,0,v1481212159,5.3,3.9,C,,,1
2020-10,Quebec,2016A000224,Job vacancies,Number,223,units,0,v1481212160,6.1,156435,A,,,0
2020-10,Quebec,2016A000224,Payroll employees,Number,223,units,0,v1481212161,6.2,3457130,A,,,0
2020-10,Quebec,2016A000224,Job vacancy rate,Percent,239,units,0,v1481212162,6.3,4.3,A,,,1
2020-10,Ontario,2016A000235,Job vacancies,Number,223,units,0,v1481212163,7.1,213105,A,,,0
2020-10,Ontario,2016A000235,Payroll employees,Number,223,units,0,v1481212164,7.2,5804165,A,,,0
2020-10,Ontario,2016A000235,Job vacancy rate,Percent,239,units,0,v1481212165,7.3,3.5,A,,,1
2020-10,Manitoba,2016A000246,Job vacancies,Number,223,units,0,v1481212166,8.1,20105,C,,,0
2020-10,Manitoba,2016A000246,Payroll employees,Number,223,units,0,v1481212167,8.2,559910,A,,,0
2020-10,Manitoba,2016A000246,Job vacancy rate,Percent,239,units,0,v1481212168,8.3,3.5,C,,,1
2020-10,Saskatchewan,2016A000247,Job vacancies,Number,223,units,0,v1481212169,9.1,13195,B,,,0
2020-10,Saskatchewan,2016A000247,Payroll employees,Number,223,units,0,v1481212170,9.2,441595,A,,,0
2020-10,Saskatchewan,2016A000247,Job vacancy rate,Percent,239,units,0,v1481212171,9.3,2.9,B,,,1
2020-10,Alberta,2016A000248,Job vacancies,Number,223,units,0,v1481212172,10.1,45610,B,,,0
2020-10,Alberta,2016A000248,Payroll employees,Number,223,units,0,v1481212173,10.2,1772195,A,,,0
2020-10,Alberta,2016A000248,Job vacancy rate,Percent,239,units,0,v1481212174,10.3,2.5,B,,,1
2020-10,British Columbia,2016A000259,Job vacancies,Number,223,units,0,v1481212175,11.1,105075,A,,,0
2020-10,British Columbia,2016A000259,Payroll employees,Number,223,units,0,v1481212176,11.2,2080550,A,,,0
2020-10,British Columbia,2016A000259,Job vacancy rate,Percent,239,units,0,v1481212177,11.3,4.8,A,,,1
2020-10,Yukon,2016A000260,Job vacancies,Number,223,units,0,v1481212178,12.1,715,E,,,0
2020-10,Yukon,2016A000260,Payroll employees,Number,223,units,0,v1481212179,12.2,16790,A,,,0
2020-10,Yukon,2016A000260,Job vacancy rate,Percent,239,units,0,v1481212180,12.3,4.1,E,,,1
2020-10,Northwest Territories,2016A000261,Job vacancies,Number,223,units,0,v1481212181,13.1,530,D,,,0
2020-10,Northwest Territories,2016A000261,Payroll employees,Number,223,units,0,v1481212182,13.2,19235,A,,,0
2020-10,Northwest Territories,2016A000261,Job vacancy rate,Percent,239,units,0,v1481212183,13.3,2.7,D,,,1
2020-10,Nunavut,2016A000262,Job vacancies,Number,223,units,0,v1481212184,14.1,465,D,,,0
2020-10,Nunavut,2016A000262,Payroll employees,Number,223,units,0,v1481212185,14.2,13660,A,,,0
2020-10,Nunavut,2016A000262,Job vacancy rate,Percent,239,units,0,v1481212186,14.3,3.3,D,,,1
2020-11,Canada,2016A000011124,Job vacancies,Number,223,units,0,v1481212145,1.1,573705,A,,,0
2020-11,Canada,2016A000011124,Payroll employees,Number,223,units,0,v1481212146,1.2,15278000,A,,,0
2020-11,Canada,2016A000011124,Job vacancy rate,Percent,239,units,0,v1481212147,1.3,3.6,A,,,1
2020-11,Newfoundland and Labrador,2016A000210,Job vacancies,Number,223,units,0,v1481212148,2.1,5655,C,,,0
2020-11,Newfoundland and Labrador,2016A000210,Payroll employees,Number,223,units,0,v1481212149,2.2,176915,A,,,0
2020-11,Newfoundland and Labrador,2016A000210,Job vacancy rate,Percent,239,units,0,v1481212150,2.3,3.1,C,,,1
2020-11,Prince Edward Island,2016A000211,Job vacancies,Number,223,units,0,v1481212151,3.1,2095,C,,,0
2020-11,Prince Edward Island,2016A000211,Payroll employees,Number,223,units,0,v1481212152,3.2,60320,A,,,0
2020-11,Prince Edward Island,2016A000211,Job vacancy rate,Percent,239,units,0,v1481212153,3.3,3.4,C,,,1
2020-11,Nova Scotia,2016A000212,Job vacancies,Number,223,units,0,v1481212154,4.1,11315,B,,,0
2020-11,Nova Scotia,2016A000212,Payroll employees,Number,223,units,0,v1481212155,4.2,399070,A,,,0
2020-11,Nova Scotia,2016A000212,Job vacancy rate,Percent,239,units,0,v1481212156,4.3,2.8,B,,,1
2020-11,New Brunswick,2016A000213,Job vacancies,Number,223,units,0,v1481212157,5.1,12475,C,,,0
2020-11,New Brunswick,2016A000213,Payroll employees,Number,223,units,0,v1481212158,5.2,301825,A,,,0
2020-11,New Brunswick,2016A000213,Job vacancy rate,Percent,239,units,0,v1481212159,5.3,4,C,,,1
2020-11,Quebec,2016A000224,Job vacancies,Number,223,units,0,v1481212160,6.1,155055,A,,,0
2020-11,Quebec,2016A000224,Payroll employees,Number,223,units,0,v1481212161,6.2,3492045,A,,,0
2020-11,Quebec,2016A000224,Job vacancy rate,Percent,239,units,0,v1481212162,6.3,4.3,A,,,1
2020-11,Ontario,2016A000235,Job vacancies,Number,223,units,0,v1481212163,7.1,205930,A,,,0
2020-11,Ontario,2016A000235,Payroll employees,Number,223,units,0,v1481212164,7.2,5880655,A,,,0
2020-11,Ontario,2016A000235,Job vacancy rate,Percent,239,units,0,v1481212165,7.3,3.4,A,,,1
2020-11,Manitoba,2016A000246,Job vacancies,Number,223,units,0,v1481212166,8.1,15675,C,,,0
2020-11,Manitoba,2016A000246,Payroll employees,Number,223,units,0,v1481212167,8.2,564165,A,,,0
2020-11,Manitoba,2016A000246,Job vacancy rate,Percent,239,units,0,v1481212168,8.3,2.7,C,,,1
2020-11,Saskatchewan,2016A000247,Job vacancies,Number,223,units,0,v1481212169,9.1,10795,B,,,0
2020-11,Saskatchewan,2016A000247,Payroll employees,Number,223,units,0,v1481212170,9.2,450075,A,,,0
2020-11,Saskatchewan,2016A000247,Job vacancy rate,Percent,239,units,0,v1481212171,9.3,2.3,B,,,1
2020-11,Alberta,2016A000248,Job vacancies,Number,223,units,0,v1481212172,10.1,52725,B,,,0
2020-11,Alberta,2016A000248,Payroll employees,Number,223,units,0,v1481212173,10.2,1794680,A,,,0
2020-11,Alberta,2016A000248,Job vacancy rate,Percent,239,units,0,v1481212174,10.3,2.9,B,,,1
2020-11,British Columbia,2016A000259,Job vacancies,Number,223,units,0,v1481212175,11.1,100030,B,,,0
2020-11,British Columbia,2016A000259,Payroll employees,Number,223,units,0,v1481212176,11.2,2107665,A,,,0
2020-11,British Columbia,2016A000259,Job vacancy rate,Percent,239,units,0,v1481212177,11.3,4.5,B,,,1
2020-11,Yukon,2016A000260,Job vacancies,Number,223,units,0,v1481212178,12.1,1020,D,,,0
2020-11,Yukon,2016A000260,Payroll employees,Number,223,units,0,v1481212179,12.2,17075,A,,,0
2020-11,Yukon,2016A000260,Job vacancy rate,Percent,239,units,0,v1481212180,12.3,5.6,D,,,1
2020-11,Northwest Territories,2016A000261,Job vacancies,Number,223,units,0,v1481212181,13.1,610,E,,,0
2020-11,Northwest Territories,2016A000261,Payroll employees,Number,223,units,0,v1481212182,13.2,19780,B,,,0
2020-11,Northwest Territories,2016A000261,Job vacancy rate,Percent,239,units,0,v1481212183,13.3,3,E,,,1
2020-11,Nunavut,2016A000262,Job vacancies,Number,223,units,0,v1481212184,14.1,,F,,,0
2020-11,Nunavut,2016A000262,Payroll employees,Number,223,units,0,v1481212185,14.2,13725,D,,,0
2020-11,Nunavut,2016A000262,Job vacancy rate,Percent,239,units,0,v1481212186,14.3,,F,,,1
2020-12,Canada,2016A000011124,Job vacancies,Number,223,units,0,v1481212145,1.1,569290,A,,,0
2020-12,Canada,2016A000011124,Payroll employees,Number,223,units,0,v1481212146,1.2,15248060,A,,,0
2020-12,Canada,2016A000011124,Job vacancy rate,Percent,239,units,0,v1481212147,1.3,3.6,A,,,1
2020-12,Newfoundland and Labrador,2016A000210,Job vacancies,Number,223,units,0,v1481212148,2.1,5085,C,,,0
2020-12,Newfoundland and Labrador,2016A000210,Payroll employees,Number,223,units,0,v1481212149,2.2,183890,A,,,0
2020-12,Newfoundland and Labrador,2016A000210,Job vacancy rate,Percent,239,units,0,v1481212150,2.3,2.7,C,,,1
2020-12,Prince Edward Island,2016A000211,Job vacancies,Number,223,units,0,v1481212151,3.1,1945,D,,,0
2020-12,Prince Edward Island,2016A000211,Payroll employees,Number,223,units,0,v1481212152,3.2,60825,A,,,0
2020-12,Prince Edward Island,2016A000211,Job vacancy rate,Percent,239,units,0,v1481212153,3.3,3.1,D,,,1
2020-12,Nova Scotia,2016A000212,Job vacancies,Number,223,units,0,v1481212154,4.1,12030,B,,,0
2020-12,Nova Scotia,2016A000212,Payroll employees,Number,223,units,0,v1481212155,4.2,395675,A,,,0
2020-12,Nova Scotia,2016A000212,Job vacancy rate,Percent,239,units,0,v1481212156,4.3,3,B,,,1
2020-12,New Brunswick,2016A000213,Job vacancies,Number,223,units,0,v1481212157,5.1,11155,C,,,0
2020-12,New Brunswick,2016A000213,Payroll employees,Number,223,units,0,v1481212158,5.2,299870,A,,,0
2020-12,New Brunswick,2016A000213,Job vacancy rate,Percent,239,units,0,v1481212159,5.3,3.6,C,,,1
2020-12,Quebec,2016A000224,Job vacancies,Number,223,units,0,v1481212160,6.1,145715,B,,,0
2020-12,Quebec,2016A000224,Payroll employees,Number,223,units,0,v1481212161,6.2,3457700,A,,,0
2020-12,Quebec,2016A000224,Job vacancy rate,Percent,239,units,0,v1481212162,6.3,4,A,,,1
2020-12,Ontario,2016A000235,Job vacancies,Number,223,units,0,v1481212163,7.1,211980,A,,,0
2020-12,Ontario,2016A000235,Payroll employees,Number,223,units,0,v1481212164,7.2,5876780,A,,,0
2020-12,Ontario,2016A000235,Job vacancy rate,Percent,239,units,0,v1481212165,7.3,3.5,A,,,1
2020-12,Manitoba,2016A000246,Job vacancies,Number,223,units,0,v1481212166,8.1,18385,C,,,0
2020-12,Manitoba,2016A000246,Payroll employees,Number,223,units,0,v1481212167,8.2,557725,A,,,0
2020-12,Manitoba,2016A000246,Job vacancy rate,Percent,239,units,0,v1481212168,8.3,3.2,C,,,1
2020-12,Saskatchewan,2016A000247,Job vacancies,Number,223,units,0,v1481212169,9.1,11785,C,,,0
2020-12,Saskatchewan,2016A000247,Payroll employees,Number,223,units,0,v1481212170,9.2,445945,A,,,0
2020-12,Saskatchewan,2016A000247,Job vacancy rate,Percent,239,units,0,v1481212171,9.3,2.6,C,,,1
2020-12,Alberta,2016A000248,Job vacancies,Number,223,units,0,v1481212172,10.1,51665,B,,,0
2020-12,Alberta,2016A000248,Payroll employees,Number,223,units,0,v1481212173,10.2,1800685,A,,,0
2020-12,Alberta,2016A000248,Job vacancy rate,Percent,239,units,0,v1481212174,10.3,2.8,B,,,1
2020-12,British Columbia,2016A000259,Job vacancies,Number,223,units,0,v1481212175,11.1,97435,B,,,0
2020-12,British Columbia,2016A000259,Payroll employees,Number,223,units,0,v1481212176,11.2,2118620,A,,,0
2020-12,British Columbia,2016A000259,Job vacancy rate,Percent,239,units,0,v1481212177,11.3,4.4,B,,,1
2020-12,Yukon,2016A000260,Job vacancies,Number,223,units,0,v1481212178,12.1,,F,,,0
2020-12,Yukon,2016A000260,Payroll employees,Number,223,units,0,v1481212179,12.2,17025,C,,,0
2020-12,Yukon,2016A000260,Job vacancy rate,Percent,239,units,0,v1481212180,12.3,,F,,,1
2020-12,Northwest Territories,2016A000261,Job vacancies,Number,223,units,0,v1481212181,13.1,840,E,,,0
2020-12,Northwest Territories,2016A000261,Payroll employees,Number,223,units,0,v1481212182,13.2,19715,B,,,0
2020-12,Northwest Territories,2016A000261,Job vacancy rate,Percent,239,units,0,v1481212183,13.3,4.1,E,,,1
2020-12,Nunavut,2016A000262,Job vacancies,Number,223,units,0,v1481212184,14.1,,F,,,0
2020-12,Nunavut,2016A000262,Payroll employees,Number,223,units,0,v1481212185,14.2,13605,A,,,0
2020-12,Nunavut,2016A000262,Job vacancy rate,Percent,239,units,0,v1481212186,14.3,,F,,,1
2021-01,Canada,2016A000011124,Job vacancies,Number,223,units,0,v1481212145,1.1,554465,A,,,0
2021-01,Canada,2016A000011124,Payroll employees,Number,223,units,0,v1481212146,1.2,15290955,A,,,0
2021-01,Canada,2016A000011124,Job vacancy rate,Percent,239,units,0,v1481212147,1.3,3.5,A,,,1
2021-01,Newfoundland and Labrador,2016A000210,Job vacancies,Number,223,units,0,v1481212148,2.1,4855,C,,,0
2021-01,Newfoundland and Labrador,2016A000210,Payroll employees,Number,223,units,0,v1481212149,2.2,175600,A,,,0
2021-01,Newfoundland and Labrador,2016A000210,Job vacancy rate,Percent,239,units,0,v1481212150,2.3,2.7,C,,,1
2021-01,Prince Edward Island,2016A000211,Job vacancies,Number,223,units,0,v1481212151,3.1,2300,D,,,0
2021-01,Prince Edward Island,2016A000211,Payroll employees,Number,223,units,0,v1481212152,3.2,61625,A,,,0
2021-01,Prince Edward Island,2016A000211,Job vacancy rate,Percent,239,units,0,v1481212153,3.3,3.6,D,,,1
2021-01,Nova Scotia,2016A000212,Job vacancies,Number,223,units,0,v1481212154,4.1,14820,B,,,0
2021-01,Nova Scotia,2016A000212,Payroll employees,Number,223,units,0,v1481212155,4.2,408205,A,,,0
2021-01,Nova Scotia,2016A000212,Job vacancy rate,Percent,239,units,0,v1481212156,4.3,3.5,B,,,1
2021-01,New Brunswick,2016A000213,Job vacancies,Number,223,units,0,v1481212157,5.1,10985,B,,,0
2021-01,New Brunswick,2016A000213,Payroll employees,Number,223,units,0,v1481212158,5.2,301770,A,,,0
2021-01,New Brunswick,2016A000213,Job vacancy rate,Percent,239,units,0,v1481212159,5.3,3.5,B,,,1
2021-01,Quebec,2016A000224,Job vacancies,Number,223,units,0,v1481212160,6.1,146485,A,,,0
2021-01,Quebec,2016A000224,Payroll employees,Number,223,units,0,v1481212161,6.2,3469360,A,,,0
2021-01,Quebec,2016A000224,Job vacancy rate,Percent,239,units,0,v1481212162,6.3,4.1,A,,,1
2021-01,Ontario,2016A000235,Job vacancies,Number,223,units,0,v1481212163,7.1,206390,A,,,0
2021-01,Ontario,2016A000235,Payroll employees,Number,223,units,0,v1481212164,7.2,5902790,A,,,0
2021-01,Ontario,2016A000235,Job vacancy rate,Percent,239,units,0,v1481212165,7.3,3.4,A,,,1
2021-01,Manitoba,2016A000246,Job vacancies,Number,223,units,0,v1481212166,8.1,16000,C,,,0
2021-01,Manitoba,2016A000246,Payroll employees,Number,223,units,0,v1481212167,8.2,546425,A,,,0
2021-01,Manitoba,2016A000246,Job vacancy rate,Percent,239,units,0,v1481212168,8.3,2.8,C,,,1
2021-01,Saskatchewan,2016A000247,Job vacancies,Number,223,units,0,v1481212169,9.1,12660,B,,,0
2021-01,Saskatchewan,2016A000247,Payroll employees,Number,223,units,0,v1481212170,9.2,446000,A,,,0
2021-01,Saskatchewan,2016A000247,Job vacancy rate,Percent,239,units,0,v1481212171,9.3,2.8,B,,,1
2021-01,Alberta,2016A000248,Job vacancies,Number,223,units,0,v1481212172,10.1,48355,B,,,0
2021-01,Alberta,2016A000248,Payroll employees,Number,223,units,0,v1481212173,10.2,1798855,A,,,0
2021-01,Alberta,2016A000248,Job vacancy rate,Percent,239,units,0,v1481212174,10.3,2.6,B,,,1
2021-01,British Columbia,2016A000259,Job vacancies,Number,223,units,0,v1481212175,11.1,89615,A,,,0
2021-01,British Columbia,2016A000259,Payroll employees,Number,223,units,0,v1481212176,11.2,2129700,A,,,0
2021-01,British Columbia,2016A000259,Job vacancy rate,Percent,239,units,0,v1481212177,11.3,4,A,,,1
2021-01,Yukon,2016A000260,Job vacancies,Number,223,units,0,v1481212178,12.1,930,D,,,0
2021-01,Yukon,2016A000260,Payroll employees,Number,223,units,0,v1481212179,12.2,17230,A,,,0
2021-01,Yukon,2016A000260,Job vacancy rate,Percent,239,units,0,v1481212180,12.3,5.1,D,,,1
2021-01,Northwest Territories,2016A000261,Job vacancies,Number,223,units,0,v1481212181,13.1,705,D,,,0
2021-01,Northwest Territories,2016A000261,Payroll employees,Number,223,units,0,v1481212182,13.2,19910,A,,,0
2021-01,Northwest Territories,2016A000261,Job vacancy rate,Percent,239,units,0,v1481212183,13.3,3.4,D,,,1
2021-01,Nunavut,2016A000262,Job vacancies,Number,223,units,0,v1481212184,14.1,365,D,,,0
2021-01,Nunavut,2016A000262,Payroll employees,Number,223,units,0,v1481212185,14.2,13480,A,,,0
2021-01,Nunavut,2016A000262,Job vacancy rate,Percent,239,units,0,v1481212186,14.3,2.6,D,,,1
2021-02,Canada,2016A000011124,Job vacancies,Number,223,units,0,v1481212145,1.1,610950,A,,,0
2021-02,Canada,2016A000011124,Payroll employees,Number,223,units,0,v1481212146,1.2,15157435,A,,,0
2021-02,Canada,2016A000011124,Job vacancy rate,Percent,239,units,0,v1481212147,1.3,3.9,A,,,1
2021-02,Newfoundland and Labrador,2016A000210,Job vacancies,Number,223,units,0,v1481212148,2.1,5145,D,,,0
2021-02,Newfoundland and Labrador,2016A000210,Payroll employees,Number,223,units,0,v1481212149,2.2,181835,A,,,0
2021-02,Newfoundland and Labrador,2016A000210,Job vacancy rate,Percent,239,units,0,v1481212150,2.3,2.8,D,,,1
2021-02,Prince Edward Island,2016A000211,Job vacancies,Number,223,units,0,v1481212151,3.1,2065,D,,,0
2021-02,Prince Edward Island,2016A000211,Payroll employees,Number,223,units,0,v1481212152,3.2,62445,A,,,0
2021-02,Prince Edward Island,2016A000211,Job vacancy rate,Percent,239,units,0,v1481212153,3.3,3.2,D,,,1
2021-02,Nova Scotia,2016A000212,Job vacancies,Number,223,units,0,v1481212154,4.1,13895,B,,,0
2021-02,Nova Scotia,2016A000212,Payroll employees,Number,223,units,0,v1481212155,4.2,411440,A,,,0
2021-02,Nova Scotia,2016A000212,Job vacancy rate,Percent,239,units,0,v1481212156,4.3,3.3,B,,,1
2021-02,New Brunswick,2016A000213,Job vacancies,Number,223,units,0,v1481212157,5.1,10820,C,,,0
2021-02,New Brunswick,2016A000213,Payroll employees,Number,223,units,0,v1481212158,5.2,297595,A,,,0
2021-02,New Brunswick,2016A000213,Job vacancy rate,Percent,239,units,0,v1481212159,5.3,3.5,C,,,1
2021-02,Quebec,2016A000224,Job vacancies,Number,223,units,0,v1481212160,6.1,153450,A,,,0
2021-02,Quebec,2016A000224,Payroll employees,Number,223,units,0,v1481212161,6.2,3420940,A,,,0
2021-02,Quebec,2016A000224,Job vacancy rate,Percent,239,units,0,v1481212162,6.3,4.3,A,,,1
2021-02,Ontario,2016A000235,Job vacancies,Number,223,units,0,v1481212163,7.1,209665,A,,,0
2021-02,Ontario,2016A000235,Payroll employees,Number,223,units,0,v1481212164,7.2,5835930,A,,,0
2021-02,Ontario,2016A000235,Job vacancy rate,Percent,239,units,0,v1481212165,7.3,3.5,A,,,1
2021-02,Manitoba,2016A000246,Job vacancies,Number,223,units,0,v1481212166,8.1,19760,B,,,0
2021-02,Manitoba,2016A000246,Payroll employees,Number,223,units,0,v1481212167,8.2,552335,A,,,0
2021-02,Manitoba,2016A000246,Job vacancy rate,Percent,239,units,0,v1481212168,8.3,3.5,B,,,1
2021-02,Saskatchewan,2016A000247,Job vacancies,Number,223,units,0,v1481212169,9.1,13590,C,,,0
2021-02,Saskatchewan,2016A000247,Payroll employees,Number,223,units,0,v1481212170,9.2,433475,A,,,0
2021-02,Saskatchewan,2016A000247,Job vacancy rate,Percent,239,units,0,v1481212171,9.3,3,C,,,1
2021-02,Alberta,2016A000248,Job vacancies,Number,223,units,0,v1481212172,10.1,58955,B,,,0
2021-02,Alberta,2016A000248,Payroll employees,Number,223,units,0,v1481212173,10.2,1786300,A,,,0
2021-02,Alberta,2016A000248,Job vacancy rate,Percent,239,units,0,v1481212174,10.3,3.2,B,,,1
2021-02,British Columbia,2016A000259,Job vacancies,Number,223,units,0,v1481212175,11.1,121380,A,,,0
2021-02,British Columbia,2016A000259,Payroll employees,Number,223,units,0,v1481212176,11.2,2123705,A,,,0
2021-02,British Columbia,2016A000259,Job vacancy rate,Percent,239,units,0,v1481212177,11.3,5.4,A,,,1
2021-02,Yukon,2016A000260,Job vacancies,Number,223,units,0,v1481212178,12.1,765,D,,,0
2021-02,Yukon,2016A000260,Payroll employees,Number,223,units,0,v1481212179,12.2,17375,A,,,0
2021-02,Yukon,2016A000260,Job vacancy rate,Percent,239,units,0,v1481212180,12.3,4.2,D,,,1
2021-02,Northwest Territories,2016A000261,Job vacancies,Number,223,units,0,v1481212181,13.1,865,D,,,0
2021-02,Northwest Territories,2016A000261,Payroll employees,Number,223,units,0,v1481212182,13.2,19860,A,,,0
2021-02,Northwest Territories,2016A000261,Job vacancy rate,Percent,239,units,0,v1481212183,13.3,4.2,D,,,1
2021-02,Nunavut,2016A000262,Job vacancies,Number,223,units,0,v1481212184,14.1,,F,,,0
2021-02,Nunavut,2016A000262,Payroll employees,Number,223,units,0,v1481212185,14.2,14200,D,,,0
2021-02,Nunavut,2016A000262,Job vacancy rate,Percent,239,units,0,v1481212186,14.3,,F,,,1
2021-03,Canada,2016A000011124,Job vacancies,Number,223,units,0,v1481212145,1.1,636750,A,,,0
2021-03,Canada,2016A000011124,Payroll employees,Number,223,units,0,v1481212146,1.2,15227960,A,,,0
2021-03,Canada,2016A000011124,Job vacancy rate,Percent,239,units,0,v1481212147,1.3,4,A,,,1
2021-03,Newfoundland and Labrador,2016A000210,Job vacancies,Number,223,units,0,v1481212148,2.1,4865,C,,,0
2021-03,Newfoundland and Labrador,2016A000210,Payroll employees,Number,223,units,0,v1481212149,2.2,186225,A,,,0
2021-03,Newfoundland and Labrador,2016A000210,Job vacancy rate,Percent,239,units,0,v1481212150,2.3,2.5,C,,,1
2021-03,Prince Edward Island,2016A000211,Job vacancies,Number,223,units,0,v1481212151,3.1,1630,D,,,0
2021-03,Prince Edward Island,2016A000211,Payroll employees,Number,223,units,0,v1481212152,3.2,62775,A,,,0
2021-03,Prince Edward Island,2016A000211,Job vacancy rate,Percent,239,units,0,v1481212153,3.3,2.5,D,,,1
2021-03,Nova Scotia,2016A000212,Job vacancies,Number,223,units,0,v1481212154,4.1,13615,B,,,0
2021-03,Nova Scotia,2016A000212,Payroll employees,Number,223,units,0,v1481212155,4.2,402575,A,,,0
2021-03,Nova Scotia,2016A000212,Job vacancy rate,Percent,239,units,0,v1481212156,4.3,3.3,B,,,1
2021-03,New Brunswick,2016A000213,Job vacancies,Number,223,units,0,v1481212157,5.1,10945,B,,,0
2021-03,New Brunswick,2016A000213,Payroll employees,Number,223,units,0,v1481212158,5.2,297125,A,,,0
2021-03,New Brunswick,2016A000213,Job vacancy rate,Percent,239,units,0,v1481212159,5.3,3.6,B,,,1
2021-03,Quebec,2016A000224,Job vacancies,Number,223,units,0,v1481212160,6.1,173810,A,,,0
2021-03,Quebec,2016A000224,Payroll employees,Number,223,units,0,v1481212161,6.2,3460325,A,,,0
2021-03,Quebec,2016A000224,Job vacancy rate,Percent,239,units,0,v1481212162,6.3,4.8,A,,,1
2021-03,Ontario,2016A000235,Job vacancies,Number,223,units,0,v1481212163,7.1,226455,A,,,0
2021-03,Ontario,2016A000235,Payroll employees,Number,223,units,0,v1481212164,7.2,5826495,A,,,0
2021-03,Ontario,2016A000235,Job vacancy rate,Percent,239,units,0,v1481212165,7.3,3.7,A,,,1
2021-03,Manitoba,2016A000246,Job vacancies,Number,223,units,0,v1481212166,8.1,18145,B,,,0
2021-03,Manitoba,2016A000246,Payroll employees,Number,223,units,0,v1481212167,8.2,562840,A,,,0
2021-03,Manitoba,2016A000246,Job vacancy rate,Percent,239,units,0,v1481212168,8.3,3.1,B,,,1
2021-03,Saskatchewan,2016A000247,Job vacancies,Number,223,units,0,v1481212169,9.1,13135,B,,,0
2021-03,Saskatchewan,2016A000247,Payroll employees,Number,223,units,0,v1481212170,9.2,447165,A,,,0
2021-03,Saskatchewan,2016A000247,Job vacancy rate,Percent,239,units,0,v1481212171,9.3,2.9,B,,,1
2021-03,Alberta,2016A000248,Job vacancies,Number,223,units,0,v1481212172,10.1,59820,B,,,0
2021-03,Alberta,2016A000248,Payroll employees,Number,223,units,0,v1481212173,10.2,1800660,A,,,0
2021-03,Alberta,2016A000248,Job vacancy rate,Percent,239,units,0,v1481212174,10.3,3.2,B,,,1
2021-03,British Columbia,2016A000259,Job vacancies,Number,223,units,0,v1481212175,11.1,111755,A,,,0
2021-03,British Columbia,2016A000259,Payroll employees,Number,223,units,0,v1481212176,11.2,2129435,A,,,0
2021-03,British Columbia,2016A000259,Job vacancy rate,Percent,239,units,0,v1481212177,11.3,5,A,,,1
2021-03,Yukon,2016A000260,Job vacancies,Number,223,units,0,v1481212178,12.1,1105,D,,,0
2021-03,Yukon,2016A000260,Payroll employees,Number,223,units,0,v1481212179,12.2,17585,A,,,0
2021-03,Yukon,2016A000260,Job vacancy rate,Percent,239,units,0,v1481212180,12.3,5.9,D,,,1
2021-03,Northwest Territories,2016A000261,Job vacancies,Number,223,units,0,v1481212181,13.1,,F,,,0
2021-03,Northwest Territories,2016A000261,Payroll employees,Number,223,units,0,v1481212182,13.2,20265,A,,,0
2021-03,Northwest Territories,2016A000261,Job vacancy rate,Percent,239,units,0,v1481212183,13.3,,F,,,1
2021-03,Nunavut,2016A000262,Job vacancies,Number,223,units,0,v1481212184,14.1,680,D,,,0
2021-03,Nunavut,2016A000262,Payroll employees,Number,223,units,0,v1481212185,14.2,14480,A,,,0
2021-03,Nunavut,2016A000262,Job vacancy rate,Percent,239,units,0,v1481212186,14.3,4.5,D,,,1
2021-04,Canada,2016A000011124,Job vacancies,Number,223,units,0,v1481212145,1.1,640835,A,,,0
2021-04,Canada,2016A000011124,Payroll employees,Number,223,units,0,v1481212146,1.2,15432150,A,,,0
2021-04,Canada,2016A000011124,Job vacancy rate,Percent,239,units,0,v1481212147,1.3,4,A,,,1
2021-04,Newfoundland and Labrador,2016A000210,Job vacancies,Number,223,units,0,v1481212148,2.1,5650,C,,,0
2021-04,Newfoundland and Labrador,2016A000210,Payroll employees,Number,223,units,0,v1481212149,2.2,177670,A,,,0
2021-04,Newfoundland and Labrador,2016A000210,Job vacancy rate,Percent,239,units,0,v1481212150,2.3,3.1,B,,,1
2021-04,Prince Edward Island,2016A000211,Job vacancies,Number,223,units,0,v1481212151,3.1,2470,D,,,0
2021-04,Prince Edward Island,2016A000211,Payroll employees,Number,223,units,0,v1481212152,3.2,62910,A,,,0
2021-04,Prince Edward Island,2016A000211,Job vacancy rate,Percent,239,units,0,v1481212153,3.3,3.8,D,,,1
2021-04,Nova Scotia,2016A000212,Job vacancies,Number,223,units,0,v1481212154,4.1,13565,B,,,0
2021-04,Nova Scotia,2016A000212,Payroll employees,Number,223,units,0,v1481212155,4.2,408285,A,,,0
2021-04,Nova Scotia,2016A000212,Job vacancy rate,Percent,239,units,0,v1481212156,4.3,3.2,B,,,1
2021-04,New Brunswick,2016A000213,Job vacancies,Number,223,units,0,v1481212157,5.1,11450,B,,,0
2021-04,New Brunswick,2016A000213,Payroll employees,Number,223,units,0,v1481212158,5.2,309210,A,,,0
2021-04,New Brunswick,2016A000213,Job vacancy rate,Percent,239,units,0,v1481212159,5.3,3.6,B,,,1
2021-04,Quebec,2016A000224,Job vacancies,Number,223,units,0,v1481212160,6.1,184000,A,,,0
2021-04,Quebec,2016A000224,Payroll employees,Number,223,units,0,v1481212161,6.2,3485130,A,,,0
2021-04,Quebec,2016A000224,Job vacancy rate,Percent,239,units,0,v1481212162,6.3,5,A,,,1
2021-04,Ontario,2016A000235,Job vacancies,Number,223,units,0,v1481212163,7.1,232835,A,,,0
2021-04,Ontario,2016A000235,Payroll employees,Number,223,units,0,v1481212164,7.2,5943735,A,,,0
2021-04,Ontario,2016A000235,Job vacancy rate,Percent,239,units,0,v1481212165,7.3,3.8,A,,,1
2021-04,Manitoba,2016A000246,Job vacancies,Number,223,units,0,v1481212166,8.1,19340,C,,,0
2021-04,Manitoba,2016A000246,Payroll employees,Number,223,units,0,v1481212167,8.2,572835,A,,,0
2021-04,Manitoba,2016A000246,Job vacancy rate,Percent,239,units,0,v1481212168,8.3,3.3,C,,,1
2021-04,Saskatchewan,2016A000247,Job vacancies,Number,223,units,0,v1481212169,9.1,15700,B,,,0
2021-04,Saskatchewan,2016A000247,Payroll employees,Number,223,units,0,v1481212170,9.2,444975,A,,,0
2021-04,Saskatchewan,2016A000247,Job vacancy rate,Percent,239,units,0,v1481212171,9.3,3.4,B,,,1
2021-04,Alberta,2016A000248,Job vacancies,Number,223,units,0,v1481212172,10.1,52360,A,,,0
2021-04,Alberta,2016A000248,Payroll employees,Number,223,units,0,v1481212173,10.2,1817260,A,,,0
2021-04,Alberta,2016A000248,Job vacancy rate,Percent,239,units,0,v1481212174,10.3,2.8,A,,,1
2021-04,British Columbia,2016A000259,Job vacancies,Number,223,units,0,v1481212175,11.1,100895,A,,,0
2021-04,British Columbia,2016A000259,Payroll employees,Number,223,units,0,v1481212176,11.2,2157910,A,,,0
2021-04,British Columbia,2016A000259,Job vacancy rate,Percent,239,units,0,v1481212177,11.3,4.5,A,,,1
2021-04,Yukon,2016A000260,Job vacancies,Number,223,units,0,v1481212178,12.1,1015,D,,,0
2021-04,Yukon,2016A000260,Payroll employees,Number,223,units,0,v1481212179,12.2,17440,A,,,0
2021-04,Yukon,2016A000260,Job vacancy rate,Percent,239,units,0,v1481212180,12.3,5.5,D,,,1
2021-04,Northwest Territories,2016A000261,Job vacancies,Number,223,units,0,v1481212181,13.1,935,D,,,0
2021-04,Northwest Territories,2016A000261,Payroll employees,Number,223,units,0,v1481212182,13.2,20545,A,,,0
2021-04,Northwest Territories,2016A000261,Job vacancy rate,Percent,239,units,0,v1481212183,13.3,4.4,D,,,1
2021-04,Nunavut,2016A000262,Job vacancies,Number,223,units,0,v1481212184,14.1,610,D,,,0
2021-04,Nunavut,2016A000262,Payroll employees,Number,223,units,0,v1481212185,14.2,14240,A,,,0
2021-04,Nunavut,2016A000262,Job vacancy rate,Percent,239,units,0,v1481212186,14.3,4.1,D,,,1
2021-05,Canada,2016A000011124,Job vacancies,Number,223,units,0,v1481212145,1.1,659040,A,,,0
2021-05,Canada,2016A000011124,Payroll employees,Number,223,units,0,v1481212146,1.2,15555530,A,,,0
2021-05,Canada,2016A000011124,Job vacancy rate,Percent,239,units,0,v1481212147,1.3,4.1,A,,,1
2021-05,Newfoundland and Labrador,2016A000210,Job vacancies,Number,223,units,0,v1481212148,2.1,4530,C,,,0
2021-05,Newfoundland and Labrador,2016A000210,Payroll employees,Number,223,units,0,v1481212149,2.2,188940,A,,,0
2021-05,Newfoundland and Labrador,2016A000210,Job vacancy rate,Percent,239,units,0,v1481212150,2.3,2.3,C,,,1
2021-05,Prince Edward Island,2016A000211,Job vacancies,Number,223,units,0,v1481212151,3.1,2415,D,,,0
2021-05,Prince Edward Island,2016A000211,Payroll employees,Number,223,units,0,v1481212152,3.2,63655,A,,,0
2021-05,Prince Edward Island,2016A000211,Job vacancy rate,Percent,239,units,0,v1481212153,3.3,3.7,D,,,1
2021-05,Nova Scotia,2016A000212,Job vacancies,Number,223,units,0,v1481212154,4.1,12825,B,,,0
2021-05,Nova Scotia,2016A000212,Payroll employees,Number,223,units,0,v1481212155,4.2,404815,A,,,0
2021-05,Nova Scotia,2016A000212,Job vacancy rate,Percent,239,units,0,v1481212156,4.3,3.1,B,,,1
2021-05,New Brunswick,2016A000213,Job vacancies,Number,223,units,0,v1481212157,5.1,12415,B,,,0
2021-05,New Brunswick,2016A000213,Payroll employees,Number,223,units,0,v1481212158,5.2,306095,A,,,0
2021-05,New Brunswick,2016A000213,Job vacancy rate,Percent,239,units,0,v1481212159,5.3,3.9,B,,,1
2021-05,Quebec,2016A000224,Job vacancies,Number,223,units,0,v1481212160,6.1,179035,A,,,0
2021-05,Quebec,2016A000224,Payroll employees,Number,223,units,0,v1481212161,6.2,3530690,A,,,0
2021-05,Quebec,2016A000224,Job vacancy rate,Percent,239,units,0,v1481212162,6.3,4.8,A,,,1
2021-05,Ontario,2016A000235,Job vacancies,Number,223,units,0,v1481212163,7.1,234115,A,,,0
2021-05,Ontario,2016A000235,Payroll employees,Number,223,units,0,v1481212164,7.2,5990730,A,,,0
2021-05,Ontario,2016A000235,Job vacancy rate,Percent,239,units,0,v1481212165,7.3,3.8,A,,,1
2021-05,Manitoba,2016A000246,Job vacancies,Number,223,units,0,v1481212166,8.1,20730,C,,,0
2021-05,Manitoba,2016A000246,Payroll employees,Number,223,units,0,v1481212167,8.2,572490,A,,,0
2021-05,Manitoba,2016A000246,Job vacancy rate,Percent,239,units,0,v1481212168,8.3,3.5,C,,,1
2021-05,Saskatchewan,2016A000247,Job vacancies,Number,223,units,0,v1481212169,9.1,13520,B,,,0
2021-05,Saskatchewan,2016A000247,Payroll employees,Number,223,units,0,v1481212170,9.2,456355,A,,,0
2021-05,Saskatchewan,2016A000247,Job vacancy rate,Percent,239,units,0,v1481212171,9.3,2.9,B,,,1
2021-05,Alberta,2016A000248,Job vacancies,Number,223,units,0,v1481212172,10.1,59475,B,,,0
2021-05,Alberta,2016A000248,Payroll employees,Number,223,units,0,v1481212173,10.2,1832385,A,,,0
2021-05,Alberta,2016A000248,Job vacancy rate,Percent,239,units,0,v1481212174,10.3,3.1,B,,,1
2021-05,British Columbia,2016A000259,Job vacancies,Number,223,units,0,v1481212175,11.1,117795,A,,,0
2021-05,British Columbia,2016A000259,Payroll employees,Number,223,units,0,v1481212176,11.2,2156220,A,,,0
2021-05,British Columbia,2016A000259,Job vacancy rate,Percent,239,units,0,v1481212177,11.3,5.2,A,,,1
2021-05,Yukon,2016A000260,Job vacancies,Number,223,units,0,v1481212178,12.1,800,D,,,0
2021-05,Yukon,2016A000260,Payroll employees,Number,223,units,0,v1481212179,12.2,17590,A,,,0
2021-05,Yukon,2016A000260,Job vacancy rate,Percent,239,units,0,v1481212180,12.3,4.4,D,,,1
2021-05,Northwest Territories,2016A000261,Job vacancies,Number,223,units,0,v1481212181,13.1,820,E,,,0
2021-05,Northwest Territories,2016A000261,Payroll employees,Number,223,units,0,v1481212182,13.2,21000,B,,,0
2021-05,Northwest Territories,2016A000261,Job vacancy rate,Percent,239,units,0,v1481212183,13.3,3.8,E,,,1
2021-05,Nunavut,2016A000262,Job vacancies,Number,223,units,0,v1481212184,14.1,565,E,,,0
2021-05,Nunavut,2016A000262,Payroll employees,Number,223,units,0,v1481212185,14.2,14570,A,,,0
2021-05,Nunavut,2016A000262,Job vacancy rate,Percent,239,units,0,v1481212186,14.3,3.7,E,,,1
2021-06,Canada,2016A000011124,Job vacancies,Number,223,units,0,v1481212145,1.1,767715,A,,,0
2021-06,Canada,2016A000011124,Payroll employees,Number,223,units,0,v1481212146,1.2,15329785,A,,,0
2021-06,Canada,2016A000011124,Job vacancy rate,Percent,239,units,0,v1481212147,1.3,4.8,A,,,1
2021-06,Newfoundland and Labrador,2016A000210,Job vacancies,Number,223,units,0,v1481212148,2.1,7230,C,,,0
2021-06,Newfoundland and Labrador,2016A000210,Payroll employees,Number,223,units,0,v1481212149,2.2,185655,A,,,0
2021-06,Newfoundland and Labrador,2016A000210,Job vacancy rate,Percent,239,units,0,v1481212150,2.3,3.7,C,,,1
2021-06,Prince Edward Island,2016A000211,Job vacancies,Number,223,units,0,v1481212151,3.1,2540,D,,,0
2021-06,Prince Edward Island,2016A000211,Payroll employees,Number,223,units,0,v1481212152,3.2,62675,A,,,0
2021-06,Prince Edward Island,2016A000211,Job vacancy rate,Percent,239,units,0,v1481212153,3.3,3.9,D,,,1
2021-06,Nova Scotia,2016A000212,Job vacancies,Number,223,units,0,v1481212154,4.1,14720,B,,,0
2021-06,Nova Scotia,2016A000212,Payroll employees,Number,223,units,0,v1481212155,4.2,406395,A,,,0
2021-06,Nova Scotia,2016A000212,Job vacancy rate,Percent,239,units,0,v1481212156,4.3,3.5,B,,,1
2021-06,New Brunswick,2016A000213,Job vacancies,Number,223,units,0,v1481212157,5.1,13315,B,,,0
2021-06,New Brunswick,2016A000213,Payroll employees,Number,223,units,0,v1481212158,5.2,301995,A,,,0
2021-06,New Brunswick,2016A000213,Job vacancy rate,Percent,239,units,0,v1481212159,5.3,4.2,B,,,1
2021-06,Quebec,2016A000224,Job vacancies,Number,223,units,0,v1481212160,6.1,198270,A,,,0
2021-06,Quebec,2016A000224,Payroll employees,Number,223,units,0,v1481212161,6.2,3519720,A,,,0
2021-06,Quebec,2016A000224,Job vacancy rate,Percent,239,units,0,v1481212162,6.3,5.3,A,,,1
2021-06,Ontario,2016A000235,Job vacancies,Number,223,units,0,v1481212163,7.1,290580,A,,,0
2021-06,Ontario,2016A000235,Payroll employees,Number,223,units,0,v1481212164,7.2,5829900,A,,,0
2021-06,Ontario,2016A000235,Job vacancy rate,Percent,239,units,0,v1481212165,7.3,4.7,A,,,1
2021-06,Manitoba,2016A000246,Job vacancies,Number,223,units,0,v1481212166,8.1,19485,B,,,0
2021-06,Manitoba,2016A000246,Payroll employees,Number,223,units,0,v1481212167,8.2,568595,A,,,0
2021-06,Manitoba,2016A000246,Job vacancy rate,Percent,239,units,0,v1481212168,8.3,3.3,B,,,1
2021-06,Saskatchewan,2016A000247,Job vacancies,Number,223,units,0,v1481212169,9.1,17580,B,,,0
2021-06,Saskatchewan,2016A000247,Payroll employees,Number,223,units,0,v1481212170,9.2,450870,A,,,0
2021-06,Saskatchewan,2016A000247,Job vacancy rate,Percent,239,units,0,v1481212171,9.3,3.8,B,,,1
2021-06,Alberta,2016A000248,Job vacancies,Number,223,units,0,v1481212172,10.1,76670,B,,,0
2021-06,Alberta,2016A000248,Payroll employees,Number,223,units,0,v1481212173,10.2,1810110,A,,,0
2021-06,Alberta,2016A000248,Job vacancy rate,Percent,239,units,0,v1481212174,10.3,4.1,B,,,1
2021-06,British Columbia,2016A000259,Job vacancies,Number,223,units,0,v1481212175,11.1,123325,A,,,0
2021-06,British Columbia,2016A000259,Payroll employees,Number,223,units,0,v1481212176,11.2,2141580,A,,,0
2021-06,British Columbia,2016A000259,Job vacancy rate,Percent,239,units,0,v1481212177,11.3,5.4,A,,,1
2021-06,Yukon,2016A000260,Job vacancies,Number,223,units,0,v1481212178,12.1,1845,D,,,0
2021-06,Yukon,2016A000260,Payroll employees,Number,223,units,0,v1481212179,12.2,17485,A,,,0
2021-06,Yukon,2016A000260,Job vacancy rate,Percent,239,units,0,v1481212180,12.3,9.6,D,,,1
2021-06,Northwest Territories,2016A000261,Job vacancies,Number,223,units,0,v1481212181,13.1,1320,E,,,0
2021-06,Northwest Territories,2016A000261,Payroll employees,Number,223,units,0,v1481212182,13.2,20470,B,,,0
2021-06,Northwest Territories,2016A000261,Job vacancy rate,Percent,239,units,0,v1481212183,13.3,6.1,E,,,1
2021-06,Nunavut,2016A000262,Job vacancies,Number,223,units,0,v1481212184,14.1,,F,,,0
2021-06,Nunavut,2016A000262,Payroll employees,Number,223,units,0,v1481212185,14.2,14335,D,,,0
2021-06,Nunavut,2016A000262,Job vacancy rate,Percent,239,units,0,v1481212186,14.3,,F,,,1
2021-07,Canada,2016A000011124,Job vacancies,Number,223,units,0,v1481212145,1.1,815410,A,,,0
2021-07,Canada,2016A000011124,Payroll employees,Number,223,units,0,v1481212146,1.2,15516880,A,,,0
2021-07,Canada,2016A000011124,Job vacancy rate,Percent,239,units,0,v1481212147,1.3,5,A,,,1
2021-07,Newfoundland and Labrador,2016A000210,Job vacancies,Number,223,units,0,v1481212148,2.1,5665,C,,,0
2021-07,Newfoundland and Labrador,2016A000210,Payroll employees,Number,223,units,0,v1481212149,2.2,180735,A,,,0
2021-07,Newfoundland and Labrador,2016A000210,Job vacancy rate,Percent,239,units,0,v1481212150,2.3,3,C,,,1
2021-07,Prince Edward Island,2016A000211,Job vacancies,Number,223,units,0,v1481212151,3.1,2590,C,,,0
2021-07,Prince Edward Island,2016A000211,Payroll employees,Number,223,units,0,v1481212152,3.2,62225,A,,,0
2021-07,Prince Edward Island,2016A000211,Job vacancy rate,Percent,239,units,0,v1481212153,3.3,4,C,,,1
2021-07,Nova Scotia,2016A000212,Job vacancies,Number,223,units,0,v1481212154,4.1,15475,B,,,0
2021-07,Nova Scotia,2016A000212,Payroll employees,Number,223,units,0,v1481212155,4.2,407795,A,,,0
2021-07,Nova Scotia,2016A000212,Job vacancy rate,Percent,239,units,0,v1481212156,4.3,3.7,B,,,1
2021-07,New Brunswick,2016A000213,Job vacancies,Number,223,units,0,v1481212157,5.1,12085,B,,,0
2021-07,New Brunswick,2016A000213,Payroll employees,Number,223,units,0,v1481212158,5.2,298245,A,,,0
2021-07,New Brunswick,2016A000213,Job vacancy rate,Percent,239,units,0,v1481212159,5.3,3.9,B,,,1
2021-07,Quebec,2016A000224,Job vacancies,Number,223,units,0,v1481212160,6.1,219505,A,,,0
2021-07,Quebec,2016A000224,Payroll employees,Number,223,units,0,v1481212161,6.2,3577985,A,,,0
2021-07,Quebec,2016A000224,Job vacancy rate,Percent,239,units,0,v1481212162,6.3,5.8,A,,,1
2021-07,Ontario,2016A000235,Job vacancies,Number,223,units,0,v1481212163,7.1,316520,A,,,0
2021-07,Ontario,2016A000235,Payroll employees,Number,223,units,0,v1481212164,7.2,5915585,A,,,0
2021-07,Ontario,2016A000235,Job vacancy rate,Percent,239,units,0,v1481212165,7.3,5.1,A,,,1
2021-07,Manitoba,2016A000246,Job vacancies,Number,223,units,0,v1481212166,8.1,19470,B,,,0
2021-07,Manitoba,2016A000246,Payroll employees,Number,223,units,0,v1481212167,8.2,568485,A,,,0
2021-07,Manitoba,2016A000246,Job vacancy rate,Percent,239,units,0,v1481212168,8.3,3.3,B,,,1
2021-07,Saskatchewan,2016A000247,Job vacancies,Number,223,units,0,v1481212169,9.1,20575,B,,,0
2021-07,Saskatchewan,2016A000247,Payroll employees,Number,223,units,0,v1481212170,9.2,451810,A,,,0
2021-07,Saskatchewan,2016A000247,Job vacancy rate,Percent,239,units,0,v1481212171,9.3,4.4,B,,,1
2021-07,Alberta,2016A000248,Job vacancies,Number,223,units,0,v1481212172,10.1,72735,A,,,0
2021-07,Alberta,2016A000248,Payroll employees,Number,223,units,0,v1481212173,10.2,1831605,A,,,0
2021-07,Alberta,2016A000248,Job vacancy rate,Percent,239,units,0,v1481212174,10.3,3.8,A,,,1
2021-07,British Columbia,2016A000259,Job vacancies,Number,223,units,0,v1481212175,11.1,127890,A,,,0
2021-07,British Columbia,2016A000259,Payroll employees,Number,223,units,0,v1481212176,11.2,2170395,A,,,0
2021-07,British Columbia,2016A000259,Job vacancy rate,Percent,239,units,0,v1481212177,11.3,5.6,A,,,1
2021-07,Yukon,2016A000260,Job vacancies,Number,223,units,0,v1481212178,12.1,1310,E,,,0
2021-07,Yukon,2016A000260,Payroll employees,Number,223,units,0,v1481212179,12.2,17475,A,,,0
2021-07,Yukon,2016A000260,Job vacancy rate,Percent,239,units,0,v1481212180,12.3,7,D,,,1
2021-07,Northwest Territories,2016A000261,Job vacancies,Number,223,units,0,v1481212181,13.1,1080,D,,,0
2021-07,Northwest Territories,2016A000261,Payroll employees,Number,223,units,0,v1481212182,13.2,20780,A,,,0
2021-07,Northwest Territories,2016A000261,Job vacancy rate,Percent,239,units,0,v1481212183,13.3,4.9,D,,,1
2021-07,Nunavut,2016A000262,Job vacancies,Number,223,units,0,v1481212184,14.1,,F,,,0
2021-07,Nunavut,2016A000262,Payroll employees,Number,223,units,0,v1481212185,14.2,13755,A,,,0
2021-07,Nunavut,2016A000262,Job vacancy rate,Percent,239,units,0,v1481212186,14.3,,F,,,1
2021-08,Canada,2016A000011124,Job vacancies,Number,223,units,0,v1481212145,1.1,893050,A,,,0
2021-08,Canada,2016A000011124,Payroll employees,Number,223,units,0,v1481212146,1.2,15835450,A,,,0
2021-08,Canada,2016A000011124,Job vacancy rate,Percent,239,units,0,v1481212147,1.3,5.3,A,,,1
2021-08,Newfoundland and Labrador,2016A000210,Job vacancies,Number,223,units,0,v1481212148,2.1,6370,C,,,0
2021-08,Newfoundland and Labrador,2016A000210,Payroll employees,Number,223,units,0,v1481212149,2.2,184190,A,,,0
2021-08,Newfoundland and Labrador,2016A000210,Job vacancy rate,Percent,239,units,0,v1481212150,2.3,3.3,C,,,1
2021-08,Prince Edward Island,2016A000211,Job vacancies,Number,223,units,0,v1481212151,3.1,3080,D,,,0
2021-08,Prince Edward Island,2016A000211,Payroll employees,Number,223,units,0,v1481212152,3.2,63125,A,,,0
2021-08,Prince Edward Island,2016A000211,Job vacancy rate,Percent,239,units,0,v1481212153,3.3,4.7,D,,,1
2021-08,Nova Scotia,2016A000212,Job vacancies,Number,223,units,0,v1481212154,4.1,17385,B,,,0
2021-08,Nova Scotia,2016A000212,Payroll employees,Number,223,units,0,v1481212155,4.2,412630,A,,,0
2021-08,Nova Scotia,2016A000212,Job vacancy rate,Percent,239,units,0,v1481212156,4.3,4,B,,,1
2021-08,New Brunswick,2016A000213,Job vacancies,Number,223,units,0,v1481212157,5.1,14560,B,,,0
2021-08,New Brunswick,2016A000213,Payroll employees,Number,223,units,0,v1481212158,5.2,307080,A,,,0
2021-08,New Brunswick,2016A000213,Job vacancy rate,Percent,239,units,0,v1481212159,5.3,4.5,B,,,1
2021-08,Quebec,2016A000224,Job vacancies,Number,223,units,0,v1481212160,6.1,228140,A,,,0
2021-08,Quebec,2016A000224,Payroll employees,Number,223,units,0,v1481212161,6.2,3616580,A,,,0
2021-08,Quebec,2016A000224,Job vacancy rate,Percent,239,units,0,v1481212162,6.3,5.9,A,,,1
2021-08,Ontario,2016A000235,Job vacancies,Number,223,units,0,v1481212163,7.1,325080,A,,,0
2021-08,Ontario,2016A000235,Payroll employees,Number,223,units,0,v1481212164,7.2,6096475,A,,,0
2021-08,Ontario,2016A000235,Job vacancy rate,Percent,239,units,0,v1481212165,7.3,5.1,A,,,1
2021-08,Manitoba,2016A000246,Job vacancies,Number,223,units,0,v1481212166,8.1,23300,B,,,0
2021-08,Manitoba,2016A000246,Payroll employees,Number,223,units,0,v1481212167,8.2,573120,A,,,0
2021-08,Manitoba,2016A000246,Job vacancy rate,Percent,239,units,0,v1481212168,8.3,3.9,B,,,1
2021-08,Saskatchewan,2016A000247,Job vacancies,Number,223,units,0,v1481212169,9.1,20485,B,,,0
2021-08,Saskatchewan,2016A000247,Payroll employees,Number,223,units,0,v1481212170,9.2,458980,A,,,0
2021-08,Saskatchewan,2016A000247,Job vacancy rate,Percent,239,units,0,v1481212171,9.3,4.3,B,,,1
2021-08,Alberta,2016A000248,Job vacancies,Number,223,units,0,v1481212172,10.1,91450,A,,,0
2021-08,Alberta,2016A000248,Payroll employees,Number,223,units,0,v1481212173,10.2,1868505,A,,,0
2021-08,Alberta,2016A000248,Job vacancy rate,Percent,239,units,0,v1481212174,10.3,4.7,A,,,1
2021-08,British Columbia,2016A000259,Job vacancies,Number,223,units,0,v1481212175,11.1,159965,A,,,0
2021-08,British Columbia,2016A000259,Payroll employees,Number,223,units,0,v1481212176,11.2,2202380,A,,,0
2021-08,British Columbia,2016A000259,Job vacancy rate,Percent,239,units,0,v1481212177,11.3,6.8,A,,,1
2021-08,Yukon,2016A000260,Job vacancies,Number,223,units,0,v1481212178,12.1,1105,D,,,0
2021-08,Yukon,2016A000260,Payroll employees,Number,223,units,0,v1481212179,12.2,17645,A,,,0
2021-08,Yukon,2016A000260,Job vacancy rate,Percent,239,units,0,v1481212180,12.3,5.9,D,,,1
2021-08,Northwest Territories,2016A000261,Job vacancies,Number,223,units,0,v1481212181,13.1,1485,D,,,0
2021-08,Northwest Territories,2016A000261,Payroll employees,Number,223,units,0,v1481212182,13.2,20675,A,,,0
2021-08,Northwest Territories,2016A000261,Job vacancy rate,Percent,239,units,0,v1481212183,13.3,6.7,D,,,1
2021-08,Nunavut,2016A000262,Job vacancies,Number,223,units,0,v1481212184,14.1,645,E,,,0
2021-08,Nunavut,2016A000262,Payroll employees,Number,223,units,0,v1481212185,14.2,14070,A,,,0
2021-08,Nunavut,2016A000262,Job vacancy rate,Percent,239,units,0,v1481212186,14.3,4.4,E,,,1
2021-09,Canada,2016A000011124,Job vacancies,Number,223,units,0,v1481212145,1.1,939920,A,,,0
2021-09,Canada,2016A000011124,Payroll employees,Number,223,units,0,v1481212146,1.2,15941790,A,,,0
2021-09,Canada,2016A000011124,Job vacancy rate,Percent,239,units,0,v1481212147,1.3,5.6,A,,,1
2021-09,Newfoundland and Labrador,2016A000210,Job vacancies,Number,223,units,0,v1481212148,2.1,7725,B,,,0
2021-09,Newfoundland and Labrador,2016A000210,Payroll employees,Number,223,units,0,v1481212149,2.2,181585,A,,,0
2021-09,Newfoundland and Labrador,2016A000210,Job vacancy rate,Percent,239,units,0,v1481212150,2.3,4.1,B,,,1
2021-09,Prince Edward Island,2016A000211,Job vacancies,Number,223,units,0,v1481212151,3.1,3020,C,,,0
2021-09,Prince Edward Island,2016A000211,Payroll employees,Number,223,units,0,v1481212152,3.2,62635,A,,,0
2021-09,Prince Edward Island,2016A000211,Job vacancy rate,Percent,239,units,0,v1481212153,3.3,4.6,C,,,1
2021-09,Nova Scotia,2016A000212,Job vacancies,Number,223,units,0,v1481212154,4.1,18670,B,,,0
2021-09,Nova Scotia,2016A000212,Payroll employees,Number,223,units,0,v1481212155,4.2,417735,A,,,0
2021-09,Nova Scotia,2016A000212,Job vacancy rate,Percent,239,units,0,v1481212156,4.3,4.3,B,,,1
2021-09,New Brunswick,2016A000213,Job vacancies,Number,223,units,0,v1481212157,5.1,18180,B,,,0
2021-09,New Brunswick,2016A000213,Payroll employees,Number,223,units,0,v1481212158,5.2,318170,A,,,0
2021-09,New Brunswick,2016A000213,Job vacancy rate,Percent,239,units,0,v1481212159,5.3,5.4,B,,,1
2021-09,Quebec,2016A000224,Job vacancies,Number,223,units,0,v1481212160,6.1,258075,A,,,0
2021-09,Quebec,2016A000224,Payroll employees,Number,223,units,0,v1481212161,6.2,3636425,A,,,0
2021-09,Quebec,2016A000224,Job vacancy rate,Percent,239,units,0,v1481212162,6.3,6.6,A,,,1
2021-09,Ontario,2016A000235,Job vacancies,Number,223,units,0,v1481212163,7.1,335185,A,,,0
2021-09,Ontario,2016A000235,Payroll employees,Number,223,units,0,v1481212164,7.2,6137370,A,,,0
2021-09,Ontario,2016A000235,Job vacancy rate,Percent,239,units,0,v1481212165,7.3,5.2,A,,,1
2021-09,Manitoba,2016A000246,Job vacancies,Number,223,units,0,v1481212166,8.1,24660,B,,,0
2021-09,Manitoba,2016A000246,Payroll employees,Number,223,units,0,v1481212167,8.2,577410,A,,,0
2021-09,Manitoba,2016A000246,Job vacancy rate,Percent,239,units,0,v1481212168,8.3,4.1,B,,,1
2021-09,Saskatchewan,2016A000247,Job vacancies,Number,223,units,0,v1481212169,9.1,20225,B,,,0
2021-09,Saskatchewan,2016A000247,Payroll employees,Number,223,units,0,v1481212170,9.2,460090,A,,,0
2021-09,Saskatchewan,2016A000247,Job vacancy rate,Percent,239,units,0,v1481212171,9.3,4.2,B,,,1
2021-09,Alberta,2016A000248,Job vacancies,Number,223,units,0,v1481212172,10.1,89445,A,,,0
2021-09,Alberta,2016A000248,Payroll employees,Number,223,units,0,v1481212173,10.2,1887045,A,,,0
2021-09,Alberta,2016A000248,Job vacancy rate,Percent,239,units,0,v1481212174,10.3,4.5,A,,,1
2021-09,British Columbia,2016A000259,Job vacancies,Number,223,units,0,v1481212175,11.1,161615,A,,,0
2021-09,British Columbia,2016A000259,Payroll employees,Number,223,units,0,v1481212176,11.2,2210535,A,,,0
2021-09,British Columbia,2016A000259,Job vacancy rate,Percent,239,units,0,v1481212177,11.3,6.8,A,,,1
2021-09,Yukon,2016A000260,Job vacancies,Number,223,units,0,v1481212178,12.1,1235,D,,,0
2021-09,Yukon,2016A000260,Payroll employees,Number,223,units,0,v1481212179,12.2,17725,A,,,0
2021-09,Yukon,2016A000260,Job vacancy rate,Percent,239,units,0,v1481212180,12.3,6.5,D,,,1
2021-09,Northwest Territories,2016A000261,Job vacancies,Number,223,units,0,v1481212181,13.1,1245,E,,,0
2021-09,Northwest Territories,2016A000261,Payroll employees,Number,223,units,0,v1481212182,13.2,20955,A,,,0
2021-09,Northwest Territories,2016A000261,Job vacancy rate,Percent,239,units,0,v1481212183,13.3,5.6,D,,,1
2021-09,Nunavut,2016A000262,Job vacancies,Number,223,units,0,v1481212184,14.1,,F,,,0
2021-09,Nunavut,2016A000262,Payroll employees,Number,223,units,0,v1481212185,14.2,14110,D,,,0
2021-09,Nunavut,2016A000262,Job vacancy rate,Percent,239,units,0,v1481212186,14.3,,F,,,1
2021-10,Canada,2016A000011124,Job vacancies,Number,223,units,0,v1481212145,1.1,930985,A,,,0
2021-10,Canada,2016A000011124,Payroll employees,Number,223,units,0,v1481212146,1.2,16026865,A,,,0
2021-10,Canada,2016A000011124,Job vacancy rate,Percent,239,units,0,v1481212147,1.3,5.5,A,,,1
2021-10,Newfoundland and Labrador,2016A000210,Job vacancies,Number,223,units,0,v1481212148,2.1,8375,B,,,0
2021-10,Newfoundland and Labrador,2016A000210,Payroll employees,Number,223,units,0,v1481212149,2.2,188625,A,,,0
2021-10,Newfoundland and Labrador,2016A000210,Job vacancy rate,Percent,239,units,0,v1481212150,2.3,4.3,B,,,1
2021-10,Prince Edward Island,2016A000211,Job vacancies,Number,223,units,0,v1481212151,3.1,3945,C,,,0
2021-10,Prince Edward Island,2016A000211,Payroll employees,Number,223,units,0,v1481212152,3.2,63740,A,,,0
2021-10,Prince Edward Island,2016A000211,Job vacancy rate,Percent,239,units,0,v1481212153,3.3,5.8,C,,,1
2021-10,Nova Scotia,2016A000212,Job vacancies,Number,223,units,0,v1481212154,4.1,20420,B,,,0
2021-10,Nova Scotia,2016A000212,Payroll employees,Number,223,units,0,v1481212155,4.2,417350,A,,,0
2021-10,Nova Scotia,2016A000212,Job vacancy rate,Percent,239,units,0,v1481212156,4.3,4.7,B,,,1
2021-10,New Brunswick,2016A000213,Job vacancies,Number,223,units,0,v1481212157,5.1,13425,B,,,0
2021-10,New Brunswick,2016A000213,Payroll employees,Number,223,units,0,v1481212158,5.2,305270,A,,,0
2021-10,New Brunswick,2016A000213,Job vacancy rate,Percent,239,units,0,v1481212159,5.3,4.2,B,,,1
2021-10,Quebec,2016A000224,Job vacancies,Number,223,units,0,v1481212160,6.1,234715,A,,,0
2021-10,Quebec,2016A000224,Payroll employees,Number,223,units,0,v1481212161,6.2,3658315,A,,,0
2021-10,Quebec,2016A000224,Job vacancy rate,Percent,239,units,0,v1481212162,6.3,6,A,,,1
2021-10,Ontario,2016A000235,Job vacancies,Number,223,units,0,v1481212163,7.1,355805,A,,,0
2021-10,Ontario,2016A000235,Payroll employees,Number,223,units,0,v1481212164,7.2,6174630,A,,,0
2021-10,Ontario,2016A000235,Job vacancy rate,Percent,239,units,0,v1481212165,7.3,5.4,A,,,1
2021-10,Manitoba,2016A000246,Job vacancies,Number,223,units,0,v1481212166,8.1,25490,B,,,0
2021-10,Manitoba,2016A000246,Payroll employees,Number,223,units,0,v1481212167,8.2,574090,A,,,0
2021-10,Manitoba,2016A000246,Job vacancy rate,Percent,239,units,0,v1481212168,8.3,4.3,B,,,1
2021-10,Saskatchewan,2016A000247,Job vacancies,Number,223,units,0,v1481212169,9.1,20785,B,,,0
2021-10,Saskatchewan,2016A000247,Payroll employees,Number,223,units,0,v1481212170,9.2,465135,A,,,0
2021-10,Saskatchewan,2016A000247,Job vacancy rate,Percent,239,units,0,v1481212171,9.3,4.3,B,,,1
2021-10,Alberta,2016A000248,Job vacancies,Number,223,units,0,v1481212172,10.1,92930,A,,,0
2021-10,Alberta,2016A000248,Payroll employees,Number,223,units,0,v1481212173,10.2,1891710,A,,,0
2021-10,Alberta,2016A000248,Job vacancy rate,Percent,239,units,0,v1481212174,10.3,4.7,A,,,1
2021-10,British Columbia,2016A000259,Job vacancies,Number,223,units,0,v1481212175,11.1,151520,A,,,0
2021-10,British Columbia,2016A000259,Payroll employees,Number,223,units,0,v1481212176,11.2,2234255,A,,,0
2021-10,British Columbia,2016A000259,Job vacancy rate,Percent,239,units,0,v1481212177,11.3,6.4,A,,,1
2021-10,Yukon,2016A000260,Job vacancies,Number,223,units,0,v1481212178,12.1,1390,D,,,0
2021-10,Yukon,2016A000260,Payroll employees,Number,223,units,0,v1481212179,12.2,18150,A,,,0
2021-10,Yukon,2016A000260,Job vacancy rate,Percent,239,units,0,v1481212180,12.3,7.1,D,,,1
2021-10,Northwest Territories,2016A000261,Job vacancies,Number,223,units,0,v1481212181,13.1,,F,,,0
2021-10,Northwest Territories,2016A000261,Payroll employees,Number,223,units,0,v1481212182,13.2,21315,A,,,0
2021-10,Northwest Territories,2016A000261,Job vacancy rate,Percent,239,units,0,v1481212183,13.3,,F,,,1
2021-10,Nunavut,2016A000262,Job vacancies,Number,223,units,0,v1481212184,14.1,610,D,,,0
2021-10,Nunavut,2016A000262,Payroll employees,Number,223,units,0,v1481212185,14.2,14280,A,,,0
2021-10,Nunavut,2016A000262,Job vacancy rate,Percent,239,units,0,v1481212186,14.3,4.1,D,,,1
2021-11,Canada,2016A000011124,Job vacancies,Number,223,units,0,v1481212145,1.1,912670,A,,,0
2021-11,Canada,2016A000011124,Payroll employees,Number,223,units,0,v1481212146,1.2,16134735,A,,,0
2021-11,Canada,2016A000011124,Job vacancy rate,Percent,239,units,0,v1481212147,1.3,5.4,A,,,1
2021-11,Newfoundland and Labrador,2016A000210,Job vacancies,Number,223,units,0,v1481212148,2.1,5680,C,,,0
2021-11,Newfoundland and Labrador,2016A000210,Payroll employees,Number,223,units,0,v1481212149,2.2,188700,A,,,0
2021-11,Newfoundland and Labrador,2016A000210,Job vacancy rate,Percent,239,units,0,v1481212150,2.3,2.9,C,,,1
2021-11,Prince Edward Island,2016A000211,Job vacancies,Number,223,units,0,v1481212151,3.1,3855,C,,,0
2021-11,Prince Edward Island,2016A000211,Payroll employees,Number,223,units,0,v1481212152,3.2,64660,A,,,0
2021-11,Prince Edward Island,2016A000211,Job vacancy rate,Percent,239,units,0,v1481212153,3.3,5.6,C,,,1
2021-11,Nova Scotia,2016A000212,Job vacancies,Number,223,units,0,v1481212154,4.1,20685,B,,,0
2021-11,Nova Scotia,2016A000212,Payroll employees,Number,223,units,0,v1481212155,4.2,416900,A,,,0
2021-11,Nova Scotia,2016A000212,Job vacancy rate,Percent,239,units,0,v1481212156,4.3,4.7,B,,,1
2021-11,New Brunswick,2016A000213,Job vacancies,Number,223,units,0,v1481212157,5.1,13840,B,,,0
2021-11,New Brunswick,2016A000213,Payroll employees,Number,223,units,0,v1481212158,5.2,310110,A,,,0
2021-11,New Brunswick,2016A000213,Job vacancy rate,Percent,239,units,0,v1481212159,5.3,4.3,B,,,1
2021-11,Quebec,2016A000224,Job vacancies,Number,223,units,0,v1481212160,6.1,246595,A,,,0
2021-11,Quebec,2016A000224,Payroll employees,Number,223,units,0,v1481212161,6.2,3670745,A,,,0
2021-11,Quebec,2016A000224,Job vacancy rate,Percent,239,units,0,v1481212162,6.3,6.3,A,,,1
2021-11,Ontario,2016A000235,Job vacancies,Number,223,units,0,v1481212163,7.1,333740,A,,,0
2021-11,Ontario,2016A000235,Payroll employees,Number,223,units,0,v1481212164,7.2,6226570,A,,,0
2021-11,Ontario,2016A000235,Job vacancy rate,Percent,239,units,0,v1481212165,7.3,5.1,A,,,1
2021-11,Manitoba,2016A000246,Job vacancies,Number,223,units,0,v1481212166,8.1,28925,B,,,0
2021-11,Manitoba,2016A000246,Payroll employees,Number,223,units,0,v1481212167,8.2,582480,A,,,0
2021-11,Manitoba,2016A000246,Job vacancy rate,Percent,239,units,0,v1481212168,8.3,4.7,B,,,1
2021-11,Saskatchewan,2016A000247,Job vacancies,Number,223,units,0,v1481212169,9.1,19895,B,,,0
2021-11,Saskatchewan,2016A000247,Payroll employees,Number,223,units,0,v1481212170,9.2,463675,A,,,0
2021-11,Saskatchewan,2016A000247,Job vacancy rate,Percent,239,units,0,v1481212171,9.3,4.1,B,,,1
2021-11,Alberta,2016A000248,Job vacancies,Number,223,units,0,v1481212172,10.1,88455,A,,,0
2021-11,Alberta,2016A000248,Payroll employees,Number,223,units,0,v1481212173,10.2,1907120,A,,,0
2021-11,Alberta,2016A000248,Job vacancy rate,Percent,239,units,0,v1481212174,10.3,4.4,A,,,1
2021-11,British Columbia,2016A000259,Job vacancies,Number,223,units,0,v1481212175,11.1,147360,A,,,0
2021-11,British Columbia,2016A000259,Payroll employees,Number,223,units,0,v1481212176,11.2,2250005,A,,,0
2021-11,British Columbia,2016A000259,Job vacancy rate,Percent,239,units,0,v1481212177,11.3,6.1,A,,,1
2021-11,Yukon,2016A000260,Job vacancies,Number,223,units,0,v1481212178,12.1,1485,D,,,0
2021-11,Yukon,2016A000260,Payroll employees,Number,223,units,0,v1481212179,12.2,18330,A,,,0
2021-11,Yukon,2016A000260,Job vacancy rate,Percent,239,units,0,v1481212180,12.3,7.5,D,,,1
2021-11,Northwest Territories,2016A000261,Job vacancies,Number,223,units,0,v1481212181,13.1,1630,D,,,0
2021-11,Northwest Territories,2016A000261,Payroll employees,Number,223,units,0,v1481212182,13.2,21130,A,,,0
2021-11,Northwest Territories,2016A000261,Job vacancy rate,Percent,239,units,0,v1481212183,13.3,7.2,D,,,1
2021-11,Nunavut,2016A000262,Job vacancies,Number,223,units,0,v1481212184,14.1,525,D,,,0
2021-11,Nunavut,2016A000262,Payroll employees,Number,223,units,0,v1481212185,14.2,14315,A,,,0
2021-11,Nunavut,2016A000262,Job vacancy rate,Percent,239,units,0,v1481212186,14.3,3.5,D,,,1
2021-12,Canada,2016A000011124,Job vacancies,Number,223,units,0,v1481212145,1.1,976980,A,,,0
2021-12,Canada,2016A000011124,Payroll employees,Number,223,units,0,v1481212146,1.2,16202380,A,,,0
2021-12,Canada,2016A000011124,Job vacancy rate,Percent,239,units,0,v1481212147,1.3,5.7,A,,,1
2021-12,Newfoundland and Labrador,2016A000210,Job vacancies,Number,223,units,0,v1481212148,2.1,7675,C,,,0
2021-12,Newfoundland and Labrador,2016A000210,Payroll employees,Number,223,units,0,v1481212149,2.2,188725,A,,,0
2021-12,Newfoundland and Labrador,2016A000210,Job vacancy rate,Percent,239,units,0,v1481212150,2.3,3.9,C,,,1
2021-12,Prince Edward Island,2016A000211,Job vacancies,Number,223,units,0,v1481212151,3.1,3255,C,,,0
2021-12,Prince Edward Island,2016A000211,Payroll employees,Number,223,units,0,v1481212152,3.2,65555,A,,,0
2021-12,Prince Edward Island,2016A000211,Job vacancy rate,Percent,239,units,0,v1481212153,3.3,4.7,C,,,1
2021-12,Nova Scotia,2016A000212,Job vacancies,Number,223,units,0,v1481212154,4.1,19840,B,,,0
2021-12,Nova Scotia,2016A000212,Payroll employees,Number,223,units,0,v1481212155,4.2,424570,A,,,0
2021-12,Nova Scotia,2016A000212,Job vacancy rate,Percent,239,units,0,v1481212156,4.3,4.5,B,,,1
2021-12,New Brunswick,2016A000213,Job vacancies,Number,223,units,0,v1481212157,5.1,15885,B,,,0
2021-12,New Brunswick,2016A000213,Payroll employees,Number,223,units,0,v1481212158,5.2,315525,A,,,0
2021-12,New Brunswick,2016A000213,Job vacancy rate,Percent,239,units,0,v1481212159,5.3,4.8,B,,,1
2021-12,Quebec,2016A000224,Job vacancies,Number,223,units,0,v1481212160,6.1,252575,A,,,0
2021-12,Quebec,2016A000224,Payroll employees,Number,223,units,0,v1481212161,6.2,3685800,A,,,0
2021-12,Quebec,2016A000224,Job vacancy rate,Percent,239,units,0,v1481212162,6.3,6.4,A,,,1
2021-12,Ontario,2016A000235,Job vacancies,Number,223,units,0,v1481212163,7.1,365860,A,,,0
2021-12,Ontario,2016A000235,Payroll employees,Number,223,units,0,v1481212164,7.2,6253940,A,,,0
2021-12,Ontario,2016A000235,Job vacancy rate,Percent,239,units,0,v1481212165,7.3,5.5,A,,,1
2021-12,Manitoba,2016A000246,Job vacancies,Number,223,units,0,v1481212166,8.1,23515,B,,,0
2021-12,Manitoba,2016A000246,Payroll employees,Number,223,units,0,v1481212167,8.2,584525,A,,,0
2021-12,Manitoba,2016A000246,Job vacancy rate,Percent,239,units,0,v1481212168,8.3,3.9,B,,,1
2021-12,Saskatchewan,2016A000247,Job vacancies,Number,223,units,0,v1481212169,9.1,22995,B,,,0
2021-12,Saskatchewan,2016A000247,Payroll employees,Number,223,units,0,v1481212170,9.2,468195,A,,,0
2021-12,Saskatchewan,2016A000247,Job vacancy rate,Percent,239,units,0,v1481212171,9.3,4.7,B,,,1
2021-12,Alberta,2016A000248,Job vacancies,Number,223,units,0,v1481212172,10.1,89815,A,,,0
2021-12,Alberta,2016A000248,Payroll employees,Number,223,units,0,v1481212173,10.2,1907515,A,,,0
2021-12,Alberta,2016A000248,Job vacancy rate,Percent,239,units,0,v1481212174,10.3,4.5,A,,,1
2021-12,British Columbia,2016A000259,Job vacancies,Number,223,units,0,v1481212175,11.1,172600,A,,,0
2021-12,British Columbia,2016A000259,Payroll employees,Number,223,units,0,v1481212176,11.2,2253760,A,,,0
2021-12,British Columbia,2016A000259,Job vacancy rate,Percent,239,units,0,v1481212177,11.3,7.1,A,,,1
2021-12,Yukon,2016A000260,Job vacancies,Number,223,units,0,v1481212178,12.1,1210,D,,,0
2021-12,Yukon,2016A000260,Payroll employees,Number,223,units,0,v1481212179,12.2,18475,A,,,0
2021-12,Yukon,2016A000260,Job vacancy rate,Percent,239,units,0,v1481212180,12.3,6.2,D,,,1
2021-12,Northwest Territories,2016A000261,Job vacancies,Number,223,units,0,v1481212181,13.1,1270,E,,,0
2021-12,Northwest Territories,2016A000261,Payroll employees,Number,223,units,0,v1481212182,13.2,20860,A,,,0
2021-12,Northwest Territories,2016A000261,Job vacancy rate,Percent,239,units,0,v1481212183,13.3,5.7,E,,,1
2021-12,Nunavut,2016A000262,Job vacancies,Number,223,units,0,v1481212184,14.1,485,E,,,0
2021-12,Nunavut,2016A000262,Payroll employees,Number,223,units,0,v1481212185,14.2,14935,A,,,0
2021-12,Nunavut,2016A000262,Job vacancy rate,Percent,239,units,0,v1481212186,14.3,3.1,E,,,1
2022-01,Canada,2016A000011124,Job vacancies,Number,223,units,0,v1481212145,1.1,911870,A,,,0
2022-01,Canada,2016A000011124,Payroll employees,Number,223,units,0,v1481212146,1.2,16317460,A,,,0
2022-01,Canada,2016A000011124,Job vacancy rate,Percent,239,units,0,v1481212147,1.3,5.3,A,,,1
2022-01,Newfoundland and Labrador,2016A000210,Job vacancies,Number,223,units,0,v1481212148,2.1,6175,C,,,0
2022-01,Newfoundland and Labrador,2016A000210,Payroll employees,Number,223,units,0,v1481212149,2.2,193110,A,,,0
2022-01,Newfoundland and Labrador,2016A000210,Job vacancy rate,Percent,239,units,0,v1481212150,2.3,3.1,C,,,1
2022-01,Prince Edward Island,2016A000211,Job vacancies,Number,223,units,0,v1481212151,3.1,2940,C,,,0
2022-01,Prince Edward Island,2016A000211,Payroll employees,Number,223,units,0,v1481212152,3.2,66305,A,,,0
2022-01,Prince Edward Island,2016A000211,Job vacancy rate,Percent,239,units,0,v1481212153,3.3,4.2,C,,,1
2022-01,Nova Scotia,2016A000212,Job vacancies,Number,223,units,0,v1481212154,4.1,19480,B,,,0
2022-01,Nova Scotia,2016A000212,Payroll employees,Number,223,units,0,v1481212155,4.2,421725,A,,,0
2022-01,Nova Scotia,2016A000212,Job vacancy rate,Percent,239,units,0,v1481212156,4.3,4.4,B,,,1
2022-01,New Brunswick,2016A000213,Job vacancies,Number,223,units,0,v1481212157,5.1,13725,B,,,0
2022-01,New Brunswick,2016A000213,Payroll employees,Number,223,units,0,v1481212158,5.2,321270,A,,,0
2022-01,New Brunswick,2016A000213,Job vacancy rate,Percent,239,units,0,v1481212159,5.3,4.1,B,,,1
2022-01,Quebec,2016A000224,Job vacancies,Number,223,units,0,v1481212160,6.1,224965,A,,,0
2022-01,Quebec,2016A000224,Payroll employees,Number,223,units,0,v1481212161,6.2,3703715,A,,,0
2022-01,Quebec,2016A000224,Job vacancy rate,Percent,239,units,0,v1481212162,6.3,5.7,A,,,1
2022-01,Ontario,2016A000235,Job vacancies,Number,223,units,0,v1481212163,7.1,345710,A,,,0
2022-01,Ontario,2016A000235,Payroll employees,Number,223,units,0,v1481212164,7.2,6308900,A,,,0
2022-01,Ontario,2016A000235,Job vacancy rate,Percent,239,units,0,v1481212165,7.3,5.2,A,,,1
2022-01,Manitoba,2016A000246,Job vacancies,Number,223,units,0,v1481212166,8.1,26680,B,,,0
2022-01,Manitoba,2016A000246,Payroll employees,Number,223,units,0,v1481212167,8.2,591040,A,,,0
2022-01,Manitoba,2016A000246,Job vacancy rate,Percent,239,units,0,v1481212168,8.3,4.3,B,,,1
2022-01,Saskatchewan,2016A000247,Job vacancies,Number,223,units,0,v1481212169,9.1,22760,B,,,0
2022-01,Saskatchewan,2016A000247,Payroll employees,Number,223,units,0,v1481212170,9.2,470635,A,,,0
2022-01,Saskatchewan,2016A000247,Job vacancy rate,Percent,239,units,0,v1481212171,9.3,4.6,B,,,1
2022-01,Alberta,2016A000248,Job vacancies,Number,223,units,0,v1481212172,10.1,94450,A,,,0
2022-01,Alberta,2016A000248,Payroll employees,Number,223,units,0,v1481212173,10.2,1915280,A,,,0
2022-01,Alberta,2016A000248,Job vacancy rate,Percent,239,units,0,v1481212174,10.3,4.7,A,,,1
2022-01,British Columbia,2016A000259,Job vacancies,Number,223,units,0,v1481212175,11.1,151625,A,,,0
2022-01,British Columbia,2016A000259,Payroll employees,Number,223,units,0,v1481212176,11.2,2270640,A,,,0
2022-01,British Columbia,2016A000259,Job vacancy rate,Percent,239,units,0,v1481212177,11.3,6.3,A,,,1
2022-01,Yukon,2016A000260,Job vacancies,Number,223,units,0,v1481212178,12.1,1395,D,,,0
2022-01,Yukon,2016A000260,Payroll employees,Number,223,units,0,v1481212179,12.2,18510,A,,,0
2022-01,Yukon,2016A000260,Job vacancy rate,Percent,239,units,0,v1481212180,12.3,7,D,,,1
2022-01,Northwest Territories,2016A000261,Job vacancies,Number,223,units,0,v1481212181,13.1,1295,D,,,0
2022-01,Northwest Territories,2016A000261,Payroll employees,Number,223,units,0,v1481212182,13.2,21140,A,,,0
2022-01,Northwest Territories,2016A000261,Job vacancy rate,Percent,239,units,0,v1481212183,13.3,5.8,D,,,1
2022-01,Nunavut,2016A000262,Job vacancies,Number,223,units,0,v1481212184,14.1,675,E,,,0
2022-01,Nunavut,2016A000262,Payroll employees,Number,223,units,0,v1481212185,14.2,15195,A,,,0
2022-01,Nunavut,2016A000262,Job vacancy rate,Percent,239,units,0,v1481212186,14.3,4.3,E,,,1
2022-02,Canada,2016A000011124,Job vacancies,Number,223,units,0,v1481212145,1.1,906625,A,,,0
2022-02,Canada,2016A000011124,Payroll employees,Number,223,units,0,v1481212146,1.2,16287975,A,,,0
2022-02,Canada,2016A000011124,Job vacancy rate,Percent,239,units,0,v1481212147,1.3,5.3,A,,,1
2022-02,Newfoundland and Labrador,2016A000210,Job vacancies,Number,223,units,0,v1481212148,2.1,6925,B,,,0
2022-02,Newfoundland and Labrador,2016A000210,Payroll employees,Number,223,units,0,v1481212149,2.2,188075,A,,,0
2022-02,Newfoundland and Labrador,2016A000210,Job vacancy rate,Percent,239,units,0,v1481212150,2.3,3.6,B,,,1
2022-02,Prince Edward Island,2016A000211,Job vacancies,Number,223,units,0,v1481212151,3.1,3780,D,,,0
2022-02,Prince Edward Island,2016A000211,Payroll employees,Number,223,units,0,v1481212152,3.2,65620,A,,,0
2022-02,Prince Edward Island,2016A000211,Job vacancy rate,Percent,239,units,0,v1481212153,3.3,5.4,C,,,1
2022-02,Nova Scotia,2016A000212,Job vacancies,Number,223,units,0,v1481212154,4.1,18810,B,,,0
2022-02,Nova Scotia,2016A000212,Payroll employees,Number,223,units,0,v1481212155,4.2,408080,A,,,0
2022-02,Nova Scotia,2016A000212,Job vacancy rate,Percent,239,units,0,v1481212156,4.3,4.4,B,,,1
2022-02,New Brunswick,2016A000213,Job vacancies,Number,223,units,0,v1481212157,5.1,15295,B,,,0
2022-02,New Brunswick,2016A000213,Payroll employees,Number,223,units,0,v1481212158,5.2,310015,A,,,0
2022-02,New Brunswick,2016A000213,Job vacancy rate,Percent,239,units,0,v1481212159,5.3,4.7,B,,,1
2022-02,Quebec,2016A000224,Job vacancies,Number,223,units,0,v1481212160,6.1,234725,A,,,0
2022-02,Quebec,2016A000224,Payroll employees,Number,223,units,0,v1481212161,6.2,3697465,A,,,0
2022-02,Quebec,2016A000224,Job vacancy rate,Percent,239,units,0,v1481212162,6.3,6,A,,,1
2022-02,Ontario,2016A000235,Job vacancies,Number,223,units,0,v1481212163,7.1,339030,A,,,0
2022-02,Ontario,2016A000235,Payroll employees,Number,223,units,0,v1481212164,7.2,6298920,A,,,0
2022-02,Ontario,2016A000235,Job vacancy rate,Percent,239,units,0,v1481212165,7.3,5.1,A,,,1
2022-02,Manitoba,2016A000246,Job vacancies,Number,223,units,0,v1481212166,8.1,27990,B,,,0
2022-02,Manitoba,2016A000246,Payroll employees,Number,223,units,0,v1481212167,8.2,585630,A,,,0
2022-02,Manitoba,2016A000246,Job vacancy rate,Percent,239,units,0,v1481212168,8.3,4.6,B,,,1
2022-02,Saskatchewan,2016A000247,Job vacancies,Number,223,units,0,v1481212169,9.1,19575,B,,,0
2022-02,Saskatchewan,2016A000247,Payroll employees,Number,223,units,0,v1481212170,9.2,471000,A,,,0
2022-02,Saskatchewan,2016A000247,Job vacancy rate,Percent,239,units,0,v1481212171,9.3,4,B,,,1
2022-02,Alberta,2016A000248,Job vacancies,Number,223,units,0,v1481212172,10.1,92120,A,,,0
2022-02,Alberta,2016A000248,Payroll employees,Number,223,units,0,v1481212173,10.2,1925260,A,,,0
2022-02,Alberta,2016A000248,Job vacancy rate,Percent,239,units,0,v1481212174,10.3,4.6,A,,,1
2022-02,British Columbia,2016A000259,Job vacancies,Number,223,units,0,v1481212175,11.1,145480,A,,,0
2022-02,British Columbia,2016A000259,Payroll employees,Number,223,units,0,v1481212176,11.2,2283705,A,,,0
2022-02,British Columbia,2016A000259,Job vacancy rate,Percent,239,units,0,v1481212177,11.3,6,A,,,1
2022-02,Yukon,2016A000260,Job vacancies,Number,223,units,0,v1481212178,12.1,1385,D,,,0
2022-02,Yukon,2016A000260,Payroll employees,Number,223,units,0,v1481212179,12.2,18190,A,,,0
2022-02,Yukon,2016A000260,Job vacancy rate,Percent,239,units,0,v1481212180,12.3,7.1,D,,,1
2022-02,Northwest Territories,2016A000261,Job vacancies,Number,223,units,0,v1481212181,13.1,1110,D,,,0
2022-02,Northwest Territories,2016A000261,Payroll employees,Number,223,units,0,v1481212182,13.2,21235,A,,,0
2022-02,Northwest Territories,2016A000261,Job vacancy rate,Percent,239,units,0,v1481212183,13.3,5,D,,,1
2022-02,Nunavut,2016A000262,Job vacancies,Number,223,units,0,v1481212184,14.1,395,D,,,0
2022-02,Nunavut,2016A000262,Payroll employees,Number,223,units,0,v1481212185,14.2,14780,A,,,0
2022-02,Nunavut,2016A000262,Job vacancy rate,Percent,239,units,0,v1481212186,14.3,2.6,D,,,1
2022-03,Canada,2016A000011124,Job vacancies,Number,223,units,0,v1481212145,1.1,984390,A,,,0
2022-03,Canada,2016A000011124,Payroll employees,Number,223,units,0,v1481212146,1.2,16411720,A,,,0
2022-03,Canada,2016A000011124,Job vacancy rate,Percent,239,units,0,v1481212147,1.3,5.7,A,,,1
2022-03,Newfoundland and Labrador,2016A000210,Job vacancies,Number,223,units,0,v1481212148,2.1,8565,B,,,0
2022-03,Newfoundland and Labrador,2016A000210,Payroll employees,Number,223,units,0,v1481212149,2.2,187885,A,,,0
2022-03,Newfoundland and Labrador,2016A000210,Job vacancy rate,Percent,239,units,0,v1481212150,2.3,4.4,B,,,1
2022-03,Prince Edward Island,2016A000211,Job vacancies,Number,223,units,0,v1481212151,3.1,3180,D,,,0
2022-03,Prince Edward Island,2016A000211,Payroll employees,Number,223,units,0,v1481212152,3.2,66400,B,,,0
2022-03,Prince Edward Island,2016A000211,Job vacancy rate,Percent,239,units,0,v1481212153,3.3,4.6,D,,,1
2022-03,Nova Scotia,2016A000212,Job vacancies,Number,223,units,0,v1481212154,4.1,22080,B,,,0
2022-03,Nova Scotia,2016A000212,Payroll employees,Number,223,units,0,v1481212155,4.2,431910,A,,,0
2022-03,Nova Scotia,2016A000212,Job vacancy rate,Percent,239,units,0,v1481212156,4.3,4.9,B,,,1
2022-03,New Brunswick,2016A000213,Job vacancies,Number,223,units,0,v1481212157,5.1,15850,B,,,0
2022-03,New Brunswick,2016A000213,Payroll employees,Number,223,units,0,v1481212158,5.2,316205,A,,,0
2022-03,New Brunswick,2016A000213,Job vacancy rate,Percent,239,units,0,v1481212159,5.3,4.8,B,,,1
2022-03,Quebec,2016A000224,Job vacancies,Number,223,units,0,v1481212160,6.1,244620,A,,,0
2022-03,Quebec,2016A000224,Payroll employees,Number,223,units,0,v1481212161,6.2,3715115,A,,,0
2022-03,Quebec,2016A000224,Job vacancy rate,Percent,239,units,0,v1481212162,6.3,6.2,A,,,1
2022-03,Ontario,2016A000235,Job vacancies,Number,223,units,0,v1481212163,7.1,364010,A,,,0
2022-03,Ontario,2016A000235,Payroll employees,Number,223,units,0,v1481212164,7.2,6346575,A,,,0
2022-03,Ontario,2016A000235,Job vacancy rate,Percent,239,units,0,v1481212165,7.3,5.4,A,,,1
2022-03,Manitoba,2016A000246,Job vacancies,Number,223,units,0,v1481212166,8.1,27225,B,,,0
2022-03,Manitoba,2016A000246,Payroll employees,Number,223,units,0,v1481212167,8.2,589250,A,,,0
2022-03,Manitoba,2016A000246,Job vacancy rate,Percent,239,units,0,v1481212168,8.3,4.4,B,,,1
2022-03,Saskatchewan,2016A000247,Job vacancies,Number,223,units,0,v1481212169,9.1,25350,B,,,0
2022-03,Saskatchewan,2016A000247,Payroll employees,Number,223,units,0,v1481212170,9.2,471605,A,,,0
2022-03,Saskatchewan,2016A000247,Job vacancy rate,Percent,239,units,0,v1481212171,9.3,5.1,B,,,1
2022-03,Alberta,2016A000248,Job vacancies,Number,223,units,0,v1481212172,10.1,95285,A,,,0
2022-03,Alberta,2016A000248,Payroll employees,Number,223,units,0,v1481212173,10.2,1936800,A,,,0
2022-03,Alberta,2016A000248,Job vacancy rate,Percent,239,units,0,v1481212174,10.3,4.7,A,,,1
2022-03,British Columbia,2016A000259,Job vacancies,Number,223,units,0,v1481212175,11.1,175205,A,,,0
2022-03,British Columbia,2016A000259,Payroll employees,Number,223,units,0,v1481212176,11.2,2295875,A,,,0
2022-03,British Columbia,2016A000259,Job vacancy rate,Percent,239,units,0,v1481212177,11.3,7.1,A,,,1
2022-03,Yukon,2016A000260,Job vacancies,Number,223,units,0,v1481212178,12.1,880,D,,,0
2022-03,Yukon,2016A000260,Payroll employees,Number,223,units,0,v1481212179,12.2,18130,A,,,0
2022-03,Yukon,2016A000260,Job vacancy rate,Percent,239,units,0,v1481212180,12.3,4.6,D,,,1
2022-03,Northwest Territories,2016A000261,Job vacancies,Number,223,units,0,v1481212181,13.1,1720,D,,,0
2022-03,Northwest Territories,2016A000261,Payroll employees,Number,223,units,0,v1481212182,13.2,20995,A,,,0
2022-03,Northwest Territories,2016A000261,Job vacancy rate,Percent,239,units,0,v1481212183,13.3,7.6,D,,,1
2022-03,Nunavut,2016A000262,Job vacancies,Number,223,units,0,v1481212184,14.1,,F,,,0
2022-03,Nunavut,2016A000262,Payroll employees,Number,223,units,0,v1481212185,14.2,14975,A,,,0
2022-03,Nunavut,2016A000262,Job vacancy rate,Percent,239,units,0,v1481212186,14.3,,F,,,1
2022-04,Canada,2016A000011124,Job vacancies,Number,223,units,0,v1481212145,1.1,979550,A,,,0
2022-04,Canada,2016A000011124,Payroll employees,Number,223,units,0,v1481212146,1.2,16512220,A,,,0
2022-04,Canada,2016A000011124,Job vacancy rate,Percent,239,units,0,v1481212147,1.3,5.6,A,,,1
2022-04,Newfoundland and Labrador,2016A000210,Job vacancies,Number,223,units,0,v1481212148,2.1,8000,B,,,0
2022-04,Newfoundland and Labrador,2016A000210,Payroll employees,Number,223,units,0,v1481212149,2.2,222705,B,,,0
2022-04,Newfoundland and Labrador,2016A000210,Job vacancy rate,Percent,239,units,0,v1481212150,2.3,3.5,C,,,1
2022-04,Prince Edward Island,2016A000211,Job vacancies,Number,223,units,0,v1481212151,3.1,3645,C,,,0
2022-04,Prince Edward Island,2016A000211,Payroll employees,Number,223,units,0,v1481212152,3.2,66950,A,,,0
2022-04,Prince Edward Island,2016A000211,Job vacancy rate,Percent,239,units,0,v1481212153,3.3,5.2,C,,,1
2022-04,Nova Scotia,2016A000212,Job vacancies,Number,223,units,0,v1481212154,4.1,20965,B,,,0
2022-04,Nova Scotia,2016A000212,Payroll employees,Number,223,units,0,v1481212155,4.2,401900,A,,,0
2022-04,Nova Scotia,2016A000212,Job vacancy rate,Percent,239,units,0,v1481212156,4.3,5,B,,,1
2022-04,New Brunswick,2016A000213,Job vacancies,Number,223,units,0,v1481212157,5.1,15010,B,,,0
2022-04,New Brunswick,2016A000213,Payroll employees,Number,223,units,0,v1481212158,5.2,306260,A,,,0
2022-04,New Brunswick,2016A000213,Job vacancy rate,Percent,239,units,0,v1481212159,5.3,4.7,B,,,1
2022-04,Quebec,2016A000224,Job vacancies,Number,223,units,0,v1481212160,6.1,233435,A,,,0
2022-04,Quebec,2016A000224,Payroll employees,Number,223,units,0,v1481212161,6.2,3758800,A,,,0
2022-04,Quebec,2016A000224,Job vacancy rate,Percent,239,units,0,v1481212162,6.3,5.8,A,,,1
2022-04,Ontario,2016A000235,Job vacancies,Number,223,units,0,v1481212163,7.1,378150,A,,,0
2022-04,Ontario,2016A000235,Payroll employees,Number,223,units,0,v1481212164,7.2,6390615,A,,,0
2022-04,Ontario,2016A000235,Job vacancy rate,Percent,239,units,0,v1481212165,7.3,5.6,A,,,1
2022-04,Manitoba,2016A000246,Job vacancies,Number,223,units,0,v1481212166,8.1,27310,B,,,0
2022-04,Manitoba,2016A000246,Payroll employees,Number,223,units,0,v1481212167,8.2,593205,A,,,0
2022-04,Manitoba,2016A000246,Job vacancy rate,Percent,239,units,0,v1481212168,8.3,4.4,B,,,1
2022-04,Saskatchewan,2016A000247,Job vacancies,Number,223,units,0,v1481212169,9.1,22750,B,,,0
2022-04,Saskatchewan,2016A000247,Payroll employees,Number,223,units,0,v1481212170,9.2,472230,A,,,0
2022-04,Saskatchewan,2016A000247,Job vacancy rate,Percent,239,units,0,v1481212171,9.3,4.6,B,,,1
2022-04,Alberta,2016A000248,Job vacancies,Number,223,units,0,v1481212172,10.1,106575,A,,,0
2022-04,Alberta,2016A000248,Payroll employees,Number,223,units,0,v1481212173,10.2,1938135,A,,,0
2022-04,Alberta,2016A000248,Job vacancy rate,Percent,239,units,0,v1481212174,10.3,5.2,A,,,1
2022-04,British Columbia,2016A000259,Job vacancies,Number,223,units,0,v1481212175,11.1,160225,A,,,0
2022-04,British Columbia,2016A000259,Payroll employees,Number,223,units,0,v1481212176,11.2,2306950,A,,,0
2022-04,British Columbia,2016A000259,Job vacancy rate,Percent,239,units,0,v1481212177,11.3,6.5,A,,,1
2022-04,Yukon,2016A000260,Job vacancies,Number,223,units,0,v1481212178,12.1,1740,C,,,0
2022-04,Yukon,2016A000260,Payroll employees,Number,223,units,0,v1481212179,12.2,18280,A,,,0
2022-04,Yukon,2016A000260,Job vacancy rate,Percent,239,units,0,v1481212180,12.3,8.7,C,,,1
2022-04,Northwest Territories,2016A000261,Job vacancies,Number,223,units,0,v1481212181,13.1,1285,E,,,0
2022-04,Northwest Territories,2016A000261,Payroll employees,Number,223,units,0,v1481212182,13.2,21045,A,,,0
2022-04,Northwest Territories,2016A000261,Job vacancy rate,Percent,239,units,0,v1481212183,13.3,5.8,E,,,1
2022-04,Nunavut,2016A000262,Job vacancies,Number,223,units,0,v1481212184,14.1,460,E,,,0
2022-04,Nunavut,2016A000262,Payroll employees,Number,223,units,0,v1481212185,14.2,15140,A,,,0
2022-04,Nunavut,2016A000262,Job vacancy rate,Percent,239,units,0,v1481212186,14.3,2.9,E,,,1
2022-05,Canada,2016A000011124,Job vacancies,Number,223,units,0,v1481212145,1.1,987705,A,,,0
2022-05,Canada,2016A000011124,Payroll employees,Number,223,units,0,v1481212146,1.2,16625380,A,,,0
2022-05,Canada,2016A000011124,Job vacancy rate,Percent,239,units,0,v1481212147,1.3,5.6,A,,,1
2022-05,Newfoundland and Labrador,2016A000210,Job vacancies,Number,223,units,0,v1481212148,2.1,8510,D,,,0
2022-05,Newfoundland and Labrador,2016A000210,Payroll employees,Number,223,units,0,v1481212149,2.2,188695,C,,,0
2022-05,Newfoundland and Labrador,2016A000210,Job vacancy rate,Percent,239,units,0,v1481212150,2.3,4.3,D,,,1
2022-05,Prince Edward Island,2016A000211,Job vacancies,Number,223,units,0,v1481212151,3.1,4670,E,,,0
2022-05,Prince Edward Island,2016A000211,Payroll employees,Number,223,units,0,v1481212152,3.2,67500,A,,,0
2022-05,Prince Edward Island,2016A000211,Job vacancy rate,Percent,239,units,0,v1481212153,3.3,6.5,E,,,1
2022-05,Nova Scotia,2016A000212,Job vacancies,Number,223,units,0,v1481212154,4.1,21555,D,,,0
2022-05,Nova Scotia,2016A000212,Payroll employees,Number,223,units,0,v1481212155,4.2,433150,C,,,0
2022-05,Nova Scotia,2016A000212,Job vacancy rate,Percent,239,units,0,v1481212156,4.3,4.7,D,,,1
2022-05,New Brunswick,2016A000213,Job vacancies,Number,223,units,0,v1481212157,5.1,16280,B,,,0
2022-05,New Brunswick,2016A000213,Payroll employees,Number,223,units,0,v1481212158,5.2,312130,A,,,0
2022-05,New Brunswick,2016A000213,Job vacancy rate,Percent,239,units,0,v1481212159,5.3,5,B,,,1
2022-05,Quebec,2016A000224,Job vacancies,Number,223,units,0,v1481212160,6.1,248830,A,,,0
2022-05,Quebec,2016A000224,Payroll employees,Number,223,units,0,v1481212161,6.2,3761390,A,,,0
2022-05,Quebec,2016A000224,Job vacancy rate,Percent,239,units,0,v1481212162,6.3,6.2,A,,,1
2022-05,Ontario,2016A000235,Job vacancies,Number,223,units,0,v1481212163,7.1,370505,A,,,0
2022-05,Ontario,2016A000235,Payroll employees,Number,223,units,0,v1481212164,7.2,6458430,A,,,0
2022-05,Ontario,2016A000235,Job vacancy rate,Percent,239,units,0,v1481212165,7.3,5.4,A,,,1
2022-05,Manitoba,2016A000246,Job vacancies,Number,223,units,0,v1481212166,8.1,29645,B,,,0
2022-05,Manitoba,2016A000246,Payroll employees,Number,223,units,0,v1481212167,8.2,593070,A,,,0
2022-05,Manitoba,2016A000246,Job vacancy rate,Percent,239,units,0,v1481212168,8.3,4.8,B,,,1
2022-05,Saskatchewan,2016A000247,Job vacancies,Number,223,units,0,v1481212169,9.1,24930,B,,,0
2022-05,Saskatchewan,2016A000247,Payroll employees,Number,223,units,0,v1481212170,9.2,475230,A,,,0
2022-05,Saskatchewan,2016A000247,Job vacancy rate,Percent,239,units,0,v1481212171,9.3,5,B,,,1
2022-05,Alberta,2016A000248,Job vacancies,Number,223,units,0,v1481212172,10.1,101080,A,,,0
2022-05,Alberta,2016A000248,Payroll employees,Number,223,units,0,v1481212173,10.2,1954840,A,,,0
2022-05,Alberta,2016A000248,Job vacancy rate,Percent,239,units,0,v1481212174,10.3,4.9,A,,,1
2022-05,British Columbia,2016A000259,Job vacancies,Number,223,units,0,v1481212175,11.1,158015,A,,,0
2022-05,British Columbia,2016A000259,Payroll employees,Number,223,units,0,v1481212176,11.2,2325805,A,,,0
2022-05,British Columbia,2016A000259,Job vacancy rate,Percent,239,units,0,v1481212177,11.3,6.4,A,,,1
2022-05,Yukon,2016A000260,Job vacancies,Number,223,units,0,v1481212178,12.1,1630,D,,,0
2022-05,Yukon,2016A000260,Payroll employees,Number,223,units,0,v1481212179,12.2,18330,A,,,0
2022-05,Yukon,2016A000260,Job vacancy rate,Percent,239,units,0,v1481212180,12.3,8.2,D,,,1
2022-05,Northwest Territories,2016A000261,Job vacancies,Number,223,units,0,v1481212181,13.1,1490,D,,,0
2022-05,Northwest Territories,2016A000261,Payroll employees,Number,223,units,0,v1481212182,13.2,21425,A,,,0
2022-05,Northwest Territories,2016A000261,Job vacancy rate,Percent,239,units,0,v1481212183,13.3,6.5,D,,,1
2022-05,Nunavut,2016A000262,Job vacancies,Number,223,units,0,v1481212184,14.1,570,D,,,0
2022-05,Nunavut,2016A000262,Payroll employees,Number,223,units,0,v1481212185,14.2,15385,A,,,0
2022-05,Nunavut,2016A000262,Job vacancy rate,Percent,239,units,0,v1481212186,14.3,3.6,D,,,1
2022-06,Canada,2016A000011124,Job vacancies,Number,223,units,0,v1481212145,1.1,988430,A,,,0
2022-06,Canada,2016A000011124,Payroll employees,Number,223,units,0,v1481212146,1.2,16616235,A,,,0
2022-06,Canada,2016A000011124,Job vacancy rate,Percent,239,units,0,v1481212147,1.3,5.6,A,,,1
2022-06,Newfoundland and Labrador,2016A000210,Job vacancies,Number,223,units,0,v1481212148,2.1,7110,B,,,0
2022-06,Newfoundland and Labrador,2016A000210,Payroll employees,Number,223,units,0,v1481212149,2.2,196080,A,,,0
2022-06,Newfoundland and Labrador,2016A000210,Job vacancy rate,Percent,239,units,0,v1481212150,2.3,3.5,B,,,1
2022-06,Prince Edward Island,2016A000211,Job vacancies,Number,223,units,0,v1481212151,3.1,2460,D,,,0
2022-06,Prince Edward Island,2016A000211,Payroll employees,Number,223,units,0,v1481212152,3.2,68065,A,,,0
2022-06,Prince Edward Island,2016A000211,Job vacancy rate,Percent,239,units,0,v1481212153,3.3,3.5,D,,,1
2022-06,Nova Scotia,2016A000212,Job vacancies,Number,223,units,0,v1481212154,4.1,22440,B,,,0
2022-06,Nova Scotia,2016A000212,Payroll employees,Number,223,units,0,v1481212155,4.2,433560,A,,,0
2022-06,Nova Scotia,2016A000212,Job vacancy rate,Percent,239,units,0,v1481212156,4.3,4.9,B,,,1
2022-06,New Brunswick,2016A000213,Job vacancies,Number,223,units,0,v1481212157,5.1,13845,B,,,0
2022-06,New Brunswick,2016A000213,Payroll employees,Number,223,units,0,v1481212158,5.2,324960,A,,,0
2022-06,New Brunswick,2016A000213,Job vacancy rate,Percent,239,units,0,v1481212159,5.3,4.1,B,,,1
2022-06,Quebec,2016A000224,Job vacancies,Number,223,units,0,v1481212160,6.1,251280,A,,,0
2022-06,Quebec,2016A000224,Payroll employees,Number,223,units,0,v1481212161,6.2,3753010,A,,,0
2022-06,Quebec,2016A000224,Job vacancy rate,Percent,239,units,0,v1481212162,6.3,6.3,A,,,1
2022-06,Ontario,2016A000235,Job vacancies,Number,223,units,0,v1481212163,7.1,371580,A,,,0
2022-06,Ontario,2016A000235,Payroll employees,Number,223,units,0,v1481212164,7.2,6434740,A,,,0
2022-06,Ontario,2016A000235,Job vacancy rate,Percent,239,units,0,v1481212165,7.3,5.5,A,,,1
2022-06,Manitoba,2016A000246,Job vacancies,Number,223,units,0,v1481212166,8.1,27140,B,,,0
2022-06,Manitoba,2016A000246,Payroll employees,Number,223,units,0,v1481212167,8.2,589010,A,,,0
2022-06,Manitoba,2016A000246,Job vacancy rate,Percent,239,units,0,v1481212168,8.3,4.4,B,,,1
2022-06,Saskatchewan,2016A000247,Job vacancies,Number,223,units,0,v1481212169,9.1,24885,B,,,0
2022-06,Saskatchewan,2016A000247,Payroll employees,Number,223,units,0,v1481212170,9.2,474305,A,,,0
2022-06,Saskatchewan,2016A000247,Job vacancy rate,Percent,239,units,0,v1481212171,9.3,5,B,,,1
2022-06,Alberta,2016A000248,Job vacancies,Number,223,units,0,v1481212172,10.1,101065,A,,,0
2022-06,Alberta,2016A000248,Payroll employees,Number,223,units,0,v1481212173,10.2,1963415,A,,,0
2022-06,Alberta,2016A000248,Job vacancy rate,Percent,239,units,0,v1481212174,10.3,4.9,A,,,1
2022-06,British Columbia,2016A000259,Job vacancies,Number,223,units,0,v1481212175,11.1,163625,A,,,0
2022-06,British Columbia,2016A000259,Payroll employees,Number,223,units,0,v1481212176,11.2,2324545,A,,,0
2022-06,British Columbia,2016A000259,Job vacancy rate,Percent,239,units,0,v1481212177,11.3,6.6,A,,,1
2022-06,Yukon,2016A000260,Job vacancies,Number,223,units,0,v1481212178,12.1,1365,D,,,0
2022-06,Yukon,2016A000260,Payroll employees,Number,223,units,0,v1481212179,12.2,18210,A,,,0
2022-06,Yukon,2016A000260,Job vacancy rate,Percent,239,units,0,v1481212180,12.3,7,D,,,1
2022-06,Northwest Territories,2016A000261,Job vacancies,Number,223,units,0,v1481212181,13.1,,F,,,0
2022-06,Northwest Territories,2016A000261,Payroll employees,Number,223,units,0,v1481212182,13.2,21105,D,,,0
2022-06,Northwest Territories,2016A000261,Job vacancy rate,Percent,239,units,0,v1481212183,13.3,,F,,,1
2022-06,Nunavut,2016A000262,Job vacancies,Number,223,units,0,v1481212184,14.1,,F,,,0
2022-06,Nunavut,2016A000262,Payroll employees,Number,223,units,0,v1481212185,14.2,15235,A,,,0
2022-06,Nunavut,2016A000262,Job vacancy rate,Percent,239,units,0,v1481212186,14.3,,F,,,1
2022-07,Canada,2016A000011124,Job vacancies,Number,223,units,0,v1481212145,1.1,983640,A,,,0
2022-07,Canada,2016A000011124,Payroll employees,Number,223,units,0,v1481212146,1.2,16714005,A,,,0
2022-07,Canada,2016A000011124,Job vacancy rate,Percent,239,units,0,v1481212147,1.3,5.6,A,,,1
2022-07,Newfoundland and Labrador,2016A000210,Job vacancies,Number,223,units,0,v1481212148,2.1,9070,B,,,0
2022-07,Newfoundland and Labrador,2016A000210,Payroll employees,Number,223,units,0,v1481212149,2.2,198620,A,,,0
2022-07,Newfoundland and Labrador,2016A000210,Job vacancy rate,Percent,239,units,0,v1481212150,2.3,4.4,B,,,1
2022-07,Prince Edward Island,2016A000211,Job vacancies,Number,223,units,0,v1481212151,3.1,3905,D,,,0
2022-07,Prince Edward Island,2016A000211,Payroll employees,Number,223,units,0,v1481212152,3.2,68080,A,,,0
2022-07,Prince Edward Island,2016A000211,Job vacancy rate,Percent,239,units,0,v1481212153,3.3,5.4,D,,,1
2022-07,Nova Scotia,2016A000212,Job vacancies,Number,223,units,0,v1481212154,4.1,22775,A,,,0
2022-07,Nova Scotia,2016A000212,Payroll employees,Number,223,units,0,v1481212155,4.2,433235,A,,,0
2022-07,Nova Scotia,2016A000212,Job vacancy rate,Percent,239,units,0,v1481212156,4.3,5,A,,,1
2022-07,New Brunswick,2016A000213,Job vacancies,Number,223,units,0,v1481212157,5.1,15465,B,,,0
2022-07,New Brunswick,2016A000213,Payroll employees,Number,223,units,0,v1481212158,5.2,310480,A,,,0
2022-07,New Brunswick,2016A000213,Job vacancy rate,Percent,239,units,0,v1481212159,5.3,4.7,B,,,1
2022-07,Quebec,2016A000224,Job vacancies,Number,223,units,0,v1481212160,6.1,246740,A,,,0
2022-07,Quebec,2016A000224,Payroll employees,Number,223,units,0,v1481212161,6.2,3781590,A,,,0
2022-07,Quebec,2016A000224,Job vacancy rate,Percent,239,units,0,v1481212162,6.3,6.1,A,,,1
2022-07,Ontario,2016A000235,Job vacancies,Number,223,units,0,v1481212163,7.1,370435,A,,,0
2022-07,Ontario,2016A000235,Payroll employees,Number,223,units,0,v1481212164,7.2,6479160,A,,,0
2022-07,Ontario,2016A000235,Job vacancy rate,Percent,239,units,0,v1481212165,7.3,5.4,A,,,1
2022-07,Manitoba,2016A000246,Job vacancies,Number,223,units,0,v1481212166,8.1,31725,B,,,0
2022-07,Manitoba,2016A000246,Payroll employees,Number,223,units,0,v1481212167,8.2,595505,A,,,0
2022-07,Manitoba,2016A000246,Job vacancy rate,Percent,239,units,0,v1481212168,8.3,5.1,B,,,1
2022-07,Saskatchewan,2016A000247,Job vacancies,Number,223,units,0,v1481212169,9.1,25295,B,,,0
2022-07,Saskatchewan,2016A000247,Payroll employees,Number,223,units,0,v1481212170,9.2,479350,A,,,0
2022-07,Saskatchewan,2016A000247,Job vacancy rate,Percent,239,units,0,v1481212171,9.3,5,B,,,1
2022-07,Alberta,2016A000248,Job vacancies,Number,223,units,0,v1481212172,10.1,106725,A,,,0
2022-07,Alberta,2016A000248,Payroll employees,Number,223,units,0,v1481212173,10.2,1973085,A,,,0
2022-07,Alberta,2016A000248,Job vacancy rate,Percent,239,units,0,v1481212174,10.3,5.1,A,,,1
2022-07,British Columbia,2016A000259,Job vacancies,Number,223,units,0,v1481212175,11.1,147945,A,,,0
2022-07,British Columbia,2016A000259,Payroll employees,Number,223,units,0,v1481212176,11.2,2339920,A,,,0
2022-07,British Columbia,2016A000259,Job vacancy rate,Percent,239,units,0,v1481212177,11.3,5.9,A,,,1
2022-07,Yukon,2016A000260,Job vacancies,Number,223,units,0,v1481212178,12.1,1370,D,,,0
2022-07,Yukon,2016A000260,Payroll employees,Number,223,units,0,v1481212179,12.2,18410,A,,,0
2022-07,Yukon,2016A000260,Job vacancy rate,Percent,239,units,0,v1481212180,12.3,6.9,D,,,1
2022-07,Northwest Territories,2016A000261,Job vacancies,Number,223,units,0,v1481212181,13.1,1690,D,,,0
2022-07,Northwest Territories,2016A000261,Payroll employees,Number,223,units,0,v1481212182,13.2,21285,B,,,0
2022-07,Northwest Territories,2016A000261,Job vacancy rate,Percent,239,units,0,v1481212183,13.3,7.4,D,,,1
2022-07,Nunavut,2016A000262,Job vacancies,Number,223,units,0,v1481212184,14.1,,F,,,0
2022-07,Nunavut,2016A000262,Payroll employees,Number,223,units,0,v1481212185,14.2,15285,A,,,0
2022-07,Nunavut,2016A000262,Job vacancy rate,Percent,239,units,0,v1481212186,14.3,,F,,,1
2022-08,Canada,2016A000011124,Job vacancies,Number,223,units,0,v1481212145,1.1,945520,A,,,0
2022-08,Canada,2016A000011124,Payroll employees,Number,223,units,0,v1481212146,1.2,16751100,A,,,0
2022-08,Canada,2016A000011124,Job vacancy rate,Percent,239,units,0,v1481212147,1.3,5.3,A,,,1
2022-08,Newfoundland and Labrador,2016A000210,Job vacancies,Number,223,units,0,v1481212148,2.1,7345,C,,,0
2022-08,Newfoundland and Labrador,2016A000210,Payroll employees,Number,223,units,0,v1481212149,2.2,190965,A,,,0
2022-08,Newfoundland and Labrador,2016A000210,Job vacancy rate,Percent,239,units,0,v1481212150,2.3,3.7,C,,,1
2022-08,Prince Edward Island,2016A000211,Job vacancies,Number,223,units,0,v1481212151,3.1,5405,C,,,0
2022-08,Prince Edward Island,2016A000211,Payroll employees,Number,223,units,0,v1481212152,3.2,67985,A,,,0
2022-08,Prince Edward Island,2016A000211,Job vacancy rate,Percent,239,units,0,v1481212153,3.3,7.4,C,,,1
2022-08,Nova Scotia,2016A000212,Job vacancies,Number,223,units,0,v1481212154,4.1,21025,B,,,0
2022-08,Nova Scotia,2016A000212,Payroll employees,Number,223,units,0,v1481212155,4.2,420390,A,,,0
2022-08,Nova Scotia,2016A000212,Job vacancy rate,Percent,239,units,0,v1481212156,4.3,4.8,B,,,1
2022-08,New Brunswick,2016A000213,Job vacancies,Number,223,units,0,v1481212157,5.1,16285,B,,,0
2022-08,New Brunswick,2016A000213,Payroll employees,Number,223,units,0,v1481212158,5.2,320695,A,,,0
2022-08,New Brunswick,2016A000213,Job vacancy rate,Percent,239,units,0,v1481212159,5.3,4.8,B,,,1
2022-08,Quebec,2016A000224,Job vacancies,Number,223,units,0,v1481212160,6.1,236370,A,,,0
2022-08,Quebec,2016A000224,Payroll employees,Number,223,units,0,v1481212161,6.2,3784720,A,,,0
2022-08,Quebec,2016A000224,Job vacancy rate,Percent,239,units,0,v1481212162,6.3,5.9,A,,,1
2022-08,Ontario,2016A000235,Job vacancies,Number,223,units,0,v1481212163,7.1,351790,A,,,0
2022-08,Ontario,2016A000235,Payroll employees,Number,223,units,0,v1481212164,7.2,6506535,A,,,0
2022-08,Ontario,2016A000235,Job vacancy rate,Percent,239,units,0,v1481212165,7.3,5.1,A,,,1
2022-08,Manitoba,2016A000246,Job vacancies,Number,223,units,0,v1481212166,8.1,30060,B,,,0
2022-08,Manitoba,2016A000246,Payroll employees,Number,223,units,0,v1481212167,8.2,596430,A,,,0
2022-08,Manitoba,2016A000246,Job vacancy rate,Percent,239,units,0,v1481212168,8.3,4.8,B,,,1
2022-08,Saskatchewan,2016A000247,Job vacancies,Number,223,units,0,v1481212169,9.1,23975,B,,,0
2022-08,Saskatchewan,2016A000247,Payroll employees,Number,223,units,0,v1481212170,9.2,475880,A,,,0
2022-08,Saskatchewan,2016A000247,Job vacancy rate,Percent,239,units,0,v1481212171,9.3,4.8,B,,,1
2022-08,Alberta,2016A000248,Job vacancies,Number,223,units,0,v1481212172,10.1,99000,A,,,0
2022-08,Alberta,2016A000248,Payroll employees,Number,223,units,0,v1481212173,10.2,1979650,A,,,0
2022-08,Alberta,2016A000248,Job vacancy rate,Percent,239,units,0,v1481212174,10.3,4.8,A,,,1
2022-08,British Columbia,2016A000259,Job vacancies,Number,223,units,0,v1481212175,11.1,150940,A,,,0
2022-08,British Columbia,2016A000259,Payroll employees,Number,223,units,0,v1481212176,11.2,2352340,A,,,0
2022-08,British Columbia,2016A000259,Job vacancy rate,Percent,239,units,0,v1481212177,11.3,6,A,,,1
2022-08,Yukon,2016A000260,Job vacancies,Number,223,units,0,v1481212178,12.1,1810,D,,,0
2022-08,Yukon,2016A000260,Payroll employees,Number,223,units,0,v1481212179,12.2,18635,A,,,0
2022-08,Yukon,2016A000260,Job vacancy rate,Percent,239,units,0,v1481212180,12.3,8.9,D,,,1
2022-08,Northwest Territories,2016A000261,Job vacancies,Number,223,units,0,v1481212181,13.1,1100,E,,,0
2022-08,Northwest Territories,2016A000261,Payroll employees,Number,223,units,0,v1481212182,13.2,21850,A,,,0
2022-08,Northwest Territories,2016A000261,Job vacancy rate,Percent,239,units,0,v1481212183,13.3,4.8,E,,,1
2022-08,Nunavut,2016A000262,Job vacancies,Number,223,units,0,v1481212184,14.1,,F,,,0
2022-08,Nunavut,2016A000262,Payroll employees,Number,223,units,0,v1481212185,14.2,15025,A,,,0
2022-08,Nunavut,2016A000262,Job vacancy rate,Percent,239,units,0,v1481212186,14.3,,F,,,1
2022-09,Canada,2016A000011124,Job vacancies,Number,223,units,0,v1481212145,1.1,946285,A,,,0
2022-09,Canada,2016A000011124,Payroll employees,Number,223,units,0,v1481212146,1.2,16757210,A,,,0
2022-09,Canada,2016A000011124,Job vacancy rate,Percent,239,units,0,v1481212147,1.3,5.3,A,,,1
2022-09,Newfoundland and Labrador,2016A000210,Job vacancies,Number,223,units,0,v1481212148,2.1,6565,C,,,0
2022-09,Newfoundland and Labrador,2016A000210,Payroll employees,Number,223,units,0,v1481212149,2.2,193725,A,,,0
2022-09,Newfoundland and Labrador,2016A000210,Job vacancy rate,Percent,239,units,0,v1481212150,2.3,3.3,C,,,1
2022-09,Prince Edward Island,2016A000211,Job vacancies,Number,223,units,0,v1481212151,3.1,2680,C,,,0
2022-09,Prince Edward Island,2016A000211,Payroll employees,Number,223,units,0,v1481212152,3.2,67985,A,,,0
2022-09,Prince Edward Island,2016A000211,Job vacancy rate,Percent,239,units,0,v1481212153,3.3,3.8,C,,,1
2022-09,Nova Scotia,2016A000212,Job vacancies,Number,223,units,0,v1481212154,4.1,21730,B,,,0
2022-09,Nova Scotia,2016A000212,Payroll employees,Number,223,units,0,v1481212155,4.2,439770,A,,,0
2022-09,Nova Scotia,2016A000212,Job vacancy rate,Percent,239,units,0,v1481212156,4.3,4.7,B,,,1
2022-09,New Brunswick,2016A000213,Job vacancies,Number,223,units,0,v1481212157,5.1,14305,B,,,0
2022-09,New Brunswick,2016A000213,Payroll employees,Number,223,units,0,v1481212158,5.2,307200,A,,,0
2022-09,New Brunswick,2016A000213,Job vacancy rate,Percent,239,units,0,v1481212159,5.3,4.4,B,,,1
2022-09,Quebec,2016A000224,Job vacancies,Number,223,units,0,v1481212160,6.1,237085,A,,,0
2022-09,Quebec,2016A000224,Payroll employees,Number,223,units,0,v1481212161,6.2,3774295,A,,,0
2022-09,Quebec,2016A000224,Job vacancy rate,Percent,239,units,0,v1481212162,6.3,5.9,A,,,1
2022-09,Ontario,2016A000235,Job vacancies,Number,223,units,0,v1481212163,7.1,353970,A,,,0
2022-09,Ontario,2016A000235,Payroll employees,Number,223,units,0,v1481212164,7.2,6505795,A,,,0
2022-09,Ontario,2016A000235,Job vacancy rate,Percent,239,units,0,v1481212165,7.3,5.2,A,,,1
2022-09,Manitoba,2016A000246,Job vacancies,Number,223,units,0,v1481212166,8.1,28380,B,,,0
2022-09,Manitoba,2016A000246,Payroll employees,Number,223,units,0,v1481212167,8.2,597985,A,,,0
2022-09,Manitoba,2016A000246,Job vacancy rate,Percent,239,units,0,v1481212168,8.3,4.5,B,,,1
2022-09,Saskatchewan,2016A000247,Job vacancies,Number,223,units,0,v1481212169,9.1,25090,B,,,0
2022-09,Saskatchewan,2016A000247,Payroll employees,Number,223,units,0,v1481212170,9.2,479430,A,,,0
2022-09,Saskatchewan,2016A000247,Job vacancy rate,Percent,239,units,0,v1481212171,9.3,5,B,,,1
2022-09,Alberta,2016A000248,Job vacancies,Number,223,units,0,v1481212172,10.1,100895,A,,,0
2022-09,Alberta,2016A000248,Payroll employees,Number,223,units,0,v1481212173,10.2,1981405,A,,,0
2022-09,Alberta,2016A000248,Job vacancy rate,Percent,239,units,0,v1481212174,10.3,4.8,A,,,1
2022-09,British Columbia,2016A000259,Job vacancies,Number,223,units,0,v1481212175,11.1,151615,A,,,0
2022-09,British Columbia,2016A000259,Payroll employees,Number,223,units,0,v1481212176,11.2,2353735,A,,,0
2022-09,British Columbia,2016A000259,Job vacancy rate,Percent,239,units,0,v1481212177,11.3,6.1,A,,,1
2022-09,Yukon,2016A000260,Job vacancies,Number,223,units,0,v1481212178,12.1,1635,D,,,0
2022-09,Yukon,2016A000260,Payroll employees,Number,223,units,0,v1481212179,12.2,18815,A,,,0
2022-09,Yukon,2016A000260,Job vacancy rate,Percent,239,units,0,v1481212180,12.3,8,D,,,1
2022-09,Northwest Territories,2016A000261,Job vacancies,Number,223,units,0,v1481212181,13.1,1925,E,,,0
2022-09,Northwest Territories,2016A000261,Payroll employees,Number,223,units,0,v1481212182,13.2,21690,B,,,0
2022-09,Northwest Territories,2016A000261,Job vacancy rate,Percent,239,units,0,v1481212183,13.3,8.1,E,,,1
2022-09,Nunavut,2016A000262,Job vacancies,Number,223,units,0,v1481212184,14.1,415,E,,,0
2022-09,Nunavut,2016A000262,Payroll employees,Number,223,units,0,v1481212185,14.2,15385,A,,,0
2022-09,Nunavut,2016A000262,Job vacancy rate,Percent,239,units,0,v1481212186,14.3,2.6,E,,,1
2022-10,Canada,2016A000011124,Job vacancies,Number,223,units,0,v1481212145,1.1,902525,A,,,0
2022-10,Canada,2016A000011124,Payroll employees,Number,223,units,0,v1481212146,1.2,16852915,A,,,0
2022-10,Canada,2016A000011124,Job vacancy rate,Percent,239,units,0,v1481212147,1.3,5.1,A,,,1
2022-10,Newfoundland and Labrador,2016A000210,Job vacancies,Number,223,units,0,v1481212148,2.1,7560,B,,,0
2022-10,Newfoundland and Labrador,2016A000210,Payroll employees,Number,223,units,0,v1481212149,2.2,196020,A,,,0
2022-10,Newfoundland and Labrador,2016A000210,Job vacancy rate,Percent,239,units,0,v1481212150,2.3,3.7,B,,,1
2022-10,Prince Edward Island,2016A000211,Job vacancies,Number,223,units,0,v1481212151,3.1,3160,D,,,0
2022-10,Prince Edward Island,2016A000211,Payroll employees,Number,223,units,0,v1481212152,3.2,67790,A,,,0
2022-10,Prince Edward Island,2016A000211,Job vacancy rate,Percent,239,units,0,v1481212153,3.3,4.5,D,,,1
2022-10,Nova Scotia,2016A000212,Job vacancies,Number,223,units,0,v1481212154,4.1,21765,B,,,0
2022-10,Nova Scotia,2016A000212,Payroll employees,Number,223,units,0,v1481212155,4.2,427195,A,,,0
2022-10,Nova Scotia,2016A000212,Job vacancy rate,Percent,239,units,0,v1481212156,4.3,4.8,B,,,1
2022-10,New Brunswick,2016A000213,Job vacancies,Number,223,units,0,v1481212157,5.1,14465,B,,,0
2022-10,New Brunswick,2016A000213,Payroll employees,Number,223,units,0,v1481212158,5.2,323795,A,,,0
2022-10,New Brunswick,2016A000213,Job vacancy rate,Percent,239,units,0,v1481212159,5.3,4.3,B,,,1
2022-10,Quebec,2016A000224,Job vacancies,Number,223,units,0,v1481212160,6.1,217040,C,,,0
2022-10,Quebec,2016A000224,Payroll employees,Number,223,units,0,v1481212161,6.2,3800285,A,,,0
2022-10,Quebec,2016A000224,Job vacancy rate,Percent,239,units,0,v1481212162,6.3,5.4,C,,,1
2022-10,Ontario,2016A000235,Job vacancies,Number,223,units,0,v1481212163,7.1,337590,A,,,0
2022-10,Ontario,2016A000235,Payroll employees,Number,223,units,0,v1481212164,7.2,6544845,A,,,0
2022-10,Ontario,2016A000235,Job vacancy rate,Percent,239,units,0,v1481212165,7.3,4.9,A,,,1
2022-10,Manitoba,2016A000246,Job vacancies,Number,223,units,0,v1481212166,8.1,26220,B,,,0
2022-10,Manitoba,2016A000246,Payroll employees,Number,223,units,0,v1481212167,8.2,605230,A,,,0
2022-10,Manitoba,2016A000246,Job vacancy rate,Percent,239,units,0,v1481212168,8.3,4.2,B,,,1
2022-10,Saskatchewan,2016A000247,Job vacancies,Number,223,units,0,v1481212169,9.1,25490,B,,,0
2022-10,Saskatchewan,2016A000247,Payroll employees,Number,223,units,0,v1481212170,9.2,479505,A,,,0
2022-10,Saskatchewan,2016A000247,Job vacancy rate,Percent,239,units,0,v1481212171,9.3,5,B,,,1
2022-10,Alberta,2016A000248,Job vacancies,Number,223,units,0,v1481212172,10.1,105030,A,,,0
2022-10,Alberta,2016A000248,Payroll employees,Number,223,units,0,v1481212173,10.2,1988400,A,,,0
2022-10,Alberta,2016A000248,Job vacancy rate,Percent,239,units,0,v1481212174,10.3,5,A,,,1
2022-10,British Columbia,2016A000259,Job vacancies,Number,223,units,0,v1481212175,11.1,140165,A,,,0
2022-10,British Columbia,2016A000259,Payroll employees,Number,223,units,0,v1481212176,11.2,2363520,A,,,0
2022-10,British Columbia,2016A000259,Job vacancy rate,Percent,239,units,0,v1481212177,11.3,5.6,A,,,1
2022-10,Yukon,2016A000260,Job vacancies,Number,223,units,0,v1481212178,12.1,1410,D,,,0
2022-10,Yukon,2016A000260,Payroll employees,Number,223,units,0,v1481212179,12.2,18865,A,,,0
2022-10,Yukon,2016A000260,Job vacancy rate,Percent,239,units,0,v1481212180,12.3,6.9,D,,,1
2022-10,Northwest Territories,2016A000261,Job vacancies,Number,223,units,0,v1481212181,13.1,1900,D,,,0
2022-10,Northwest Territories,2016A000261,Payroll employees,Number,223,units,0,v1481212182,13.2,21900,B,,,0
2022-10,Northwest Territories,2016A000261,Job vacancy rate,Percent,239,units,0,v1481212183,13.3,8,D,,,1
2022-10,Nunavut,2016A000262,Job vacancies,Number,223,units,0,v1481212184,14.1,740,E,,,0
2022-10,Nunavut,2016A000262,Payroll employees,Number,223,units,0,v1481212185,14.2,15565,A,,,0
2022-10,Nunavut,2016A000262,Job vacancy rate,Percent,239,units,0,v1481212186,14.3,4.5,E,,,1
2022-11,Canada,2016A000011124,Job vacancies,Number,223,units,0,v1481212145,1.1,872385,A,,,0
2022-11,Canada,2016A000011124,Payroll employees,Number,223,units,0,v1481212146,1.2,16860460,A,,,0
2022-11,Canada,2016A000011124,Job vacancy rate,Percent,239,units,0,v1481212147,1.3,4.9,A,,,1
2022-11,Newfoundland and Labrador,2016A000210,Job vacancies,Number,223,units,0,v1481212148,2.1,6285,C,,,0
2022-11,Newfoundland and Labrador,2016A000210,Payroll employees,Number,223,units,0,v1481212149,2.2,192845,A,,,0
2022-11,Newfoundland and Labrador,2016A000210,Job vacancy rate,Percent,239,units,0,v1481212150,2.3,3.2,C,,,1
2022-11,Prince Edward Island,2016A000211,Job vacancies,Number,223,units,0,v1481212151,3.1,3945,D,,,0
2022-11,Prince Edward Island,2016A000211,Payroll employees,Number,223,units,0,v1481212152,3.2,67900,A,,,0
2022-11,Prince Edward Island,2016A000211,Job vacancy rate,Percent,239,units,0,v1481212153,3.3,5.5,D,,,1
2022-11,Nova Scotia,2016A000212,Job vacancies,Number,223,units,0,v1481212154,4.1,22150,B,,,0
2022-11,Nova Scotia,2016A000212,Payroll employees,Number,223,units,0,v1481212155,4.2,426180,A,,,0
2022-11,Nova Scotia,2016A000212,Job vacancy rate,Percent,239,units,0,v1481212156,4.3,4.9,B,,,1
2022-11,New Brunswick,2016A000213,Job vacancies,Number,223,units,0,v1481212157,5.1,13475,B,,,0
2022-11,New Brunswick,2016A000213,Payroll employees,Number,223,units,0,v1481212158,5.2,324505,A,,,0
2022-11,New Brunswick,2016A000213,Job vacancy rate,Percent,239,units,0,v1481212159,5.3,4,B,,,1
2022-11,Quebec,2016A000224,Job vacancies,Number,223,units,0,v1481212160,6.1,209130,A,,,0
2022-11,Quebec,2016A000224,Payroll employees,Number,223,units,0,v1481212161,6.2,3808400,A,,,0
2022-11,Quebec,2016A000224,Job vacancy rate,Percent,239,units,0,v1481212162,6.3,5.2,A,,,1
2022-11,Ontario,2016A000235,Job vacancies,Number,223,units,0,v1481212163,7.1,324675,A,,,0
2022-11,Ontario,2016A000235,Payroll employees,Number,223,units,0,v1481212164,7.2,6552650,A,,,0
2022-11,Ontario,2016A000235,Job vacancy rate,Percent,239,units,0,v1481212165,7.3,4.7,A,,,1
2022-11,Manitoba,2016A000246,Job vacancies,Number,223,units,0,v1481212166,8.1,24940,B,,,0
2022-11,Manitoba,2016A000246,Payroll employees,Number,223,units,0,v1481212167,8.2,599820,A,,,0
2022-11,Manitoba,2016A000246,Job vacancy rate,Percent,239,units,0,v1481212168,8.3,4,B,,,1
2022-11,Saskatchewan,2016A000247,Job vacancies,Number,223,units,0,v1481212169,9.1,25475,B,,,0
2022-11,Saskatchewan,2016A000247,Payroll employees,Number,223,units,0,v1481212170,9.2,478995,A,,,0
2022-11,Saskatchewan,2016A000247,Job vacancy rate,Percent,239,units,0,v1481212171,9.3,5,B,,,1
2022-11,Alberta,2016A000248,Job vacancies,Number,223,units,0,v1481212172,10.1,96985,A,,,0
2022-11,Alberta,2016A000248,Payroll employees,Number,223,units,0,v1481212173,10.2,1987630,A,,,0
2022-11,Alberta,2016A000248,Job vacancy rate,Percent,239,units,0,v1481212174,10.3,4.7,A,,,1
2022-11,British Columbia,2016A000259,Job vacancies,Number,223,units,0,v1481212175,11.1,142295,A,,,0
2022-11,British Columbia,2016A000259,Payroll employees,Number,223,units,0,v1481212176,11.2,2364615,A,,,0
2022-11,British Columbia,2016A000259,Job vacancy rate,Percent,239,units,0,v1481212177,11.3,5.7,A,,,1
2022-11,Yukon,2016A000260,Job vacancies,Number,223,units,0,v1481212178,12.1,1300,E,,,0
2022-11,Yukon,2016A000260,Payroll employees,Number,223,units,0,v1481212179,12.2,18855,A,,,0
2022-11,Yukon,2016A000260,Job vacancy rate,Percent,239,units,0,v1481212180,12.3,6.5,D,,,1
2022-11,Northwest Territories,2016A000261,Job vacancies,Number,223,units,0,v1481212181,13.1,1155,D,,,0
2022-11,Northwest Territories,2016A000261,Payroll employees,Number,223,units,0,v1481212182,13.2,22280,A,,,0
2022-11,Northwest Territories,2016A000261,Job vacancy rate,Percent,239,units,0,v1481212183,13.3,4.9,D,,,1
2022-11,Nunavut,2016A000262,Job vacancies,Number,223,units,0,v1481212184,14.1,565,D,,,0
2022-11,Nunavut,2016A000262,Payroll employees,Number,223,units,0,v1481212185,14.2,15795,A,,,0
2022-11,Nunavut,2016A000262,Job vacancy rate,Percent,239,units,0,v1481212186,14.3,3.5,D,,,1
2022-12,Canada,2016A000011124,Job vacancies,Number,223,units,0,v1481212145,1.1,850450,A,,,0
2022-12,Canada,2016A000011124,Payroll employees,Number,223,units,0,v1481212146,1.2,16928375,A,,,0
2022-12,Canada,2016A000011124,Job vacancy rate,Percent,239,units,0,v1481212147,1.3,4.8,A,,,1
2022-12,Newfoundland and Labrador,2016A000210,Job vacancies,Number,223,units,0,v1481212148,2.1,6340,C,,,0
2022-12,Newfoundland and Labrador,2016A000210,Payroll employees,Number,223,units,0,v1481212149,2.2,195995,A,,,0
2022-12,Newfoundland and Labrador,2016A000210,Job vacancy rate,Percent,239,units,0,v1481212150,2.3,3.1,C,,,1
2022-12,Prince Edward Island,2016A000211,Job vacancies,Number,223,units,0,v1481212151,3.1,3340,C,,,0
2022-12,Prince Edward Island,2016A000211,Payroll employees,Number,223,units,0,v1481212152,3.2,68820,A,,,0
2022-12,Prince Edward Island,2016A000211,Job vacancy rate,Percent,239,units,0,v1481212153,3.3,4.6,C,,,1
2022-12,Nova Scotia,2016A000212,Job vacancies,Number,223,units,0,v1481212154,4.1,19205,B,,,0
2022-12,Nova Scotia,2016A000212,Payroll employees,Number,223,units,0,v1481212155,4.2,440190,A,,,0
2022-12,Nova Scotia,2016A000212,Job vacancy rate,Percent,239,units,0,v1481212156,4.3,4.2,B,,,1
2022-12,New Brunswick,2016A000213,Job vacancies,Number,223,units,0,v1481212157,5.1,13500,B,,,0
2022-12,New Brunswick,2016A000213,Payroll employees,Number,223,units,0,v1481212158,5.2,312155,A,,,0
2022-12,New Brunswick,2016A000213,Job vacancy rate,Percent,239,units,0,v1481212159,5.3,4.1,B,,,1
2022-12,Quebec,2016A000224,Job vacancies,Number,223,units,0,v1481212160,6.1,214245,A,,,0
2022-12,Quebec,2016A000224,Payroll employees,Number,223,units,0,v1481212161,6.2,3823765,A,,,0
2022-12,Quebec,2016A000224,Job vacancy rate,Percent,239,units,0,v1481212162,6.3,5.3,A,,,1
2022-12,Ontario,2016A000235,Job vacancies,Number,223,units,0,v1481212163,7.1,312615,A,,,0
2022-12,Ontario,2016A000235,Payroll employees,Number,223,units,0,v1481212164,7.2,6568965,A,,,0
2022-12,Ontario,2016A000235,Job vacancy rate,Percent,239,units,0,v1481212165,7.3,4.5,A,,,1
2022-12,Manitoba,2016A000246,Job vacancies,Number,223,units,0,v1481212166,8.1,27815,B,,,0
2022-12,Manitoba,2016A000246,Payroll employees,Number,223,units,0,v1481212167,8.2,604815,A,,,0
2022-12,Manitoba,2016A000246,Job vacancy rate,Percent,239,units,0,v1481212168,8.3,4.4,B,,,1
2022-12,Saskatchewan,2016A000247,Job vacancies,Number,223,units,0,v1481212169,9.1,24580,B,,,0
2022-12,Saskatchewan,2016A000247,Payroll employees,Number,223,units,0,v1481212170,9.2,481570,A,,,0
2022-12,Saskatchewan,2016A000247,Job vacancy rate,Percent,239,units,0,v1481212171,9.3,4.9,B,,,1
2022-12,Alberta,2016A000248,Job vacancies,Number,223,units,0,v1481212172,10.1,91315,B,,,0
2022-12,Alberta,2016A000248,Payroll employees,Number,223,units,0,v1481212173,10.2,2001605,A,,,0
2022-12,Alberta,2016A000248,Job vacancy rate,Percent,239,units,0,v1481212174,10.3,4.4,B,,,1
2022-12,British Columbia,2016A000259,Job vacancies,Number,223,units,0,v1481212175,11.1,133490,B,,,0
2022-12,British Columbia,2016A000259,Payroll employees,Number,223,units,0,v1481212176,11.2,2373650,A,,,0
2022-12,British Columbia,2016A000259,Job vacancy rate,Percent,239,units,0,v1481212177,11.3,5.3,B,,,1
2022-12,Yukon,2016A000260,Job vacancies,Number,223,units,0,v1481212178,12.1,1580,E,,,0
2022-12,Yukon,2016A000260,Payroll employees,Number,223,units,0,v1481212179,12.2,18945,A,,,0
2022-12,Yukon,2016A000260,Job vacancy rate,Percent,239,units,0,v1481212180,12.3,7.7,E,,,1
2022-12,Northwest Territories,2016A000261,Job vacancies,Number,223,units,0,v1481212181,13.1,,F,,,0
2022-12,Northwest Territories,2016A000261,Payroll employees,Number,223,units,0,v1481212182,13.2,22240,E,,,0
2022-12,Northwest Territories,2016A000261,Job vacancy rate,Percent,239,units,0,v1481212183,13.3,,F,,,1
2022-12,Nunavut,2016A000262,Job vacancies,Number,223,units,0,v1481212184,14.1,665,E,,,0
2022-12,Nunavut,2016A000262,Payroll employees,Number,223,units,0,v1481212185,14.2,15655,A,,,0
2022-12,Nunavut,2016A000262,Job vacancy rate,Percent,239,units,0,v1481212186,14.3,4.1,E,,,1
2023-01,Canada,2016A000011124,Job vacancies,Number,223,units,0,v1481212145,1.1,845515,A,,,0
2023-01,Canada,2016A000011124,Payroll employees,Number,223,units,0,v1481212146,1.2,16986475,A,,,0
2023-01,Canada,2016A000011124,Job vacancy rate,Percent,239,units,0,v1481212147,1.3,4.7,A,,,1
2023-01,Newfoundland and Labrador,2016A000210,Job vacancies,Number,223,units,0,v1481212148,2.1,8225,D,,,0
2023-01,Newfoundland and Labrador,2016A000210,Payroll employees,Number,223,units,0,v1481212149,2.2,231340,D,,,0
2023-01,Newfoundland and Labrador,2016A000210,Job vacancy rate,Percent,239,units,0,v1481212150,2.3,3.4,D,,,1
2023-01,Prince Edward Island,2016A000211,Job vacancies,Number,223,units,0,v1481212151,3.1,3335,D,,,0
2023-01,Prince Edward Island,2016A000211,Payroll employees,Number,223,units,0,v1481212152,3.2,68845,A,,,0
2023-01,Prince Edward Island,2016A000211,Job vacancy rate,Percent,239,units,0,v1481212153,3.3,4.6,D,,,1
2023-01,Nova Scotia,2016A000212,Job vacancies,Number,223,units,0,v1481212154,4.1,20275,B,,,0
2023-01,Nova Scotia,2016A000212,Payroll employees,Number,223,units,0,v1481212155,4.2,423045,A,,,0
2023-01,Nova Scotia,2016A000212,Job vacancy rate,Percent,239,units,0,v1481212156,4.3,4.6,B,,,1
2023-01,New Brunswick,2016A000213,Job vacancies,Number,223,units,0,v1481212157,5.1,14390,B,,,0
2023-01,New Brunswick,2016A000213,Payroll employees,Number,223,units,0,v1481212158,5.2,313235,A,,,0
2023-01,New Brunswick,2016A000213,Job vacancy rate,Percent,239,units,0,v1481212159,5.3,4.4,B,,,1
2023-01,Quebec,2016A000224,Job vacancies,Number,223,units,0,v1481212160,6.1,204975,A,,,0
2023-01,Quebec,2016A000224,Payroll employees,Number,223,units,0,v1481212161,6.2,3833585,A,,,0
2023-01,Quebec,2016A000224,Job vacancy rate,Percent,239,units,0,v1481212162,6.3,5.1,A,,,1
2023-01,Ontario,2016A000235,Job vacancies,Number,223,units,0,v1481212163,7.1,305965,A,,,0
2023-01,Ontario,2016A000235,Payroll employees,Number,223,units,0,v1481212164,7.2,6586075,A,,,0
2023-01,Ontario,2016A000235,Job vacancy rate,Percent,239,units,0,v1481212165,7.3,4.4,A,,,1
2023-01,Manitoba,2016A000246,Job vacancies,Number,223,units,0,v1481212166,8.1,29165,B,,,0
2023-01,Manitoba,2016A000246,Payroll employees,Number,223,units,0,v1481212167,8.2,603715,A,,,0
2023-01,Manitoba,2016A000246,Job vacancy rate,Percent,239,units,0,v1481212168,8.3,4.6,B,,,1
2023-01,Saskatchewan,2016A000247,Job vacancies,Number,223,units,0,v1481212169,9.1,23785,B,,,0
2023-01,Saskatchewan,2016A000247,Payroll employees,Number,223,units,0,v1481212170,9.2,484905,A,,,0
2023-01,Saskatchewan,2016A000247,Job vacancy rate,Percent,239,units,0,v1481212171,9.3,4.7,B,,,1
2023-01,Alberta,2016A000248,Job vacancies,Number,223,units,0,v1481212172,10.1,99340,B,,,0
2023-01,Alberta,2016A000248,Payroll employees,Number,223,units,0,v1481212173,10.2,2004815,A,,,0
2023-01,Alberta,2016A000248,Job vacancy rate,Percent,239,units,0,v1481212174,10.3,4.7,B,,,1
2023-01,British Columbia,2016A000259,Job vacancies,Number,223,units,0,v1481212175,11.1,132475,A,,,0
2023-01,British Columbia,2016A000259,Payroll employees,Number,223,units,0,v1481212176,11.2,2379820,A,,,0
2023-01,British Columbia,2016A000259,Job vacancy rate,Percent,239,units,0,v1481212177,11.3,5.3,A,,,1
2023-01,Yukon,2016A000260,Job vacancies,Number,223,units,0,v1481212178,12.1,1375,E,,,0
2023-01,Yukon,2016A000260,Payroll employees,Number,223,units,0,v1481212179,12.2,18985,A,,,0
2023-01,Yukon,2016A000260,Job vacancy rate,Percent,239,units,0,v1481212180,12.3,6.8,E,,,1
2023-01,Northwest Territories,2016A000261,Job vacancies,Number,223,units,0,v1481212181,13.1,1825,D,,,0
2023-01,Northwest Territories,2016A000261,Payroll employees,Number,223,units,0,v1481212182,13.2,22345,A,,,0
2023-01,Northwest Territories,2016A000261,Job vacancy rate,Percent,239,units,0,v1481212183,13.3,7.5,D,,,1
2023-01,Nunavut,2016A000262,Job vacancies,Number,223,units,0,v1481212184,14.1,390,E,,,0
2023-01,Nunavut,2016A000262,Payroll employees,Number,223,units,0,v1481212185,14.2,15760,A,,,0
2023-01,Nunavut,2016A000262,Job vacancy rate,Percent,239,units,0,v1481212186,14.3,2.4,E,,,1
2023-02,Canada,2016A000011124,Job vacancies,Number,223,units,0,v1481212145,1.1,817100,A,,,0
2023-02,Canada,2016A000011124,Payroll employees,Number,223,units,0,v1481212146,1.2,17020450,A,,,0
2023-02,Canada,2016A000011124,Job vacancy rate,Percent,239,units,0,v1481212147,1.3,4.6,A,,,1
2023-02,Newfoundland and Labrador,2016A000210,Job vacancies,Number,223,units,0,v1481212148,2.1,6510,C,,,0
2023-02,Newfoundland and Labrador,2016A000210,Payroll employees,Number,223,units,0,v1481212149,2.2,190560,A,,,0
2023-02,Newfoundland and Labrador,2016A000210,Job vacancy rate,Percent,239,units,0,v1481212150,2.3,3.3,C,,,1
2023-02,Prince Edward Island,2016A000211,Job vacancies,Number,223,units,0,v1481212151,3.1,3470,D,,,0
2023-02,Prince Edward Island,2016A000211,Payroll employees,Number,223,units,0,v1481212152,3.2,69190,A,,,0
2023-02,Prince Edward Island,2016A000211,Job vacancy rate,Percent,239,units,0,v1481212153,3.3,4.8,D,,,1
2023-02,Nova Scotia,2016A000212,Job vacancies,Number,223,units,0,v1481212154,4.1,20020,B,,,0
2023-02,Nova Scotia,2016A000212,Payroll employees,Number,223,units,0,v1481212155,4.2,437590,A,,,0
2023-02,Nova Scotia,2016A000212,Job vacancy rate,Percent,239,units,0,v1481212156,4.3,4.4,B,,,1
2023-02,New Brunswick,2016A000213,Job vacancies,Number,223,units,0,v1481212157,5.1,13315,B,,,0
2023-02,New Brunswick,2016A000213,Payroll employees,Number,223,units,0,v1481212158,5.2,327970,A,,,0
2023-02,New Brunswick,2016A000213,Job vacancy rate,Percent,239,units,0,v1481212159,5.3,3.9,B,,,1
2023-02,Quebec,2016A000224,Job vacancies,Number,223,units,0,v1481212160,6.1,207395,A,,,0
2023-02,Quebec,2016A000224,Payroll employees,Number,223,units,0,v1481212161,6.2,3839830,A,,,0
2023-02,Quebec,2016A000224,Job vacancy rate,Percent,239,units,0,v1481212162,6.3,5.1,A,,,1
2023-02,Ontario,2016A000235,Job vacancies,Number,223,units,0,v1481212163,7.1,291690,A,,,0
2023-02,Ontario,2016A000235,Payroll employees,Number,223,units,0,v1481212164,7.2,6598875,A,,,0
2023-02,Ontario,2016A000235,Job vacancy rate,Percent,239,units,0,v1481212165,7.3,4.2,A,,,1
2023-02,Manitoba,2016A000246,Job vacancies,Number,223,units,0,v1481212166,8.1,26215,B,,,0
2023-02,Manitoba,2016A000246,Payroll employees,Number,223,units,0,v1481212167,8.2,603035,A,,,0
2023-02,Manitoba,2016A000246,Job vacancy rate,Percent,239,units,0,v1481212168,8.3,4.2,B,,,1
2023-02,Saskatchewan,2016A000247,Job vacancies,Number,223,units,0,v1481212169,9.1,24955,B,,,0
2023-02,Saskatchewan,2016A000247,Payroll employees,Number,223,units,0,v1481212170,9.2,488740,A,,,0
2023-02,Saskatchewan,2016A000247,Job vacancy rate,Percent,239,units,0,v1481212171,9.3,4.9,B,,,1
2023-02,Alberta,2016A000248,Job vacancies,Number,223,units,0,v1481212172,10.1,93010,A,,,0
2023-02,Alberta,2016A000248,Payroll employees,Number,223,units,0,v1481212173,10.2,2020520,A,,,0
2023-02,Alberta,2016A000248,Job vacancy rate,Percent,239,units,0,v1481212174,10.3,4.4,A,,,1
2023-02,British Columbia,2016A000259,Job vacancies,Number,223,units,0,v1481212175,11.1,127320,A,,,0
2023-02,British Columbia,2016A000259,Payroll employees,Number,223,units,0,v1481212176,11.2,2386550,A,,,0
2023-02,British Columbia,2016A000259,Job vacancy rate,Percent,239,units,0,v1481212177,11.3,5.1,A,,,1
2023-02,Yukon,2016A000260,Job vacancies,Number,223,units,0,v1481212178,12.1,1445,D,,,0
2023-02,Yukon,2016A000260,Payroll employees,Number,223,units,0,v1481212179,12.2,19220,A,,,0
2023-02,Yukon,2016A000260,Job vacancy rate,Percent,239,units,0,v1481212180,12.3,7,D,,,1
2023-02,Northwest Territories,2016A000261,Job vacancies,Number,223,units,0,v1481212181,13.1,1045,D,,,0
2023-02,Northwest Territories,2016A000261,Payroll employees,Number,223,units,0,v1481212182,13.2,22385,A,,,0
2023-02,Northwest Territories,2016A000261,Job vacancy rate,Percent,239,units,0,v1481212183,13.3,4.5,D,,,1
2023-02,Nunavut,2016A000262,Job vacancies,Number,223,units,0,v1481212184,14.1,715,D,,,0
2023-02,Nunavut,2016A000262,Payroll employees,Number,223,units,0,v1481212185,14.2,15985,A,,,0
2023-02,Nunavut,2016A000262,Job vacancy rate,Percent,239,units,0,v1481212186,14.3,4.3,D,,,1
2023-03,Canada,2016A000011124,Job vacancies,Number,223,units,0,v1481212145,1.1,795090,A,,,0
2023-03,Canada,2016A000011124,Payroll employees,Number,223,units,0,v1481212146,1.2,17080515,A,,,0
2023-03,Canada,2016A000011124,Job vacancy rate,Percent,239,units,0,v1481212147,1.3,4.4,A,,,1
2023-03,Newfoundland and Labrador,2016A000210,Job vacancies,Number,223,units,0,v1481212148,2.1,6225,C,,,0
2023-03,Newfoundland and Labrador,2016A000210,Payroll employees,Number,223,units,0,v1481212149,2.2,194490,A,,,0
2023-03,Newfoundland and Labrador,2016A000210,Job vacancy rate,Percent,239,units,0,v1481212150,2.3,3.1,C,,,1
2023-03,Prince Edward Island,2016A000211,Job vacancies,Number,223,units,0,v1481212151,3.1,3495,C,,,0
2023-03,Prince Edward Island,2016A000211,Payroll employees,Number,223,units,0,v1481212152,3.2,69185,A,,,0
2023-03,Prince Edward Island,2016A000211,Job vacancy rate,Percent,239,units,0,v1481212153,3.3,4.8,C,,,1
2023-03,Nova Scotia,2016A000212,Job vacancies,Number,223,units,0,v1481212154,4.1,18510,B,,,0
2023-03,Nova Scotia,2016A000212,Payroll employees,Number,223,units,0,v1481212155,4.2,443480,A,,,0
2023-03,Nova Scotia,2016A000212,Job vacancy rate,Percent,239,units,0,v1481212156,4.3,4,B,,,1
2023-03,New Brunswick,2016A000213,Job vacancies,Number,223,units,0,v1481212157,5.1,13000,B,,,0
2023-03,New Brunswick,2016A000213,Payroll employees,Number,223,units,0,v1481212158,5.2,322090,A,,,0
2023-03,New Brunswick,2016A000213,Job vacancy rate,Percent,239,units,0,v1481212159,5.3,3.9,B,,,1
2023-03,Quebec,2016A000224,Job vacancies,Number,223,units,0,v1481212160,6.1,199675,A,,,0
2023-03,Quebec,2016A000224,Payroll employees,Number,223,units,0,v1481212161,6.2,3846500,A,,,0
2023-03,Quebec,2016A000224,Job vacancy rate,Percent,239,units,0,v1481212162,6.3,4.9,A,,,1
2023-03,Ontario,2016A000235,Job vacancies,Number,223,units,0,v1481212163,7.1,280780,A,,,0
2023-03,Ontario,2016A000235,Payroll employees,Number,223,units,0,v1481212164,7.2,6620640,A,,,0
2023-03,Ontario,2016A000235,Job vacancy rate,Percent,239,units,0,v1481212165,7.3,4.1,A,,,1
2023-03,Manitoba,2016A000246,Job vacancies,Number,223,units,0,v1481212166,8.1,26960,B,,,0
2023-03,Manitoba,2016A000246,Payroll employees,Number,223,units,0,v1481212167,8.2,608625,A,,,0
2023-03,Manitoba,2016A000246,Job vacancy rate,Percent,239,units,0,v1481212168,8.3,4.2,B,,,1
2023-03,Saskatchewan,2016A000247,Job vacancies,Number,223,units,0,v1481212169,9.1,24060,B,,,0
2023-03,Saskatchewan,2016A000247,Payroll employees,Number,223,units,0,v1481212170,9.2,491065,A,,,0
2023-03,Saskatchewan,2016A000247,Job vacancy rate,Percent,239,units,0,v1481212171,9.3,4.7,B,,,1
2023-03,Alberta,2016A000248,Job vacancies,Number,223,units,0,v1481212172,10.1,88295,A,,,0
2023-03,Alberta,2016A000248,Payroll employees,Number,223,units,0,v1481212173,10.2,2026555,A,,,0
2023-03,Alberta,2016A000248,Job vacancy rate,Percent,239,units,0,v1481212174,10.3,4.2,A,,,1
2023-03,British Columbia,2016A000259,Job vacancies,Number,223,units,0,v1481212175,11.1,130315,A,,,0
2023-03,British Columbia,2016A000259,Payroll employees,Number,223,units,0,v1481212176,11.2,2400440,A,,,0
2023-03,British Columbia,2016A000259,Job vacancy rate,Percent,239,units,0,v1481212177,11.3,5.1,A,,,1
2023-03,Yukon,2016A000260,Job vacancies,Number,223,units,0,v1481212178,12.1,1250,E,,,0
2023-03,Yukon,2016A000260,Payroll employees,Number,223,units,0,v1481212179,12.2,19195,A,,,0
2023-03,Yukon,2016A000260,Job vacancy rate,Percent,239,units,0,v1481212180,12.3,6.1,E,,,1
2023-03,Northwest Territories,2016A000261,Job vacancies,Number,223,units,0,v1481212181,13.1,,F,,,0
2023-03,Northwest Territories,2016A000261,Payroll employees,Number,223,units,0,v1481212182,13.2,22275,D,,,0
2023-03,Northwest Territories,2016A000261,Job vacancy rate,Percent,239,units,0,v1481212183,13.3,,F,,,1
2023-03,Nunavut,2016A000262,Job vacancies,Number,223,units,0,v1481212184,14.1,,F,,,0
2023-03,Nunavut,2016A000262,Payroll employees,Number,223,units,0,v1481212185,14.2,15975,A,,,0
2023-03,Nunavut,2016A000262,Job vacancy rate,Percent,239,units,0,v1481212186,14.3,,F,,,1
2023-04,Canada,2016A000011124,Job vacancies,Number,223,units,0,v1481212145,1.1,787050,A,,,0
2023-04,Canada,2016A000011124,Payroll employees,Number,223,units,0,v1481212146,1.2,17077300,A,,,0
2023-04,Canada,2016A000011124,Job vacancy rate,Percent,239,units,0,v1481212147,1.3,4.4,A,,,1
2023-04,Newfoundland and Labrador,2016A000210,Job vacancies,Number,223,units,0,v1481212148,2.1,7425,B,,,0
2023-04,Newfoundland and Labrador,2016A000210,Payroll employees,Number,223,units,0,v1481212149,2.2,199000,A,,,0
2023-04,Newfoundland and Labrador,2016A000210,Job vacancy rate,Percent,239,units,0,v1481212150,2.3,3.6,B,,,1
2023-04,Prince Edward Island,2016A000211,Job vacancies,Number,223,units,0,v1481212151,3.1,3715,D,,,0
2023-04,Prince Edward Island,2016A000211,Payroll employees,Number,223,units,0,v1481212152,3.2,69645,A,,,0
2023-04,Prince Edward Island,2016A000211,Job vacancy rate,Percent,239,units,0,v1481212153,3.3,5.1,D,,,1
2023-04,Nova Scotia,2016A000212,Job vacancies,Number,223,units,0,v1481212154,4.1,20130,B,,,0
2023-04,Nova Scotia,2016A000212,Payroll employees,Number,223,units,0,v1481212155,4.2,435500,A,,,0
2023-04,Nova Scotia,2016A000212,Job vacancy rate,Percent,239,units,0,v1481212156,4.3,4.4,B,,,1
2023-04,New Brunswick,2016A000213,Job vacancies,Number,223,units,0,v1481212157,5.1,13780,B,,,0
2023-04,New Brunswick,2016A000213,Payroll employees,Number,223,units,0,v1481212158,5.2,325665,A,,,0
2023-04,New Brunswick,2016A000213,Job vacancy rate,Percent,239,units,0,v1481212159,5.3,4.1,B,,,1
2023-04,Quebec,2016A000224,Job vacancies,Number,223,units,0,v1481212160,6.1,196365,A,,,0
2023-04,Quebec,2016A000224,Payroll employees,Number,223,units,0,v1481212161,6.2,3840725,A,,,0
2023-04,Quebec,2016A000224,Job vacancy rate,Percent,239,units,0,v1481212162,6.3,4.9,A,,,1
2023-04,Ontario,2016A000235,Job vacancies,Number,223,units,0,v1481212163,7.1,271785,A,,,0
2023-04,Ontario,2016A000235,Payroll employees,Number,223,units,0,v1481212164,7.2,6619670,A,,,0
2023-04,Ontario,2016A000235,Job vacancy rate,Percent,239,units,0,v1481212165,7.3,3.9,A,,,1
2023-04,Manitoba,2016A000246,Job vacancies,Number,223,units,0,v1481212166,8.1,25980,B,,,0
2023-04,Manitoba,2016A000246,Payroll employees,Number,223,units,0,v1481212167,8.2,608555,A,,,0
2023-04,Manitoba,2016A000246,Job vacancy rate,Percent,239,units,0,v1481212168,8.3,4.1,B,,,1
2023-04,Saskatchewan,2016A000247,Job vacancies,Number,223,units,0,v1481212169,9.1,24885,B,,,0
2023-04,Saskatchewan,2016A000247,Payroll employees,Number,223,units,0,v1481212170,9.2,490330,A,,,0
2023-04,Saskatchewan,2016A000247,Job vacancy rate,Percent,239,units,0,v1481212171,9.3,4.8,B,,,1
2023-04,Alberta,2016A000248,Job vacancies,Number,223,units,0,v1481212172,10.1,95705,A,,,0
2023-04,Alberta,2016A000248,Payroll employees,Number,223,units,0,v1481212173,10.2,2033845,A,,,0
2023-04,Alberta,2016A000248,Job vacancy rate,Percent,239,units,0,v1481212174,10.3,4.5,A,,,1
2023-04,British Columbia,2016A000259,Job vacancies,Number,223,units,0,v1481212175,11.1,124195,A,,,0
2023-04,British Columbia,2016A000259,Payroll employees,Number,223,units,0,v1481212176,11.2,2396625,A,,,0
2023-04,British Columbia,2016A000259,Job vacancy rate,Percent,239,units,0,v1481212177,11.3,4.9,A,,,1
2023-04,Yukon,2016A000260,Job vacancies,Number,223,units,0,v1481212178,12.1,840,D,,,0
2023-04,Yukon,2016A000260,Payroll employees,Number,223,units,0,v1481212179,12.2,19315,A,,,0
2023-04,Yukon,2016A000260,Job vacancy rate,Percent,239,units,0,v1481212180,12.3,4.2,D,,,1
2023-04,Northwest Territories,2016A000261,Job vacancies,Number,223,units,0,v1481212181,13.1,1260,D,,,0
2023-04,Northwest Territories,2016A000261,Payroll employees,Number,223,units,0,v1481212182,13.2,22075,A,,,0
2023-04,Northwest Territories,2016A000261,Job vacancy rate,Percent,239,units,0,v1481212183,13.3,5.4,D,,,1
2023-04,Nunavut,2016A000262,Job vacancies,Number,223,units,0,v1481212184,14.1,970,E,,,0
2023-04,Nunavut,2016A000262,Payroll employees,Number,223,units,0,v1481212185,14.2,16345,A,,,0
2023-04,Nunavut,2016A000262,Job vacancy rate,Percent,239,units,0,v1481212186,14.3,5.6,E,,,1
2023-05,Canada,2016A000011124,Job vacancies,Number,223,units,0,v1481212145,1.1,763200,A,,,0
2023-05,Canada,2016A000011124,Payroll employees,Number,223,units,0,v1481212146,1.2,17084700,A,,,0
2023-05,Canada,2016A000011124,Job vacancy rate,Percent,239,units,0,v1481212147,1.3,4.3,A,,,1
2023-05,Newfoundland and Labrador,2016A000210,Job vacancies,Number,223,units,0,v1481212148,2.1,7345,C,,,0
2023-05,Newfoundland and Labrador,2016A000210,Payroll employees,Number,223,units,0,v1481212149,2.2,196840,A,,,0
2023-05,Newfoundland and Labrador,2016A000210,Job vacancy rate,Percent,239,units,0,v1481212150,2.3,3.6,C,,,1
2023-05,Prince Edward Island,2016A000211,Job vacancies,Number,223,units,0,v1481212151,3.1,3250,D,,,0
2023-05,Prince Edward Island,2016A000211,Payroll employees,Number,223,units,0,v1481212152,3.2,69370,A,,,0
2023-05,Prince Edward Island,2016A000211,Job vacancy rate,Percent,239,units,0,v1481212153,3.3,4.5,D,,,1
2023-05,Nova Scotia,2016A000212,Job vacancies,Number,223,units,0,v1481212154,4.1,19400,B,,,0
2023-05,Nova Scotia,2016A000212,Payroll employees,Number,223,units,0,v1481212155,4.2,437350,A,,,0
2023-05,Nova Scotia,2016A000212,Job vacancy rate,Percent,239,units,0,v1481212156,4.3,4.2,B,,,1
2023-05,New Brunswick,2016A000213,Job vacancies,Number,223,units,0,v1481212157,5.1,13005,B,,,0
2023-05,New Brunswick,2016A000213,Payroll employees,Number,223,units,0,v1481212158,5.2,323195,A,,,0
2023-05,New Brunswick,2016A000213,Job vacancy rate,Percent,239,units,0,v1481212159,5.3,3.9,B,,,1
2023-05,Quebec,2016A000224,Job vacancies,Number,223,units,0,v1481212160,6.1,191740,A,,,0
2023-05,Quebec,2016A000224,Payroll employees,Number,223,units,0,v1481212161,6.2,3841665,A,,,0
2023-05,Quebec,2016A000224,Job vacancy rate,Percent,239,units,0,v1481212162,6.3,4.8,A,,,1
2023-05,Ontario,2016A000235,Job vacancies,Number,223,units,0,v1481212163,7.1,270640,A,,,0
2023-05,Ontario,2016A000235,Payroll employees,Number,223,units,0,v1481212164,7.2,6626945,A,,,0
2023-05,Ontario,2016A000235,Job vacancy rate,Percent,239,units,0,v1481212165,7.3,3.9,A,,,1
2023-05,Manitoba,2016A000246,Job vacancies,Number,223,units,0,v1481212166,8.1,24555,B,,,0
2023-05,Manitoba,2016A000246,Payroll employees,Number,223,units,0,v1481212167,8.2,602750,A,,,0
2023-05,Manitoba,2016A000246,Job vacancy rate,Percent,239,units,0,v1481212168,8.3,3.9,B,,,1
2023-05,Saskatchewan,2016A000247,Job vacancies,Number,223,units,0,v1481212169,9.1,22275,B,,,0
2023-05,Saskatchewan,2016A000247,Payroll employees,Number,223,units,0,v1481212170,9.2,490605,A,,,0
2023-05,Saskatchewan,2016A000247,Job vacancy rate,Percent,239,units,0,v1481212171,9.3,4.3,B,,,1
2023-05,Alberta,2016A000248,Job vacancies,Number,223,units,0,v1481212172,10.1,89650,A,,,0
2023-05,Alberta,2016A000248,Payroll employees,Number,223,units,0,v1481212173,10.2,2037595,A,,,0
2023-05,Alberta,2016A000248,Job vacancy rate,Percent,239,units,0,v1481212174,10.3,4.2,A,,,1
2023-05,British Columbia,2016A000259,Job vacancies,Number,223,units,0,v1481212175,11.1,118355,A,,,0
2023-05,British Columbia,2016A000259,Payroll employees,Number,223,units,0,v1481212176,11.2,2401645,A,,,0
2023-05,British Columbia,2016A000259,Job vacancy rate,Percent,239,units,0,v1481212177,11.3,4.7,A,,,1
2023-05,Yukon,2016A000260,Job vacancies,Number,223,units,0,v1481212178,12.1,1250,D,,,0
2023-05,Yukon,2016A000260,Payroll employees,Number,223,units,0,v1481212179,12.2,18535,A,,,0
2023-05,Yukon,2016A000260,Job vacancy rate,Percent,239,units,0,v1481212180,12.3,6.3,D,,,1
2023-05,Northwest Territories,2016A000261,Job vacancies,Number,223,units,0,v1481212181,13.1,1190,D,,,0
2023-05,Northwest Territories,2016A000261,Payroll employees,Number,223,units,0,v1481212182,13.2,22115,A,,,0
2023-05,Northwest Territories,2016A000261,Job vacancy rate,Percent,239,units,0,v1481212183,13.3,5.1,D,,,1
2023-05,Nunavut,2016A000262,Job vacancies,Number,223,units,0,v1481212184,14.1,550,E,,,0
2023-05,Nunavut,2016A000262,Payroll employees,Number,223,units,0,v1481212185,14.2,16085,A,,,0
2023-05,Nunavut,2016A000262,Job vacancy rate,Percent,239,units,0,v1481212186,14.3,3.3,E,,,1
2023-06,Canada,2016A000011124,Job vacancies,Number,223,units,0,v1481212145,1.1,745085,A,,,0
2023-06,Canada,2016A000011124,Payroll employees,Number,223,units,0,v1481212146,1.2,17127550,A,,,0
2023-06,Canada,2016A000011124,Job vacancy rate,Percent,239,units,0,v1481212147,1.3,4.2,A,,,1
2023-06,Newfoundland and Labrador,2016A000210,Job vacancies,Number,223,units,0,v1481212148,2.1,6065,B,,,0
2023-06,Newfoundland and Labrador,2016A000210,Payroll employees,Number,223,units,0,v1481212149,2.2,186280,A,,,0
2023-06,Newfoundland and Labrador,2016A000210,Job vacancy rate,Percent,239,units,0,v1481212150,2.3,3.2,B,,,1
2023-06,Prince Edward Island,2016A000211,Job vacancies,Number,223,units,0,v1481212151,3.1,3210,C,,,0
2023-06,Prince Edward Island,2016A000211,Payroll employees,Number,223,units,0,v1481212152,3.2,69835,A,,,0
2023-06,Prince Edward Island,2016A000211,Job vacancy rate,Percent,239,units,0,v1481212153,3.3,4.4,C,,,1
2023-06,Nova Scotia,2016A000212,Job vacancies,Number,223,units,0,v1481212154,4.1,17030,B,,,0
2023-06,Nova Scotia,2016A000212,Payroll employees,Number,223,units,0,v1481212155,4.2,443360,A,,,0
2023-06,Nova Scotia,2016A000212,Job vacancy rate,Percent,239,units,0,v1481212156,4.3,3.7,B,,,1
2023-06,New Brunswick,2016A000213,Job vacancies,Number,223,units,0,v1481212157,5.1,13225,B,,,0
2023-06,New Brunswick,2016A000213,Payroll employees,Number,223,units,0,v1481212158,5.2,310025,A,,,0
2023-06,New Brunswick,2016A000213,Job vacancy rate,Percent,239,units,0,v1481212159,5.3,4.1,B,,,1
2023-06,Quebec,2016A000224,Job vacancies,Number,223,units,0,v1481212160,6.1,180185,B,,,0
2023-06,Quebec,2016A000224,Payroll employees,Number,223,units,0,v1481212161,6.2,3867525,A,,,0
2023-06,Quebec,2016A000224,Job vacancy rate,Percent,239,units,0,v1481212162,6.3,4.5,B,,,1
2023-06,Ontario,2016A000235,Job vacancies,Number,223,units,0,v1481212163,7.1,267100,A,,,0
2023-06,Ontario,2016A000235,Payroll employees,Number,223,units,0,v1481212164,7.2,6631980,A,,,0
2023-06,Ontario,2016A000235,Job vacancy rate,Percent,239,units,0,v1481212165,7.3,3.9,A,,,1
2023-06,Manitoba,2016A000246,Job vacancies,Number,223,units,0,v1481212166,8.1,25070,B,,,0
2023-06,Manitoba,2016A000246,Payroll employees,Number,223,units,0,v1481212167,8.2,611540,A,,,0
2023-06,Manitoba,2016A000246,Job vacancy rate,Percent,239,units,0,v1481212168,8.3,3.9,B,,,1
2023-06,Saskatchewan,2016A000247,Job vacancies,Number,223,units,0,v1481212169,9.1,26355,B,,,0
2023-06,Saskatchewan,2016A000247,Payroll employees,Number,223,units,0,v1481212170,9.2,488130,A,,,0
2023-06,Saskatchewan,2016A000247,Job vacancy rate,Percent,239,units,0,v1481212171,9.3,5.1,B,,,1
2023-06,Alberta,2016A000248,Job vacancies,Number,223,units,0,v1481212172,10.1,86830,A,,,0
2023-06,Alberta,2016A000248,Payroll employees,Number,223,units,0,v1481212173,10.2,2048865,A,,,0
2023-06,Alberta,2016A000248,Job vacancy rate,Percent,239,units,0,v1481212174,10.3,4.1,A,,,1
2023-06,British Columbia,2016A000259,Job vacancies,Number,223,units,0,v1481212175,11.1,116720,A,,,0
2023-06,British Columbia,2016A000259,Payroll employees,Number,223,units,0,v1481212176,11.2,2412660,A,,,0
2023-06,British Columbia,2016A000259,Job vacancy rate,Percent,239,units,0,v1481212177,11.3,4.6,A,,,1
2023-06,Yukon,2016A000260,Job vacancies,Number,223,units,0,v1481212178,12.1,1265,D,,,0
2023-06,Yukon,2016A000260,Payroll employees,Number,223,units,0,v1481212179,12.2,19140,A,,,0
2023-06,Yukon,2016A000260,Job vacancy rate,Percent,239,units,0,v1481212180,12.3,6.2,D,,,1
2023-06,Northwest Territories,2016A000261,Job vacancies,Number,223,units,0,v1481212181,13.1,1420,E,,,0
2023-06,Northwest Territories,2016A000261,Payroll employees,Number,223,units,0,v1481212182,13.2,22405,C,,,0
2023-06,Northwest Territories,2016A000261,Job vacancy rate,Percent,239,units,0,v1481212183,13.3,6,E,,,1
2023-06,Nunavut,2016A000262,Job vacancies,Number,223,units,0,v1481212184,14.1,615,E,,,0
2023-06,Nunavut,2016A000262,Payroll employees,Number,223,units,0,v1481212185,14.2,15810,C,,,0
2023-06,Nunavut,2016A000262,Job vacancy rate,Percent,239,units,0,v1481212186,14.3,3.8,E,,,1
2023-07,Canada,2016A000011124,Job vacancies,Number,223,units,0,v1481212145,1.1,726165,A,,,0
2023-07,Canada,2016A000011124,Payroll employees,Number,223,units,0,v1481212146,1.2,17178000,A,,,0
2023-07,Canada,2016A000011124,Job vacancy rate,Percent,239,units,0,v1481212147,1.3,4.1,A,,,1
2023-07,Newfoundland and Labrador,2016A000210,Job vacancies,Number,223,units,0,v1481212148,2.1,7915,C,,,0
2023-07,Newfoundland and Labrador,2016A000210,Payroll employees,Number,223,units,0,v1481212149,2.2,202195,A,,,0
2023-07,Newfoundland and Labrador,2016A000210,Job vacancy rate,Percent,239,units,0,v1481212150,2.3,3.8,C,,,1
2023-07,Prince Edward Island,2016A000211,Job vacancies,Number,223,units,0,v1481212151,3.1,2555,D,,,0
2023-07,Prince Edward Island,2016A000211,Payroll employees,Number,223,units,0,v1481212152,3.2,70610,A,,,0
2023-07,Prince Edward Island,2016A000211,Job vacancy rate,Percent,239,units,0,v1481212153,3.3,3.5,D,,,1
2023-07,Nova Scotia,2016A000212,Job vacancies,Number,223,units,0,v1481212154,4.1,18020,B,,,0
2023-07,Nova Scotia,2016A000212,Payroll employees,Number,223,units,0,v1481212155,4.2,433335,A,,,0
2023-07,Nova Scotia,2016A000212,Job vacancy rate,Percent,239,units,0,v1481212156,4.3,4,B,,,1
2023-07,New Brunswick,2016A000213,Job vacancies,Number,223,units,0,v1481212157,5.1,12125,B,,,0
2023-07,New Brunswick,2016A000213,Payroll employees,Number,223,units,0,v1481212158,5.2,334465,A,,,0
2023-07,New Brunswick,2016A000213,Job vacancy rate,Percent,239,units,0,v1481212159,5.3,3.5,B,,,1
2023-07,Quebec,2016A000224,Job vacancies,Number,223,units,0,v1481212160,6.1,183175,A,,,0
2023-07,Quebec,2016A000224,Payroll employees,Number,223,units,0,v1481212161,6.2,3844135,A,,,0
2023-07,Quebec,2016A000224,Job vacancy rate,Percent,239,units,0,v1481212162,6.3,4.5,A,,,1
2023-07,Ontario,2016A000235,Job vacancies,Number,223,units,0,v1481212163,7.1,247645,B,,,0
2023-07,Ontario,2016A000235,Payroll employees,Number,223,units,0,v1481212164,7.2,6652365,A,,,0
2023-07,Ontario,2016A000235,Job vacancy rate,Percent,239,units,0,v1481212165,7.3,3.6,B,,,1
2023-07,Manitoba,2016A000246,Job vacancies,Number,223,units,0,v1481212166,8.1,22735,B,,,0
2023-07,Manitoba,2016A000246,Payroll employees,Number,223,units,0,v1481212167,8.2,613035,A,,,0
2023-07,Manitoba,2016A000246,Job vacancy rate,Percent,239,units,0,v1481212168,8.3,3.6,B,,,1
2023-07,Saskatchewan,2016A000247,Job vacancies,Number,223,units,0,v1481212169,9.1,24600,B,,,0
2023-07,Saskatchewan,2016A000247,Payroll employees,Number,223,units,0,v1481212170,9.2,494855,A,,,0
2023-07,Saskatchewan,2016A000247,Job vacancy rate,Percent,239,units,0,v1481212171,9.3,4.7,B,,,1
2023-07,Alberta,2016A000248,Job vacancies,Number,223,units,0,v1481212172,10.1,86530,A,,,0
2023-07,Alberta,2016A000248,Payroll employees,Number,223,units,0,v1481212173,10.2,2053775,A,,,0
2023-07,Alberta,2016A000248,Job vacancy rate,Percent,239,units,0,v1481212174,10.3,4,A,,,1
2023-07,British Columbia,2016A000259,Job vacancies,Number,223,units,0,v1481212175,11.1,117900,A,,,0
2023-07,British Columbia,2016A000259,Payroll employees,Number,223,units,0,v1481212176,11.2,2421330,A,,,0
2023-07,British Columbia,2016A000259,Job vacancy rate,Percent,239,units,0,v1481212177,11.3,4.6,A,,,1
2023-07,Yukon,2016A000260,Job vacancies,Number,223,units,0,v1481212178,12.1,1210,D,,,0
2023-07,Yukon,2016A000260,Payroll employees,Number,223,units,0,v1481212179,12.2,19325,A,,,0
2023-07,Yukon,2016A000260,Job vacancy rate,Percent,239,units,0,v1481212180,12.3,5.9,D,,,1
2023-07,Northwest Territories,2016A000261,Job vacancies,Number,223,units,0,v1481212181,13.1,1150,D,,,0
2023-07,Northwest Territories,2016A000261,Payroll employees,Number,223,units,0,v1481212182,13.2,22415,A,,,0
2023-07,Northwest Territories,2016A000261,Job vacancy rate,Percent,239,units,0,v1481212183,13.3,4.9,D,,,1
2023-07,Nunavut,2016A000262,Job vacancies,Number,223,units,0,v1481212184,14.1,,F,,,0
2023-07,Nunavut,2016A000262,Payroll employees,Number,223,units,0,v1481212185,14.2,16160,A,,,0
2023-07,Nunavut,2016A000262,Job vacancy rate,Percent,239,units,0,v1481212186,14.3,,F,,,1
2023-08,Canada,2016A000011124,Job vacancies,Number,223,units,0,v1481212145,1.1,713645,A,,,0
2023-08,Canada,2016A000011124,Payroll employees,Number,223,units,0,v1481212146,1.2,17151410,A,,,0
2023-08,Canada,2016A000011124,Job vacancy rate,Percent,239,units,0,v1481212147,1.3,4,A,,,1
2023-08,Newfoundland and Labrador,2016A000210,Job vacancies,Number,223,units,0,v1481212148,2.1,5785,C,,,0
2023-08,Newfoundland and Labrador,2016A000210,Payroll employees,Number,223,units,0,v1481212149,2.2,199665,A,,,0
2023-08,Newfoundland and Labrador,2016A000210,Job vacancy rate,Percent,239,units,0,v1481212150,2.3,2.8,C,,,1
2023-08,Prince Edward Island,2016A000211,Job vacancies,Number,223,units,0,v1481212151,3.1,2500,D,,,0
2023-08,Prince Edward Island,2016A000211,Payroll employees,Number,223,units,0,v1481212152,3.2,70090,A,,,0
2023-08,Prince Edward Island,2016A000211,Job vacancy rate,Percent,239,units,0,v1481212153,3.3,3.4,D,,,1
2023-08,Nova Scotia,2016A000212,Job vacancies,Number,223,units,0,v1481212154,4.1,18520,B,,,0
2023-08,Nova Scotia,2016A000212,Payroll employees,Number,223,units,0,v1481212155,4.2,442630,A,,,0
2023-08,Nova Scotia,2016A000212,Job vacancy rate,Percent,239,units,0,v1481212156,4.3,4,B,,,1
2023-08,New Brunswick,2016A000213,Job vacancies,Number,223,units,0,v1481212157,5.1,11440,B,,,0
2023-08,New Brunswick,2016A000213,Payroll employees,Number,223,units,0,v1481212158,5.2,323360,A,,,0
2023-08,New Brunswick,2016A000213,Job vacancy rate,Percent,239,units,0,v1481212159,5.3,3.4,B,,,1
2023-08,Quebec,2016A000224,Job vacancies,Number,223,units,0,v1481212160,6.1,169740,A,,,0
2023-08,Quebec,2016A000224,Payroll employees,Number,223,units,0,v1481212161,6.2,3840510,A,,,0
2023-08,Quebec,2016A000224,Job vacancy rate,Percent,239,units,0,v1481212162,6.3,4.2,A,,,1
2023-08,Ontario,2016A000235,Job vacancies,Number,223,units,0,v1481212163,7.1,254720,A,,,0
2023-08,Ontario,2016A000235,Payroll employees,Number,223,units,0,v1481212164,7.2,6648245,A,,,0
2023-08,Ontario,2016A000235,Job vacancy rate,Percent,239,units,0,v1481212165,7.3,3.7,A,,,1
2023-08,Manitoba,2016A000246,Job vacancies,Number,223,units,0,v1481212166,8.1,22175,B,,,0
2023-08,Manitoba,2016A000246,Payroll employees,Number,223,units,0,v1481212167,8.2,613040,A,,,0
2023-08,Manitoba,2016A000246,Job vacancy rate,Percent,239,units,0,v1481212168,8.3,3.5,B,,,1
2023-08,Saskatchewan,2016A000247,Job vacancies,Number,223,units,0,v1481212169,9.1,24055,B,,,0
2023-08,Saskatchewan,2016A000247,Payroll employees,Number,223,units,0,v1481212170,9.2,487815,A,,,0
2023-08,Saskatchewan,2016A000247,Job vacancy rate,Percent,239,units,0,v1481212171,9.3,4.7,B,,,1
2023-08,Alberta,2016A000248,Job vacancies,Number,223,units,0,v1481212172,10.1,90710,A,,,0
2023-08,Alberta,2016A000248,Payroll employees,Number,223,units,0,v1481212173,10.2,2055085,A,,,0
2023-08,Alberta,2016A000248,Job vacancy rate,Percent,239,units,0,v1481212174,10.3,4.2,A,,,1
2023-08,British Columbia,2016A000259,Job vacancies,Number,223,units,0,v1481212175,11.1,111225,A,,,0
2023-08,British Columbia,2016A000259,Payroll employees,Number,223,units,0,v1481212176,11.2,2413360,A,,,0
2023-08,British Columbia,2016A000259,Job vacancy rate,Percent,239,units,0,v1481212177,11.3,4.4,A,,,1
2023-08,Yukon,2016A000260,Job vacancies,Number,223,units,0,v1481212178,12.1,1035,D,,,0
2023-08,Yukon,2016A000260,Payroll employees,Number,223,units,0,v1481212179,12.2,19245,A,,,0
2023-08,Yukon,2016A000260,Job vacancy rate,Percent,239,units,0,v1481212180,12.3,5.1,D,,,1
2023-08,Northwest Territories,2016A000261,Job vacancies,Number,223,units,0,v1481212181,13.1,1155,E,,,0
2023-08,Northwest Territories,2016A000261,Payroll employees,Number,223,units,0,v1481212182,13.2,21965,B,,,0
2023-08,Northwest Territories,2016A000261,Job vacancy rate,Percent,239,units,0,v1481212183,13.3,5,E,,,1
2023-08,Nunavut,2016A000262,Job vacancies,Number,223,units,0,v1481212184,14.1,,F,,,0
2023-08,Nunavut,2016A000262,Payroll employees,Number,223,units,0,v1481212185,14.2,16405,B,,,0
2023-08,Nunavut,2016A000262,Job vacancy rate,Percent,239,units,0,v1481212186,14.3,,F,,,1
2023-09,Canada,2016A000011124,Job vacancies,Number,223,units,0,v1481212145,1.1,658355,A,,,0
2023-09,Canada,2016A000011124,Payroll employees,Number,223,units,0,v1481212146,1.2,17153235,A,,,0
2023-09,Canada,2016A000011124,Job vacancy rate,Percent,239,units,0,v1481212147,1.3,3.7,A,,,1
2023-09,Newfoundland and Labrador,2016A000210,Job vacancies,Number,223,units,0,v1481212148,2.1,6425,C,,,0
2023-09,Newfoundland and Labrador,2016A000210,Payroll employees,Number,223,units,0,v1481212149,2.2,199060,A,,,0
2023-09,Newfoundland and Labrador,2016A000210,Job vacancy rate,Percent,239,units,0,v1481212150,2.3,3.1,C,,,1
2023-09,Prince Edward Island,2016A000211,Job vacancies,Number,223,units,0,v1481212151,3.1,3005,E,,,0
2023-09,Prince Edward Island,2016A000211,Payroll employees,Number,223,units,0,v1481212152,3.2,69960,C,,,0
2023-09,Prince Edward Island,2016A000211,Job vacancy rate,Percent,239,units,0,v1481212153,3.3,4.1,E,,,1
2023-09,Nova Scotia,2016A000212,Job vacancies,Number,223,units,0,v1481212154,4.1,15170,B,,,0
2023-09,Nova Scotia,2016A000212,Payroll employees,Number,223,units,0,v1481212155,4.2,435400,A,,,0
2023-09,Nova Scotia,2016A000212,Job vacancy rate,Percent,239,units,0,v1481212156,4.3,3.4,B,,,1
2023-09,New Brunswick,2016A000213,Job vacancies,Number,223,units,0,v1481212157,5.1,12520,B,,,0
2023-09,New Brunswick,2016A000213,Payroll employees,Number,223,units,0,v1481212158,5.2,326955,A,,,0
2023-09,New Brunswick,2016A000213,Job vacancy rate,Percent,239,units,0,v1481212159,5.3,3.7,B,,,1
2023-09,Quebec,2016A000224,Job vacancies,Number,223,units,0,v1481212160,6.1,147030,B,,,0
2023-09,Quebec,2016A000224,Payroll employees,Number,223,units,0,v1481212161,6.2,3851710,A,,,0
2023-09,Quebec,2016A000224,Job vacancy rate,Percent,239,units,0,v1481212162,6.3,3.7,B,,,1
2023-09,Ontario,2016A000235,Job vacancies,Number,223,units,0,v1481212163,7.1,233775,A,,,0
2023-09,Ontario,2016A000235,Payroll employees,Number,223,units,0,v1481212164,7.2,6650470,A,,,0
2023-09,Ontario,2016A000235,Job vacancy rate,Percent,239,units,0,v1481212165,7.3,3.4,A,,,1
2023-09,Manitoba,2016A000246,Job vacancies,Number,223,units,0,v1481212166,8.1,25395,B,,,0
2023-09,Manitoba,2016A000246,Payroll employees,Number,223,units,0,v1481212167,8.2,611870,A,,,0
2023-09,Manitoba,2016A000246,Job vacancy rate,Percent,239,units,0,v1481212168,8.3,4,B,,,1
2023-09,Saskatchewan,2016A000247,Job vacancies,Number,223,units,0,v1481212169,9.1,24285,B,,,0
2023-09,Saskatchewan,2016A000247,Payroll employees,Number,223,units,0,v1481212170,9.2,488290,A,,,0
2023-09,Saskatchewan,2016A000247,Job vacancy rate,Percent,239,units,0,v1481212171,9.3,4.7,B,,,1
2023-09,Alberta,2016A000248,Job vacancies,Number,223,units,0,v1481212172,10.1,83030,B,,,0
2023-09,Alberta,2016A000248,Payroll employees,Number,223,units,0,v1481212173,10.2,2048710,A,,,0
2023-09,Alberta,2016A000248,Job vacancy rate,Percent,239,units,0,v1481212174,10.3,3.9,B,,,1
2023-09,British Columbia,2016A000259,Job vacancies,Number,223,units,0,v1481212175,11.1,105055,A,,,0
2023-09,British Columbia,2016A000259,Payroll employees,Number,223,units,0,v1481212176,11.2,2413470,A,,,0
2023-09,British Columbia,2016A000259,Job vacancy rate,Percent,239,units,0,v1481212177,11.3,4.2,A,,,1
2023-09,Yukon,2016A000260,Job vacancies,Number,223,units,0,v1481212178,12.1,990,E,,,0
2023-09,Yukon,2016A000260,Payroll employees,Number,223,units,0,v1481212179,12.2,19280,B,,,0
2023-09,Yukon,2016A000260,Job vacancy rate,Percent,239,units,0,v1481212180,12.3,4.9,E,,,1
2023-09,Northwest Territories,2016A000261,Job vacancies,Number,223,units,0,v1481212181,13.1,935,D,,,0
2023-09,Northwest Territories,2016A000261,Payroll employees,Number,223,units,0,v1481212182,13.2,21925,A,,,0
2023-09,Northwest Territories,2016A000261,Job vacancy rate,Percent,239,units,0,v1481212183,13.3,4.1,D,,,1
2023-09,Nunavut,2016A000262,Job vacancies,Number,223,units,0,v1481212184,14.1,740,D,,,0
2023-09,Nunavut,2016A000262,Payroll employees,Number,223,units,0,v1481212185,14.2,16130,A,,,0
2023-09,Nunavut,2016A000262,Job vacancy rate,Percent,239,units,0,v1481212186,14.3,4.4,D,,,1
2023-10,Canada,2016A000011124,Job vacancies,Number,223,units,0,v1481212145,1.1,683205,A,,,0
2023-10,Canada,2016A000011124,Payroll employees,Number,223,units,0,v1481212146,1.2,17210130,A,,,0
2023-10,Canada,2016A000011124,Job vacancy rate,Percent,239,units,0,v1481212147,1.3,3.8,A,,,1
2023-10,Newfoundland and Labrador,2016A000210,Job vacancies,Number,223,units,0,v1481212148,2.1,7640,B,,,0
2023-10,Newfoundland and Labrador,2016A000210,Payroll employees,Number,223,units,0,v1481212149,2.2,207445,A,,,0
2023-10,Newfoundland and Labrador,2016A000210,Job vacancy rate,Percent,239,units,0,v1481212150,2.3,3.6,B,,,1
2023-10,Prince Edward Island,2016A000211,Job vacancies,Number,223,units,0,v1481212151,3.1,2760,D,,,0
2023-10,Prince Edward Island,2016A000211,Payroll employees,Number,223,units,0,v1481212152,3.2,70465,A,,,0
2023-10,Prince Edward Island,2016A000211,Job vacancy rate,Percent,239,units,0,v1481212153,3.3,3.8,D,,,1
2023-10,Nova Scotia,2016A000212,Job vacancies,Number,223,units,0,v1481212154,4.1,15250,B,,,0
2023-10,Nova Scotia,2016A000212,Payroll employees,Number,223,units,0,v1481212155,4.2,432410,A,,,0
2023-10,Nova Scotia,2016A000212,Job vacancy rate,Percent,239,units,0,v1481212156,4.3,3.4,B,,,1
2023-10,New Brunswick,2016A000213,Job vacancies,Number,223,units,0,v1481212157,5.1,12645,C,,,0
2023-10,New Brunswick,2016A000213,Payroll employees,Number,223,units,0,v1481212158,5.2,324845,A,,,0
2023-10,New Brunswick,2016A000213,Job vacancy rate,Percent,239,units,0,v1481212159,5.3,3.7,C,,,1
2023-10,Quebec,2016A000224,Job vacancies,Number,223,units,0,v1481212160,6.1,168035,A,,,0
2023-10,Quebec,2016A000224,Payroll employees,Number,223,units,0,v1481212161,6.2,3852895,A,,,0
2023-10,Quebec,2016A000224,Job vacancy rate,Percent,239,units,0,v1481212162,6.3,4.2,A,,,1
2023-10,Ontario,2016A000235,Job vacancies,Number,223,units,0,v1481212163,7.1,226650,A,,,0
2023-10,Ontario,2016A000235,Payroll employees,Number,223,units,0,v1481212164,7.2,6678405,A,,,0
2023-10,Ontario,2016A000235,Job vacancy rate,Percent,239,units,0,v1481212165,7.3,3.3,A,,,1
2023-10,Manitoba,2016A000246,Job vacancies,Number,223,units,0,v1481212166,8.1,24470,B,,,0
2023-10,Manitoba,2016A000246,Payroll employees,Number,223,units,0,v1481212167,8.2,613185,A,,,0
2023-10,Manitoba,2016A000246,Job vacancy rate,Percent,239,units,0,v1481212168,8.3,3.8,B,,,1
2023-10,Saskatchewan,2016A000247,Job vacancies,Number,223,units,0,v1481212169,9.1,21435,C,,,0
2023-10,Saskatchewan,2016A000247,Payroll employees,Number,223,units,0,v1481212170,9.2,490925,A,,,0
2023-10,Saskatchewan,2016A000247,Job vacancy rate,Percent,239,units,0,v1481212171,9.3,4.2,C,,,1
2023-10,Alberta,2016A000248,Job vacancies,Number,223,units,0,v1481212172,10.1,83295,A,,,0
2023-10,Alberta,2016A000248,Payroll employees,Number,223,units,0,v1481212173,10.2,2062945,A,,,0
2023-10,Alberta,2016A000248,Job vacancy rate,Percent,239,units,0,v1481212174,10.3,3.9,A,,,1
2023-10,British Columbia,2016A000259,Job vacancies,Number,223,units,0,v1481212175,11.1,118270,A,,,0
2023-10,British Columbia,2016A000259,Payroll employees,Number,223,units,0,v1481212176,11.2,2420530,A,,,0
2023-10,British Columbia,2016A000259,Job vacancy rate,Percent,239,units,0,v1481212177,11.3,4.7,A,,,1
2023-10,Yukon,2016A000260,Job vacancies,Number,223,units,0,v1481212178,12.1,1080,D,,,0
2023-10,Yukon,2016A000260,Payroll employees,Number,223,units,0,v1481212179,12.2,19340,A,,,0
2023-10,Yukon,2016A000260,Job vacancy rate,Percent,239,units,0,v1481212180,12.3,5.3,D,,,1
2023-10,Northwest Territories,2016A000261,Job vacancies,Number,223,units,0,v1481212181,13.1,1140,D,,,0
2023-10,Northwest Territories,2016A000261,Payroll employees,Number,223,units,0,v1481212182,13.2,20760,A,,,0
2023-10,Northwest Territories,2016A000261,Job vacancy rate,Percent,239,units,0,v1481212183,13.3,5.2,D,,,1
2023-10,Nunavut,2016A000262,Job vacancies,Number,223,units,0,v1481212184,14.1,535,E,,,0
2023-10,Nunavut,2016A000262,Payroll employees,Number,223,units,0,v1481212185,14.2,15985,A,,,0
2023-10,Nunavut,2016A000262,Job vacancy rate,Percent,239,units,0,v1481212186,14.3,3.2,E,,,1
2023-11,Canada,2016A000011124,Job vacancies,Number,223,units,0,v1481212145,1.1,672685,A,,,0
2023-11,Canada,2016A000011124,Payroll employees,Number,223,units,0,v1481212146,1.2,17196620,A,,,0
2023-11,Canada,2016A000011124,Job vacancy rate,Percent,239,units,0,v1481212147,1.3,3.8,A,,,1
2023-11,Newfoundland and Labrador,2016A000210,Job vacancies,Number,223,units,0,v1481212148,2.1,5915,C,,,0
2023-11,Newfoundland and Labrador,2016A000210,Payroll employees,Number,223,units,0,v1481212149,2.2,202215,A,,,0
2023-11,Newfoundland and Labrador,2016A000210,Job vacancy rate,Percent,239,units,0,v1481212150,2.3,2.8,C,,,1
2023-11,Prince Edward Island,2016A000211,Job vacancies,Number,223,units,0,v1481212151,3.1,1960,D,,,0
2023-11,Prince Edward Island,2016A000211,Payroll employees,Number,223,units,0,v1481212152,3.2,69925,A,,,0
2023-11,Prince Edward Island,2016A000211,Job vacancy rate,Percent,239,units,0,v1481212153,3.3,2.7,D,,,1
2023-11,Nova Scotia,2016A000212,Job vacancies,Number,223,units,0,v1481212154,4.1,14375,B,,,0
2023-11,Nova Scotia,2016A000212,Payroll employees,Number,223,units,0,v1481212155,4.2,451205,A,,,0
2023-11,Nova Scotia,2016A000212,Job vacancy rate,Percent,239,units,0,v1481212156,4.3,3.1,B,,,1
2023-11,New Brunswick,2016A000213,Job vacancies,Number,223,units,0,v1481212157,5.1,11405,B,,,0
2023-11,New Brunswick,2016A000213,Payroll employees,Number,223,units,0,v1481212158,5.2,316290,A,,,0
2023-11,New Brunswick,2016A000213,Job vacancy rate,Percent,239,units,0,v1481212159,5.3,3.5,B,,,1
2023-11,Quebec,2016A000224,Job vacancies,Number,223,units,0,v1481212160,6.1,154815,B,,,0
2023-11,Quebec,2016A000224,Payroll employees,Number,223,units,0,v1481212161,6.2,3850985,A,,,0
2023-11,Quebec,2016A000224,Job vacancy rate,Percent,239,units,0,v1481212162,6.3,3.9,B,,,1
2023-11,Ontario,2016A000235,Job vacancies,Number,223,units,0,v1481212163,7.1,237385,A,,,0
2023-11,Ontario,2016A000235,Payroll employees,Number,223,units,0,v1481212164,7.2,6674890,A,,,0
2023-11,Ontario,2016A000235,Job vacancy rate,Percent,239,units,0,v1481212165,7.3,3.4,A,,,1
2023-11,Manitoba,2016A000246,Job vacancies,Number,223,units,0,v1481212166,8.1,25410,B,,,0
2023-11,Manitoba,2016A000246,Payroll employees,Number,223,units,0,v1481212167,8.2,609745,A,,,0
2023-11,Manitoba,2016A000246,Job vacancy rate,Percent,239,units,0,v1481212168,8.3,4,B,,,1
2023-11,Saskatchewan,2016A000247,Job vacancies,Number,223,units,0,v1481212169,9.1,24135,B,,,0
2023-11,Saskatchewan,2016A000247,Payroll employees,Number,223,units,0,v1481212170,9.2,493605,A,,,0
2023-11,Saskatchewan,2016A000247,Job vacancy rate,Percent,239,units,0,v1481212171,9.3,4.7,B,,,1
2023-11,Alberta,2016A000248,Job vacancies,Number,223,units,0,v1481212172,10.1,84915,B,,,0
2023-11,Alberta,2016A000248,Payroll employees,Number,223,units,0,v1481212173,10.2,2054350,A,,,0
2023-11,Alberta,2016A000248,Job vacancy rate,Percent,239,units,0,v1481212174,10.3,4,B,,,1
2023-11,British Columbia,2016A000259,Job vacancies,Number,223,units,0,v1481212175,11.1,109245,A,,,0
2023-11,British Columbia,2016A000259,Payroll employees,Number,223,units,0,v1481212176,11.2,2416760,A,,,0
2023-11,British Columbia,2016A000259,Job vacancy rate,Percent,239,units,0,v1481212177,11.3,4.3,A,,,1
2023-11,Yukon,2016A000260,Job vacancies,Number,223,units,0,v1481212178,12.1,1145,D,,,0
2023-11,Yukon,2016A000260,Payroll employees,Number,223,units,0,v1481212179,12.2,19145,A,,,0
2023-11,Yukon,2016A000260,Job vacancy rate,Percent,239,units,0,v1481212180,12.3,5.6,D,,,1
2023-11,Northwest Territories,2016A000261,Job vacancies,Number,223,units,0,v1481212181,13.1,1270,E,,,0
2023-11,Northwest Territories,2016A000261,Payroll employees,Number,223,units,0,v1481212182,13.2,21515,A,,,0
2023-11,Northwest Territories,2016A000261,Job vacancy rate,Percent,239,units,0,v1481212183,13.3,5.6,E,,,1
2023-11,Nunavut,2016A000262,Job vacancies,Number,223,units,0,v1481212184,14.1,710,E,,,0
2023-11,Nunavut,2016A000262,Payroll employees,Number,223,units,0,v1481212185,14.2,15990,A,,,0
2023-11,Nunavut,2016A000262,Job vacancy rate,Percent,239,units,0,v1481212186,14.3,4.2,E,,,1
2023-12,Canada,2016A000011124,Job vacancies,Number,223,units,0,v1481212145,1.1,632215,A,,,0
2023-12,Canada,2016A000011124,Payroll employees,Number,223,units,0,v1481212146,1.2,17129285,A,,,0
2023-12,Canada,2016A000011124,Job vacancy rate,Percent,239,units,0,v1481212147,1.3,3.6,A,,,1
2023-12,Newfoundland and Labrador,2016A000210,Job vacancies,Number,223,units,0,v1481212148,2.1,5815,B,,,0
2023-12,Newfoundland and Labrador,2016A000210,Payroll employees,Number,223,units,0,v1481212149,2.2,192480,A,,,0
2023-12,Newfoundland and Labrador,2016A000210,Job vacancy rate,Percent,239,units,0,v1481212150,2.3,2.9,B,,,1
2023-12,Prince Edward Island,2016A000211,Job vacancies,Number,223,units,0,v1481212151,3.1,2255,D,,,0
2023-12,Prince Edward Island,2016A000211,Payroll employees,Number,223,units,0,v1481212152,3.2,69555,A,,,0
2023-12,Prince Edward Island,2016A000211,Job vacancy rate,Percent,239,units,0,v1481212153,3.3,3.1,D,,,1
2023-12,Nova Scotia,2016A000212,Job vacancies,Number,223,units,0,v1481212154,4.1,15950,B,,,0
2023-12,Nova Scotia,2016A000212,Payroll employees,Number,223,units,0,v1481212155,4.2,444800,A,,,0
2023-12,Nova Scotia,2016A000212,Job vacancy rate,Percent,239,units,0,v1481212156,4.3,3.5,B,,,1
2023-12,New Brunswick,2016A000213,Job vacancies,Number,223,units,0,v1481212157,5.1,10730,C,,,0
2023-12,New Brunswick,2016A000213,Payroll employees,Number,223,units,0,v1481212158,5.2,323515,A,,,0
2023-12,New Brunswick,2016A000213,Job vacancy rate,Percent,239,units,0,v1481212159,5.3,3.2,C,,,1
2023-12,Quebec,2016A000224,Job vacancies,Number,223,units,0,v1481212160,6.1,138970,B,,,0
2023-12,Quebec,2016A000224,Payroll employees,Number,223,units,0,v1481212161,6.2,3802140,A,,,0
2023-12,Quebec,2016A000224,Job vacancy rate,Percent,239,units,0,v1481212162,6.3,3.5,B,,,1
2023-12,Ontario,2016A000235,Job vacancies,Number,223,units,0,v1481212163,7.1,222650,A,,,0
2023-12,Ontario,2016A000235,Payroll employees,Number,223,units,0,v1481212164,7.2,6670495,A,,,0
2023-12,Ontario,2016A000235,Job vacancy rate,Percent,239,units,0,v1481212165,7.3,3.2,A,,,1
2023-12,Manitoba,2016A000246,Job vacancies,Number,223,units,0,v1481212166,8.1,23335,B,,,0
2023-12,Manitoba,2016A000246,Payroll employees,Number,223,units,0,v1481212167,8.2,610995,A,,,0
2023-12,Manitoba,2016A000246,Job vacancy rate,Percent,239,units,0,v1481212168,8.3,3.7,B,,,1
2023-12,Saskatchewan,2016A000247,Job vacancies,Number,223,units,0,v1481212169,9.1,21335,B,,,0
2023-12,Saskatchewan,2016A000247,Payroll employees,Number,223,units,0,v1481212170,9.2,488905,A,,,0
2023-12,Saskatchewan,2016A000247,Job vacancy rate,Percent,239,units,0,v1481212171,9.3,4.2,B,,,1
2023-12,Alberta,2016A000248,Job vacancies,Number,223,units,0,v1481212172,10.1,80470,B,,,0
2023-12,Alberta,2016A000248,Payroll employees,Number,223,units,0,v1481212173,10.2,2049230,A,,,0
2023-12,Alberta,2016A000248,Job vacancy rate,Percent,239,units,0,v1481212174,10.3,3.8,B,,,1
2023-12,British Columbia,2016A000259,Job vacancies,Number,223,units,0,v1481212175,11.1,108510,B,,,0
2023-12,British Columbia,2016A000259,Payroll employees,Number,223,units,0,v1481212176,11.2,2419895,A,,,0
2023-12,British Columbia,2016A000259,Job vacancy rate,Percent,239,units,0,v1481212177,11.3,4.3,B,,,1
2023-12,Yukon,2016A000260,Job vacancies,Number,223,units,0,v1481212178,12.1,790,E,,,0
2023-12,Yukon,2016A000260,Payroll employees,Number,223,units,0,v1481212179,12.2,19210,B,,,0
2023-12,Yukon,2016A000260,Job vacancy rate,Percent,239,units,0,v1481212180,12.3,3.9,E,,,1
2023-12,Northwest Territories,2016A000261,Job vacancies,Number,223,units,0,v1481212181,13.1,785,E,,,0
2023-12,Northwest Territories,2016A000261,Payroll employees,Number,223,units,0,v1481212182,13.2,21890,B,,,0
2023-12,Northwest Territories,2016A000261,Job vacancy rate,Percent,239,units,0,v1481212183,13.3,3.5,E,,,1
2023-12,Nunavut,2016A000262,Job vacancies,Number,223,units,0,v1481212184,14.1,615,D,,,0
2023-12,Nunavut,2016A000262,Payroll employees,Number,223,units,0,v1481212185,14.2,16175,A,,,0
2023-12,Nunavut,2016A000262,Job vacancy rate,Percent,239,units,0,v1481212186,14.3,3.7,D,,,1
2024-01,Canada,2016A000011124,Job vacancies,Number,223,units,0,v1481212145,1.1,656025,A,,,0
2024-01,Canada,2016A000011124,Payroll employees,Number,223,units,0,v1481212146,1.2,17175860,A,,,0
2024-01,Canada,2016A000011124,Job vacancy rate,Percent,239,units,0,v1481212147,1.3,3.7,A,,,1
2024-01,Newfoundland and Labrador,2016A000210,Job vacancies,Number,223,units,0,v1481212148,2.1,9520,C,,,0
2024-01,Newfoundland and Labrador,2016A000210,Payroll employees,Number,223,units,0,v1481212149,2.2,206780,A,,,0
2024-01,Newfoundland and Labrador,2016A000210,Job vacancy rate,Percent,239,units,0,v1481212150,2.3,4.4,B,,,1
2024-01,Prince Edward Island,2016A000211,Job vacancies,Number,223,units,0,v1481212151,3.1,2810,D,,,0
2024-01,Prince Edward Island,2016A000211,Payroll employees,Number,223,units,0,v1481212152,3.2,68995,A,,,0
2024-01,Prince Edward Island,2016A000211,Job vacancy rate,Percent,239,units,0,v1481212153,3.3,3.9,D,,,1
2024-01,Nova Scotia,2016A000212,Job vacancies,Number,223,units,0,v1481212154,4.1,14805,B,,,0
2024-01,Nova Scotia,2016A000212,Payroll employees,Number,223,units,0,v1481212155,4.2,446170,A,,,0
2024-01,Nova Scotia,2016A000212,Job vacancy rate,Percent,239,units,0,v1481212156,4.3,3.2,B,,,1
2024-01,New Brunswick,2016A000213,Job vacancies,Number,223,units,0,v1481212157,5.1,11295,B,,,0
2024-01,New Brunswick,2016A000213,Payroll employees,Number,223,units,0,v1481212158,5.2,317090,A,,,0
2024-01,New Brunswick,2016A000213,Job vacancy rate,Percent,239,units,0,v1481212159,5.3,3.4,B,,,1
2024-01,Quebec,2016A000224,Job vacancies,Number,223,units,0,v1481212160,6.1,158675,A,,,0
2024-01,Quebec,2016A000224,Payroll employees,Number,223,units,0,v1481212161,6.2,3842695,A,,,0
2024-01,Quebec,2016A000224,Job vacancy rate,Percent,239,units,0,v1481212162,6.3,4,A,,,1
2024-01,Ontario,2016A000235,Job vacancies,Number,223,units,0,v1481212163,7.1,223840,A,,,0
2024-01,Ontario,2016A000235,Payroll employees,Number,223,units,0,v1481212164,7.2,6669935,A,,,0
2024-01,Ontario,2016A000235,Job vacancy rate,Percent,239,units,0,v1481212165,7.3,3.2,A,,,1
2024-01,Manitoba,2016A000246,Job vacancies,Number,223,units,0,v1481212166,8.1,23375,B,,,0
2024-01,Manitoba,2016A000246,Payroll employees,Number,223,units,0,v1481212167,8.2,606085,A,,,0
2024-01,Manitoba,2016A000246,Job vacancy rate,Percent,239,units,0,v1481212168,8.3,3.7,B,,,1
2024-01,Saskatchewan,2016A000247,Job vacancies,Number,223,units,0,v1481212169,9.1,19640,B,,,0
2024-01,Saskatchewan,2016A000247,Payroll employees,Number,223,units,0,v1481212170,9.2,487740,A,,,0
2024-01,Saskatchewan,2016A000247,Job vacancy rate,Percent,239,units,0,v1481212171,9.3,3.9,B,,,1
2024-01,Alberta,2016A000248,Job vacancies,Number,223,units,0,v1481212172,10.1,74210,A,,,0
2024-01,Alberta,2016A000248,Payroll employees,Number,223,units,0,v1481212173,10.2,2058575,A,,,0
2024-01,Alberta,2016A000248,Job vacancy rate,Percent,239,units,0,v1481212174,10.3,3.5,A,,,1
2024-01,British Columbia,2016A000259,Job vacancies,Number,223,units,0,v1481212175,11.1,113850,B,,,0
2024-01,British Columbia,2016A000259,Payroll employees,Number,223,units,0,v1481212176,11.2,2414655,A,,,0
2024-01,British Columbia,2016A000259,Job vacancy rate,Percent,239,units,0,v1481212177,11.3,4.5,B,,,1
2024-01,Yukon,2016A000260,Job vacancies,Number,223,units,0,v1481212178,12.1,860,D,,,0
2024-01,Yukon,2016A000260,Payroll employees,Number,223,units,0,v1481212179,12.2,19290,A,,,0
2024-01,Yukon,2016A000260,Job vacancy rate,Percent,239,units,0,v1481212180,12.3,4.3,D,,,1
2024-01,Northwest Territories,2016A000261,Job vacancies,Number,223,units,0,v1481212181,13.1,2210,E,,,0
2024-01,Northwest Territories,2016A000261,Payroll employees,Number,223,units,0,v1481212182,13.2,21785,A,,,0
2024-01,Northwest Territories,2016A000261,Job vacancy rate,Percent,239,units,0,v1481212183,13.3,9.2,D,,,1
2024-01,Nunavut,2016A000262,Job vacancies,Number,223,units,0,v1481212184,14.1,935,E,,,0
2024-01,Nunavut,2016A000262,Payroll employees,Number,223,units,0,v1481212185,14.2,16065,A,,,0
2024-01,Nunavut,2016A000262,Job vacancy rate,Percent,239,units,0,v1481212186,14.3,5.5,E,,,1
2024-02,Canada,2016A000011124,Job vacancies,Number,223,units,0,v1481212145,1.1,650790,A,,,0
2024-02,Canada,2016A000011124,Payroll employees,Number,223,units,0,v1481212146,1.2,17217405,A,,,0
2024-02,Canada,2016A000011124,Job vacancy rate,Percent,239,units,0,v1481212147,1.3,3.6,A,,,1
2024-02,Newfoundland and Labrador,2016A000210,Job vacancies,Number,223,units,0,v1481212148,2.1,5775,C,,,0
2024-02,Newfoundland and Labrador,2016A000210,Payroll employees,Number,223,units,0,v1481212149,2.2,207195,A,,,0
2024-02,Newfoundland and Labrador,2016A000210,Job vacancy rate,Percent,239,units,0,v1481212150,2.3,2.7,C,,,1
2024-02,Prince Edward Island,2016A000211,Job vacancies,Number,223,units,0,v1481212151,3.1,2175,D,,,0
2024-02,Prince Edward Island,2016A000211,Payroll employees,Number,223,units,0,v1481212152,3.2,69740,A,,,0
2024-02,Prince Edward Island,2016A000211,Job vacancy rate,Percent,239,units,0,v1481212153,3.3,3,D,,,1
2024-02,Nova Scotia,2016A000212,Job vacancies,Number,223,units,0,v1481212154,4.1,16365,B,,,0
2024-02,Nova Scotia,2016A000212,Payroll employees,Number,223,units,0,v1481212155,4.2,436495,A,,,0
2024-02,Nova Scotia,2016A000212,Job vacancy rate,Percent,239,units,0,v1481212156,4.3,3.6,B,,,1
2024-02,New Brunswick,2016A000213,Job vacancies,Number,223,units,0,v1481212157,5.1,10565,B,,,0
2024-02,New Brunswick,2016A000213,Payroll employees,Number,223,units,0,v1481212158,5.2,323285,A,,,0
2024-02,New Brunswick,2016A000213,Job vacancy rate,Percent,239,units,0,v1481212159,5.3,3.2,B,,,1
2024-02,Quebec,2016A000224,Job vacancies,Number,223,units,0,v1481212160,6.1,150320,A,,,0
2024-02,Quebec,2016A000224,Payroll employees,Number,223,units,0,v1481212161,6.2,3851410,A,,,0
2024-02,Quebec,2016A000224,Job vacancy rate,Percent,239,units,0,v1481212162,6.3,3.8,A,,,1
2024-02,Ontario,2016A000235,Job vacancies,Number,223,units,0,v1481212163,7.1,227400,A,,,0
2024-02,Ontario,2016A000235,Payroll employees,Number,223,units,0,v1481212164,7.2,6690825,A,,,0
2024-02,Ontario,2016A000235,Job vacancy rate,Percent,239,units,0,v1481212165,7.3,3.3,A,,,1
2024-02,Manitoba,2016A000246,Job vacancies,Number,223,units,0,v1481212166,8.1,20585,B,,,0
2024-02,Manitoba,2016A000246,Payroll employees,Number,223,units,0,v1481212167,8.2,608800,A,,,0
2024-02,Manitoba,2016A000246,Job vacancy rate,Percent,239,units,0,v1481212168,8.3,3.3,B,,,1
2024-02,Saskatchewan,2016A000247,Job vacancies,Number,223,units,0,v1481212169,9.1,22340,B,,,0
2024-02,Saskatchewan,2016A000247,Payroll employees,Number,223,units,0,v1481212170,9.2,490630,A,,,0
2024-02,Saskatchewan,2016A000247,Job vacancy rate,Percent,239,units,0,v1481212171,9.3,4.4,B,,,1
2024-02,Alberta,2016A000248,Job vacancies,Number,223,units,0,v1481212172,10.1,83910,B,,,0
2024-02,Alberta,2016A000248,Payroll employees,Number,223,units,0,v1481212173,10.2,2063010,A,,,0
2024-02,Alberta,2016A000248,Job vacancy rate,Percent,239,units,0,v1481212174,10.3,3.9,B,,,1
2024-02,British Columbia,2016A000259,Job vacancies,Number,223,units,0,v1481212175,11.1,108685,B,,,0
2024-02,British Columbia,2016A000259,Payroll employees,Number,223,units,0,v1481212176,11.2,2418670,A,,,0
2024-02,British Columbia,2016A000259,Job vacancy rate,Percent,239,units,0,v1481212177,11.3,4.3,B,,,1
2024-02,Yukon,2016A000260,Job vacancies,Number,223,units,0,v1481212178,12.1,1055,D,,,0
2024-02,Yukon,2016A000260,Payroll employees,Number,223,units,0,v1481212179,12.2,19415,A,,,0
2024-02,Yukon,2016A000260,Job vacancy rate,Percent,239,units,0,v1481212180,12.3,5.2,D,,,1
2024-02,Northwest Territories,2016A000261,Job vacancies,Number,223,units,0,v1481212181,13.1,1125,E,,,0
2024-02,Northwest Territories,2016A000261,Payroll employees,Number,223,units,0,v1481212182,13.2,21870,A,,,0
2024-02,Northwest Territories,2016A000261,Job vacancy rate,Percent,239,units,0,v1481212183,13.3,4.9,E,,,1
2024-02,Nunavut,2016A000262,Job vacancies,Number,223,units,0,v1481212184,14.1,485,E,,,0
2024-02,Nunavut,2016A000262,Payroll employees,Number,223,units,0,v1481212185,14.2,16050,A,,,0
2024-02,Nunavut,2016A000262,Job vacancy rate,Percent,239,units,0,v1481212186,14.3,2.9,E,,,1
2024-03,Canada,2016A000011124,Job vacancies,Number,223,units,0,v1481212145,1.1,598770,A,,,0
2024-03,Canada,2016A000011124,Payroll employees,Number,223,units,0,v1481212146,1.2,17234535,A,,,0
2024-03,Canada,2016A000011124,Job vacancy rate,Percent,239,units,0,v1481212147,1.3,3.4,A,,,1
2024-03,Newfoundland and Labrador,2016A000210,Job vacancies,Number,223,units,0,v1481212148,2.1,4260,C,,,0
2024-03,Newfoundland and Labrador,2016A000210,Payroll employees,Number,223,units,0,v1481212149,2.2,194585,A,,,0
2024-03,Newfoundland and Labrador,2016A000210,Job vacancy rate,Percent,239,units,0,v1481212150,2.3,2.1,C,,,1
2024-03,Prince Edward Island,2016A000211,Job vacancies,Number,223,units,0,v1481212151,3.1,2745,C,,,0
2024-03,Prince Edward Island,2016A000211,Payroll employees,Number,223,units,0,v1481212152,3.2,70065,A,,,0
2024-03,Prince Edward Island,2016A000211,Job vacancy rate,Percent,239,units,0,v1481212153,3.3,3.8,C,,,1
2024-03,Nova Scotia,2016A000212,Job vacancies,Number,223,units,0,v1481212154,4.1,15325,B,,,0
2024-03,Nova Scotia,2016A000212,Payroll employees,Number,223,units,0,v1481212155,4.2,444935,A,,,0
2024-03,Nova Scotia,2016A000212,Job vacancy rate,Percent,239,units,0,v1481212156,4.3,3.3,B,,,1
2024-03,New Brunswick,2016A000213,Job vacancies,Number,223,units,0,v1481212157,5.1,10215,C,,,0
2024-03,New Brunswick,2016A000213,Payroll employees,Number,223,units,0,v1481212158,5.2,323795,A,,,0
2024-03,New Brunswick,2016A000213,Job vacancy rate,Percent,239,units,0,v1481212159,5.3,3.1,C,,,1
2024-03,Quebec,2016A000224,Job vacancies,Number,223,units,0,v1481212160,6.1,137600,A,,,0
2024-03,Quebec,2016A000224,Payroll employees,Number,223,units,0,v1481212161,6.2,3865245,A,,,0
2024-03,Quebec,2016A000224,Job vacancy rate,Percent,239,units,0,v1481212162,6.3,3.4,A,,,1
2024-03,Ontario,2016A000235,Job vacancies,Number,223,units,0,v1481212163,7.1,211370,A,,,0
2024-03,Ontario,2016A000235,Payroll employees,Number,223,units,0,v1481212164,7.2,6697715,A,,,0
2024-03,Ontario,2016A000235,Job vacancy rate,Percent,239,units,0,v1481212165,7.3,3.1,A,,,1
2024-03,Manitoba,2016A000246,Job vacancies,Number,223,units,0,v1481212166,8.1,22990,B,,,0
2024-03,Manitoba,2016A000246,Payroll employees,Number,223,units,0,v1481212167,8.2,612060,A,,,0
2024-03,Manitoba,2016A000246,Job vacancy rate,Percent,239,units,0,v1481212168,8.3,3.6,B,,,1
2024-03,Saskatchewan,2016A000247,Job vacancies,Number,223,units,0,v1481212169,9.1,19945,B,,,0
2024-03,Saskatchewan,2016A000247,Payroll employees,Number,223,units,0,v1481212170,9.2,487850,A,,,0
2024-03,Saskatchewan,2016A000247,Job vacancy rate,Percent,239,units,0,v1481212171,9.3,3.9,B,,,1
2024-03,Alberta,2016A000248,Job vacancies,Number,223,units,0,v1481212172,10.1,76105,B,,,0
2024-03,Alberta,2016A000248,Payroll employees,Number,223,units,0,v1481212173,10.2,2066465,A,,,0
2024-03,Alberta,2016A000248,Job vacancy rate,Percent,239,units,0,v1481212174,10.3,3.6,A,,,1
2024-03,British Columbia,2016A000259,Job vacancies,Number,223,units,0,v1481212175,11.1,95465,A,,,0
2024-03,British Columbia,2016A000259,Payroll employees,Number,223,units,0,v1481212176,11.2,2413845,A,,,0
2024-03,British Columbia,2016A000259,Job vacancy rate,Percent,239,units,0,v1481212177,11.3,3.8,A,,,1
2024-03,Yukon,2016A000260,Job vacancies,Number,223,units,0,v1481212178,12.1,1220,D,,,0
2024-03,Yukon,2016A000260,Payroll employees,Number,223,units,0,v1481212179,12.2,19350,A,,,0
2024-03,Yukon,2016A000260,Job vacancy rate,Percent,239,units,0,v1481212180,12.3,5.9,D,,,1
2024-03,Northwest Territories,2016A000261,Job vacancies,Number,223,units,0,v1481212181,13.1,975,D,,,0
2024-03,Northwest Territories,2016A000261,Payroll employees,Number,223,units,0,v1481212182,13.2,22320,A,,,0
2024-03,Northwest Territories,2016A000261,Job vacancy rate,Percent,239,units,0,v1481212183,13.3,4.2,D,,,1
2024-03,Nunavut,2016A000262,Job vacancies,Number,223,units,0,v1481212184,14.1,,F,,,0
2024-03,Nunavut,2016A000262,Payroll employees,Number,223,units,0,v1481212185,14.2,16295,B,,,0
2024-03,Nunavut,2016A000262,Job vacancy rate,Percent,239,units,0,v1481212186,14.3,,F,,,1
2024-04,Canada,2016A000011124,Job vacancies,Number,223,units,0,v1481212145,1.1,592725,A,,,0
2024-04,Canada,2016A000011124,Payroll employees,Number,223,units,0,v1481212146,1.2,17284065,A,,,0
2024-04,Canada,2016A000011124,Job vacancy rate,Percent,239,units,0,v1481212147,1.3,3.3,A,,,1
2024-04,Newfoundland and Labrador,2016A000210,Job vacancies,Number,223,units,0,v1481212148,2.1,5840,C,,,0
2024-04,Newfoundland and Labrador,2016A000210,Payroll employees,Number,223,units,0,v1481212149,2.2,199145,A,,,0
2024-04,Newfoundland and Labrador,2016A000210,Job vacancy rate,Percent,239,units,0,v1481212150,2.3,2.8,B,,,1
2024-04,Prince Edward Island,2016A000211,Job vacancies,Number,223,units,0,v1481212151,3.1,1925,D,,,0
2024-04,Prince Edward Island,2016A000211,Payroll employees,Number,223,units,0,v1481212152,3.2,70020,A,,,0
2024-04,Prince Edward Island,2016A000211,Job vacancy rate,Percent,239,units,0,v1481212153,3.3,2.7,D,,,1
2024-04,Nova Scotia,2016A000212,Job vacancies,Number,223,units,0,v1481212154,4.1,14535,B,,,0
2024-04,Nova Scotia,2016A000212,Payroll employees,Number,223,units,0,v1481212155,4.2,452730,A,,,0
2024-04,Nova Scotia,2016A000212,Job vacancy rate,Percent,239,units,0,v1481212156,4.3,3.1,B,,,1
2024-04,New Brunswick,2016A000213,Job vacancies,Number,223,units,0,v1481212157,5.1,10810,B,,,0
2024-04,New Brunswick,2016A000213,Payroll employees,Number,223,units,0,v1481212158,5.2,315925,A,,,0
2024-04,New Brunswick,2016A000213,Job vacancy rate,Percent,239,units,0,v1481212159,5.3,3.3,B,,,1
2024-04,Quebec,2016A000224,Job vacancies,Number,223,units,0,v1481212160,6.1,138800,A,,,0
2024-04,Quebec,2016A000224,Payroll employees,Number,223,units,0,v1481212161,6.2,3856255,A,,,0
2024-04,Quebec,2016A000224,Job vacancy rate,Percent,239,units,0,v1481212162,6.3,3.5,A,,,1
2024-04,Ontario,2016A000235,Job vacancies,Number,223,units,0,v1481212163,7.1,204160,A,,,0
2024-04,Ontario,2016A000235,Payroll employees,Number,223,units,0,v1481212164,7.2,6716650,A,,,0
2024-04,Ontario,2016A000235,Job vacancy rate,Percent,239,units,0,v1481212165,7.3,2.9,A,,,1
2024-04,Manitoba,2016A000246,Job vacancies,Number,223,units,0,v1481212166,8.1,20960,C,,,0
2024-04,Manitoba,2016A000246,Payroll employees,Number,223,units,0,v1481212167,8.2,604125,A,,,0
2024-04,Manitoba,2016A000246,Job vacancy rate,Percent,239,units,0,v1481212168,8.3,3.4,C,,,1
2024-04,Saskatchewan,2016A000247,Job vacancies,Number,223,units,0,v1481212169,9.1,18795,B,,,0
2024-04,Saskatchewan,2016A000247,Payroll employees,Number,223,units,0,v1481212170,9.2,497610,A,,,0
2024-04,Saskatchewan,2016A000247,Job vacancy rate,Percent,239,units,0,v1481212171,9.3,3.6,B,,,1
2024-04,Alberta,2016A000248,Job vacancies,Number,223,units,0,v1481212172,10.1,69865,A,,,0
2024-04,Alberta,2016A000248,Payroll employees,Number,223,units,0,v1481212173,10.2,2081520,A,,,0
2024-04,Alberta,2016A000248,Job vacancy rate,Percent,239,units,0,v1481212174,10.3,3.2,A,,,1
2024-04,British Columbia,2016A000259,Job vacancies,Number,223,units,0,v1481212175,11.1,103655,A,,,0
2024-04,British Columbia,2016A000259,Payroll employees,Number,223,units,0,v1481212176,11.2,2431420,A,,,0
2024-04,British Columbia,2016A000259,Job vacancy rate,Percent,239,units,0,v1481212177,11.3,4.1,A,,,1
2024-04,Yukon,2016A000260,Job vacancies,Number,223,units,0,v1481212178,12.1,1070,D,,,0
2024-04,Yukon,2016A000260,Payroll employees,Number,223,units,0,v1481212179,12.2,19865,A,,,0
2024-04,Yukon,2016A000260,Job vacancy rate,Percent,239,units,0,v1481212180,12.3,5.1,D,,,1
2024-04,Northwest Territories,2016A000261,Job vacancies,Number,223,units,0,v1481212181,13.1,1810,D,,,0
2024-04,Northwest Territories,2016A000261,Payroll employees,Number,223,units,0,v1481212182,13.2,22575,A,,,0
2024-04,Northwest Territories,2016A000261,Job vacancy rate,Percent,239,units,0,v1481212183,13.3,7.4,D,,,1
2024-04,Nunavut,2016A000262,Job vacancies,Number,223,units,0,v1481212184,14.1,500,E,,,0
2024-04,Nunavut,2016A000262,Payroll employees,Number,223,units,0,v1481212185,14.2,16225,A,,,0
2024-04,Nunavut,2016A000262,Job vacancy rate,Percent,239,units,0,v1481212186,14.3,3,E,,,1
2024-05,Canada,2016A000011124,Job vacancies,Number,223,units,0,v1481212145,1.1,567895,A,,,0
2024-05,Canada,2016A000011124,Payroll employees,Number,223,units,0,v1481212146,1.2,17278465,A,,,0
2024-05,Canada,2016A000011124,Job vacancy rate,Percent,239,units,0,v1481212147,1.3,3.2,A,,,1
2024-05,Newfoundland and Labrador,2016A000210,Job vacancies,Number,223,units,0,v1481212148,2.1,4820,C,,,0
2024-05,Newfoundland and Labrador,2016A000210,Payroll employees,Number,223,units,0,v1481212149,2.2,202135,A,,,0
2024-05,Newfoundland and Labrador,2016A000210,Job vacancy rate,Percent,239,units,0,v1481212150,2.3,2.3,C,,,1
2024-05,Prince Edward Island,2016A000211,Job vacancies,Number,223,units,0,v1481212151,3.1,1720,C,,,0
2024-05,Prince Edward Island,2016A000211,Payroll employees,Number,223,units,0,v1481212152,3.2,70725,A,,,0
2024-05,Prince Edward Island,2016A000211,Job vacancy rate,Percent,239,units,0,v1481212153,3.3,2.4,C,,,1
2024-05,Nova Scotia,2016A000212,Job vacancies,Number,223,units,0,v1481212154,4.1,15660,B,,,0
2024-05,Nova Scotia,2016A000212,Payroll employees,Number,223,units,0,v1481212155,4.2,443690,A,,,0
2024-05,Nova Scotia,2016A000212,Job vacancy rate,Percent,239,units,0,v1481212156,4.3,3.4,B,,,1
2024-05,New Brunswick,2016A000213,Job vacancies,Number,223,units,0,v1481212157,5.1,8630,C,,,0
2024-05,New Brunswick,2016A000213,Payroll employees,Number,223,units,0,v1481212158,5.2,322430,A,,,0
2024-05,New Brunswick,2016A000213,Job vacancy rate,Percent,239,units,0,v1481212159,5.3,2.6,B,,,1
2024-05,Quebec,2016A000224,Job vacancies,Number,223,units,0,v1481212160,6.1,126120,A,,,0
2024-05,Quebec,2016A000224,Payroll employees,Number,223,units,0,v1481212161,6.2,3857610,A,,,0
2024-05,Quebec,2016A000224,Job vacancy rate,Percent,239,units,0,v1481212162,6.3,3.2,A,,,1
2024-05,Ontario,2016A000235,Job vacancies,Number,223,units,0,v1481212163,7.1,194850,A,,,0
2024-05,Ontario,2016A000235,Payroll employees,Number,223,units,0,v1481212164,7.2,6721480,A,,,0
2024-05,Ontario,2016A000235,Job vacancy rate,Percent,239,units,0,v1481212165,7.3,2.8,A,,,1
2024-05,Manitoba,2016A000246,Job vacancies,Number,223,units,0,v1481212166,8.1,20570,B,,,0
2024-05,Manitoba,2016A000246,Payroll employees,Number,223,units,0,v1481212167,8.2,611850,A,,,0
2024-05,Manitoba,2016A000246,Job vacancy rate,Percent,239,units,0,v1481212168,8.3,3.3,B,,,1
2024-05,Saskatchewan,2016A000247,Job vacancies,Number,223,units,0,v1481212169,9.1,21645,C,,,0
2024-05,Saskatchewan,2016A000247,Payroll employees,Number,223,units,0,v1481212170,9.2,492715,A,,,0
2024-05,Saskatchewan,2016A000247,Job vacancy rate,Percent,239,units,0,v1481212171,9.3,4.2,B,,,1
2024-05,Alberta,2016A000248,Job vacancies,Number,223,units,0,v1481212172,10.1,74875,A,,,0
2024-05,Alberta,2016A000248,Payroll employees,Number,223,units,0,v1481212173,10.2,2075190,A,,,0
2024-05,Alberta,2016A000248,Job vacancy rate,Percent,239,units,0,v1481212174,10.3,3.5,A,,,1
2024-05,British Columbia,2016A000259,Job vacancies,Number,223,units,0,v1481212175,11.1,96265,B,,,0
2024-05,British Columbia,2016A000259,Payroll employees,Number,223,units,0,v1481212176,11.2,2421810,A,,,0
2024-05,British Columbia,2016A000259,Job vacancy rate,Percent,239,units,0,v1481212177,11.3,3.8,A,,,1
2024-05,Yukon,2016A000260,Job vacancies,Number,223,units,0,v1481212178,12.1,785,D,,,0
2024-05,Yukon,2016A000260,Payroll employees,Number,223,units,0,v1481212179,12.2,20000,A,,,0
2024-05,Yukon,2016A000260,Job vacancy rate,Percent,239,units,0,v1481212180,12.3,3.8,D,,,1
2024-05,Northwest Territories,2016A000261,Job vacancies,Number,223,units,0,v1481212181,13.1,1310,D,,,0
2024-05,Northwest Territories,2016A000261,Payroll employees,Number,223,units,0,v1481212182,13.2,22505,A,,,0
2024-05,Northwest Territories,2016A000261,Job vacancy rate,Percent,239,units,0,v1481212183,13.3,5.5,D,,,1
2024-05,Nunavut,2016A000262,Job vacancies,Number,223,units,0,v1481212184,14.1,650,E,,,0
2024-05,Nunavut,2016A000262,Payroll employees,Number,223,units,0,v1481212185,14.2,16325,A,,,0
2024-05,Nunavut,2016A000262,Job vacancy rate,Percent,239,units,0,v1481212186,14.3,3.8,D,,,1
2024-06,Canada,2016A000011124,Job vacancies,Number,223,units,0,v1481212145,1.1,551125,A,,,0
2024-06,Canada,2016A000011124,Payroll employees,Number,223,units,0,v1481212146,1.2,17327990,A,,,0
2024-06,Canada,2016A000011124,Job vacancy rate,Percent,239,units,0,v1481212147,1.3,3.1,A,,,1
2024-06,Newfoundland and Labrador,2016A000210,Job vacancies,Number,223,units,0,v1481212148,2.1,5565,C,,,0
2024-06,Newfoundland and Labrador,2016A000210,Payroll employees,Number,223,units,0,v1481212149,2.2,201560,A,,,0
2024-06,Newfoundland and Labrador,2016A000210,Job vacancy rate,Percent,239,units,0,v1481212150,2.3,2.7,C,,,1
2024-06,Prince Edward Island,2016A000211,Job vacancies,Number,223,units,0,v1481212151,3.1,2665,D,,,0
2024-06,Prince Edward Island,2016A000211,Payroll employees,Number,223,units,0,v1481212152,3.2,70640,A,,,0
2024-06,Prince Edward Island,2016A000211,Job vacancy rate,Percent,239,units,0,v1481212153,3.3,3.6,D,,,1
2024-06,Nova Scotia,2016A000212,Job vacancies,Number,223,units,0,v1481212154,4.1,14885,B,,,0
2024-06,Nova Scotia,2016A000212,Payroll employees,Number,223,units,0,v1481212155,4.2,439365,A,,,0
2024-06,Nova Scotia,2016A000212,Job vacancy rate,Percent,239,units,0,v1481212156,4.3,3.3,B,,,1
2024-06,New Brunswick,2016A000213,Job vacancies,Number,223,units,0,v1481212157,5.1,9925,B,,,0
2024-06,New Brunswick,2016A000213,Payroll employees,Number,223,units,0,v1481212158,5.2,342095,A,,,0
2024-06,New Brunswick,2016A000213,Job vacancy rate,Percent,239,units,0,v1481212159,5.3,2.8,B,,,1
2024-06,Quebec,2016A000224,Job vacancies,Number,223,units,0,v1481212160,6.1,117360,A,,,0
2024-06,Quebec,2016A000224,Payroll employees,Number,223,units,0,v1481212161,6.2,3860150,A,,,0
2024-06,Quebec,2016A000224,Job vacancy rate,Percent,239,units,0,v1481212162,6.3,3,A,,,1
2024-06,Ontario,2016A000235,Job vacancies,Number,223,units,0,v1481212163,7.1,195615,A,,,0
2024-06,Ontario,2016A000235,Payroll employees,Number,223,units,0,v1481212164,7.2,6729685,A,,,0
2024-06,Ontario,2016A000235,Job vacancy rate,Percent,239,units,0,v1481212165,7.3,2.8,A,,,1
2024-06,Manitoba,2016A000246,Job vacancies,Number,223,units,0,v1481212166,8.1,23390,C,,,0
2024-06,Manitoba,2016A000246,Payroll employees,Number,223,units,0,v1481212167,8.2,616515,A,,,0
2024-06,Manitoba,2016A000246,Job vacancy rate,Percent,239,units,0,v1481212168,8.3,3.7,C,,,1
2024-06,Saskatchewan,2016A000247,Job vacancies,Number,223,units,0,v1481212169,9.1,17335,B,,,0
2024-06,Saskatchewan,2016A000247,Payroll employees,Number,223,units,0,v1481212170,9.2,496450,A,,,0
2024-06,Saskatchewan,2016A000247,Job vacancy rate,Percent,239,units,0,v1481212171,9.3,3.4,B,,,1
2024-06,Alberta,2016A000248,Job vacancies,Number,223,units,0,v1481212172,10.1,70425,A,,,0
2024-06,Alberta,2016A000248,Payroll employees,Number,223,units,0,v1481212173,10.2,2085220,A,,,0
2024-06,Alberta,2016A000248,Job vacancy rate,Percent,239,units,0,v1481212174,10.3,3.3,A,,,1
2024-06,British Columbia,2016A000259,Job vacancies,Number,223,units,0,v1481212175,11.1,91175,A,,,0
2024-06,British Columbia,2016A000259,Payroll employees,Number,223,units,0,v1481212176,11.2,2425915,A,,,0
2024-06,British Columbia,2016A000259,Job vacancy rate,Percent,239,units,0,v1481212177,11.3,3.6,A,,,1
2024-06,Yukon,2016A000260,Job vacancies,Number,223,units,0,v1481212178,12.1,1080,D,,,0
2024-06,Yukon,2016A000260,Payroll employees,Number,223,units,0,v1481212179,12.2,20390,A,,,0
2024-06,Yukon,2016A000260,Job vacancy rate,Percent,239,units,0,v1481212180,12.3,5,D,,,1
2024-06,Northwest Territories,2016A000261,Job vacancies,Number,223,units,0,v1481212181,13.1,1065,E,,,0
2024-06,Northwest Territories,2016A000261,Payroll employees,Number,223,units,0,v1481212182,13.2,23005,A,,,0
2024-06,Northwest Territories,2016A000261,Job vacancy rate,Percent,239,units,0,v1481212183,13.3,4.4,E,,,1
2024-06,Nunavut,2016A000262,Job vacancies,Number,223,units,0,v1481212184,14.1,,F,,,0
2024-06,Nunavut,2016A000262,Payroll employees,Number,223,units,0,v1481212185,14.2,,F,,,0
2024-06,Nunavut,2016A000262,Job vacancy rate,Percent,239,units,0,v1481212186,14.3,,F,,,1
2024-07,Canada,2016A000011124,Job vacancies,Number,223,units,0,v1481212145,1.1,549300,A,,,0
2024-07,Canada,2016A000011124,Payroll employees,Number,223,units,0,v1481212146,1.2,17273445,A,,,0
2024-07,Canada,2016A000011124,Job vacancy rate,Percent,239,units,0,v1481212147,1.3,3.1,A,,,1
2024-07,Newfoundland and Labrador,2016A000210,Job vacancies,Number,223,units,0,v1481212148,2.1,3930,D,,,0
2024-07,Newfoundland and Labrador,2016A000210,Payroll employees,Number,223,units,0,v1481212149,2.2,191470,A,,,0
2024-07,Newfoundland and Labrador,2016A000210,Job vacancy rate,Percent,239,units,0,v1481212150,2.3,2,D,,,1
2024-07,Prince Edward Island,2016A000211,Job vacancies,Number,223,units,0,v1481212151,3.1,2375,D,,,0
2024-07,Prince Edward Island,2016A000211,Payroll employees,Number,223,units,0,v1481212152,3.2,70340,A,,,0
2024-07,Prince Edward Island,2016A000211,Job vacancy rate,Percent,239,units,0,v1481212153,3.3,3.3,D,,,1
2024-07,Nova Scotia,2016A000212,Job vacancies,Number,223,units,0,v1481212154,4.1,13615,B,,,0
2024-07,Nova Scotia,2016A000212,Payroll employees,Number,223,units,0,v1481212155,4.2,449080,A,,,0
2024-07,Nova Scotia,2016A000212,Job vacancy rate,Percent,239,units,0,v1481212156,4.3,2.9,B,,,1
2024-07,New Brunswick,2016A000213,Job vacancies,Number,223,units,0,v1481212157,5.1,10240,B,,,0
2024-07,New Brunswick,2016A000213,Payroll employees,Number,223,units,0,v1481212158,5.2,325360,A,,,0
2024-07,New Brunswick,2016A000213,Job vacancy rate,Percent,239,units,0,v1481212159,5.3,3.1,B,,,1
2024-07,Quebec,2016A000224,Job vacancies,Number,223,units,0,v1481212160,6.1,120885,A,,,0
2024-07,Quebec,2016A000224,Payroll employees,Number,223,units,0,v1481212161,6.2,3852530,A,,,0
2024-07,Quebec,2016A000224,Job vacancy rate,Percent,239,units,0,v1481212162,6.3,3,A,,,1
2024-07,Ontario,2016A000235,Job vacancies,Number,223,units,0,v1481212163,7.1,192485,B,,,0
2024-07,Ontario,2016A000235,Payroll employees,Number,223,units,0,v1481212164,7.2,6713710,A,,,0
2024-07,Ontario,2016A000235,Job vacancy rate,Percent,239,units,0,v1481212165,7.3,2.8,B,,,1
2024-07,Manitoba,2016A000246,Job vacancies,Number,223,units,0,v1481212166,8.1,21565,B,,,0
2024-07,Manitoba,2016A000246,Payroll employees,Number,223,units,0,v1481212167,8.2,614285,A,,,0
2024-07,Manitoba,2016A000246,Job vacancy rate,Percent,239,units,0,v1481212168,8.3,3.4,B,,,1
2024-07,Saskatchewan,2016A000247,Job vacancies,Number,223,units,0,v1481212169,9.1,17080,B,,,0
2024-07,Saskatchewan,2016A000247,Payroll employees,Number,223,units,0,v1481212170,9.2,492560,A,,,0
2024-07,Saskatchewan,2016A000247,Job vacancy rate,Percent,239,units,0,v1481212171,9.3,3.4,B,,,1
2024-07,Alberta,2016A000248,Job vacancies,Number,223,units,0,v1481212172,10.1,67205,B,,,0
2024-07,Alberta,2016A000248,Payroll employees,Number,223,units,0,v1481212173,10.2,2084335,A,,,0
2024-07,Alberta,2016A000248,Job vacancy rate,Percent,239,units,0,v1481212174,10.3,3.1,B,,,1
2024-07,British Columbia,2016A000259,Job vacancies,Number,223,units,0,v1481212175,11.1,97165,B,,,0
2024-07,British Columbia,2016A000259,Payroll employees,Number,223,units,0,v1481212176,11.2,2420360,A,,,0
2024-07,British Columbia,2016A000259,Job vacancy rate,Percent,239,units,0,v1481212177,11.3,3.9,A,,,1
2024-07,Yukon,2016A000260,Job vacancies,Number,223,units,0,v1481212178,12.1,740,E,,,0
2024-07,Yukon,2016A000260,Payroll employees,Number,223,units,0,v1481212179,12.2,20160,A,,,0
2024-07,Yukon,2016A000260,Job vacancy rate,Percent,239,units,0,v1481212180,12.3,3.5,E,,,1
2024-07,Northwest Territories,2016A000261,Job vacancies,Number,223,units,0,v1481212181,13.1,1305,D,,,0
2024-07,Northwest Territories,2016A000261,Payroll employees,Number,223,units,0,v1481212182,13.2,22160,A,,,0
2024-07,Northwest Territories,2016A000261,Job vacancy rate,Percent,239,units,0,v1481212183,13.3,5.6,D,,,1
2024-07,Nunavut,2016A000262,Job vacancies,Number,223,units,0,v1481212184,14.1,715,E,,,0
2024-07,Nunavut,2016A000262,Payroll employees,Number,223,units,0,v1481212185,14.2,17095,A,,,0
2024-07,Nunavut,2016A000262,Job vacancy rate,Percent,239,units,0,v1481212186,14.3,4,E,,,1
2024-08,Canada,2016A000011124,Job vacancies,Number,223,units,0,v1481212145,1.1,539530,A,,,0
2024-08,Canada,2016A000011124,Payroll employees,Number,223,units,0,v1481212146,1.2,17290450,A,,,0
2024-08,Canada,2016A000011124,Job vacancy rate,Percent,239,units,0,v1481212147,1.3,3,A,,,1
2024-08,Newfoundland and Labrador,2016A000210,Job vacancies,Number,223,units,0,v1481212148,2.1,5510,C,,,0
2024-08,Newfoundland and Labrador,2016A000210,Payroll employees,Number,223,units,0,v1481212149,2.2,202845,A,,,0
2024-08,Newfoundland and Labrador,2016A000210,Job vacancy rate,Percent,239,units,0,v1481212150,2.3,2.6,C,,,1
2024-08,Prince Edward Island,2016A000211,Job vacancies,Number,223,units,0,v1481212151,3.1,2085,C,,,0
2024-08,Prince Edward Island,2016A000211,Payroll employees,Number,223,units,0,v1481212152,3.2,71275,A,,,0
2024-08,Prince Edward Island,2016A000211,Job vacancy rate,Percent,239,units,0,v1481212153,3.3,2.8,C,,,1
2024-08,Nova Scotia,2016A000212,Job vacancies,Number,223,units,0,v1481212154,4.1,13645,B,,,0
2024-08,Nova Scotia,2016A000212,Payroll employees,Number,223,units,0,v1481212155,4.2,449635,A,,,0
2024-08,Nova Scotia,2016A000212,Job vacancy rate,Percent,239,units,0,v1481212156,4.3,2.9,B,,,1
2024-08,New Brunswick,2016A000213,Job vacancies,Number,223,units,0,v1481212157,5.1,8395,B,,,0
2024-08,New Brunswick,2016A000213,Payroll employees,Number,223,units,0,v1481212158,5.2,315830,A,,,0
2024-08,New Brunswick,2016A000213,Job vacancy rate,Percent,239,units,0,v1481212159,5.3,2.6,B,,,1
2024-08,Quebec,2016A000224,Job vacancies,Number,223,units,0,v1481212160,6.1,122720,A,,,0
2024-08,Quebec,2016A000224,Payroll employees,Number,223,units,0,v1481212161,6.2,3863215,A,,,0
2024-08,Quebec,2016A000224,Job vacancy rate,Percent,239,units,0,v1481212162,6.3,3.1,A,,,1
2024-08,Ontario,2016A000235,Job vacancies,Number,223,units,0,v1481212163,7.1,180910,A,,,0
2024-08,Ontario,2016A000235,Payroll employees,Number,223,units,0,v1481212164,7.2,6719970,A,,,0
2024-08,Ontario,2016A000235,Job vacancy rate,Percent,239,units,0,v1481212165,7.3,2.6,A,,,1
2024-08,Manitoba,2016A000246,Job vacancies,Number,223,units,0,v1481212166,8.1,20185,B,,,0
2024-08,Manitoba,2016A000246,Payroll employees,Number,223,units,0,v1481212167,8.2,612745,A,,,0
2024-08,Manitoba,2016A000246,Job vacancy rate,Percent,239,units,0,v1481212168,8.3,3.2,B,,,1
2024-08,Saskatchewan,2016A000247,Job vacancies,Number,223,units,0,v1481212169,9.1,18905,B,,,0
2024-08,Saskatchewan,2016A000247,Payroll employees,Number,223,units,0,v1481212170,9.2,499815,A,,,0
2024-08,Saskatchewan,2016A000247,Job vacancy rate,Percent,239,units,0,v1481212171,9.3,3.6,B,,,1
2024-08,Alberta,2016A000248,Job vacancies,Number,223,units,0,v1481212172,10.1,71300,A,,,0
2024-08,Alberta,2016A000248,Payroll employees,Number,223,units,0,v1481212173,10.2,2078445,A,,,0
2024-08,Alberta,2016A000248,Job vacancy rate,Percent,239,units,0,v1481212174,10.3,3.3,A,,,1
2024-08,British Columbia,2016A000259,Job vacancies,Number,223,units,0,v1481212175,11.1,93600,A,,,0
2024-08,British Columbia,2016A000259,Payroll employees,Number,223,units,0,v1481212176,11.2,2416905,A,,,0
2024-08,British Columbia,2016A000259,Job vacancy rate,Percent,239,units,0,v1481212177,11.3,3.7,A,,,1
2024-08,Yukon,2016A000260,Job vacancies,Number,223,units,0,v1481212178,12.1,670,E,,,0
2024-08,Yukon,2016A000260,Payroll employees,Number,223,units,0,v1481212179,12.2,20155,A,,,0
2024-08,Yukon,2016A000260,Job vacancy rate,Percent,239,units,0,v1481212180,12.3,3.2,D,,,1
2024-08,Northwest Territories,2016A000261,Job vacancies,Number,223,units,0,v1481212181,13.1,1015,D,,,0
2024-08,Northwest Territories,2016A000261,Payroll employees,Number,223,units,0,v1481212182,13.2,22330,A,,,0
2024-08,Northwest Territories,2016A000261,Job vacancy rate,Percent,239,units,0,v1481212183,13.3,4.3,D,,,1
2024-08,Nunavut,2016A000262,Job vacancies,Number,223,units,0,v1481212184,14.1,,F,,,0
2024-08,Nunavut,2016A000262,Payroll employees,Number,223,units,0,v1481212185,14.2,17285,C,,,0
2024-08,Nunavut,2016A000262,Job vacancy rate,Percent,239,units,0,v1481212186,14.3,,F,,,1
2024-09,Canada,2016A000011124,Job vacancies,Number,223,units,0,v1481212145,1.1,535770,A,,,0
2024-09,Canada,2016A000011124,Payroll employees,Number,223,units,0,v1481212146,1.2,17328245,A,,,0
2024-09,Canada,2016A000011124,Job vacancy rate,Percent,239,units,0,v1481212147,1.3,3,A,,,1
2024-09,Newfoundland and Labrador,2016A000210,Job vacancies,Number,223,units,0,v1481212148,2.1,4560,C,,,0
2024-09,Newfoundland and Labrador,2016A000210,Payroll employees,Number,223,units,0,v1481212149,2.2,197330,A,,,0
2024-09,Newfoundland and Labrador,2016A000210,Job vacancy rate,Percent,239,units,0,v1481212150,2.3,2.3,C,,,1
2024-09,Prince Edward Island,2016A000211,Job vacancies,Number,223,units,0,v1481212151,3.1,3040,D,,,0
2024-09,Prince Edward Island,2016A000211,Payroll employees,Number,223,units,0,v1481212152,3.2,71440,A,,,0
2024-09,Prince Edward Island,2016A000211,Job vacancy rate,Percent,239,units,0,v1481212153,3.3,4.1,C,,,1
2024-09,Nova Scotia,2016A000212,Job vacancies,Number,223,units,0,v1481212154,4.1,14090,B,,,0
2024-09,Nova Scotia,2016A000212,Payroll employees,Number,223,units,0,v1481212155,4.2,447595,A,,,0
2024-09,Nova Scotia,2016A000212,Job vacancy rate,Percent,239,units,0,v1481212156,4.3,3.1,B,,,1
2024-09,New Brunswick,2016A000213,Job vacancies,Number,223,units,0,v1481212157,5.1,8515,B,,,0
2024-09,New Brunswick,2016A000213,Payroll employees,Number,223,units,0,v1481212158,5.2,325515,A,,,0
2024-09,New Brunswick,2016A000213,Job vacancy rate,Percent,239,units,0,v1481212159,5.3,2.5,B,,,1
2024-09,Quebec,2016A000224,Job vacancies,Number,223,units,0,v1481212160,6.1,117150,A,,,0
2024-09,Quebec,2016A000224,Payroll employees,Number,223,units,0,v1481212161,6.2,3872025,A,,,0
2024-09,Quebec,2016A000224,Job vacancy rate,Percent,239,units,0,v1481212162,6.3,2.9,A,,,1
2024-09,Ontario,2016A000235,Job vacancies,Number,223,units,0,v1481212163,7.1,181215,A,,,0
2024-09,Ontario,2016A000235,Payroll employees,Number,223,units,0,v1481212164,7.2,6729185,A,,,0
2024-09,Ontario,2016A000235,Job vacancy rate,Percent,239,units,0,v1481212165,7.3,2.6,A,,,1
2024-09,Manitoba,2016A000246,Job vacancies,Number,223,units,0,v1481212166,8.1,19720,B,,,0
2024-09,Manitoba,2016A000246,Payroll employees,Number,223,units,0,v1481212167,8.2,615525,A,,,0
2024-09,Manitoba,2016A000246,Job vacancy rate,Percent,239,units,0,v1481212168,8.3,3.1,B,,,1
2024-09,Saskatchewan,2016A000247,Job vacancies,Number,223,units,0,v1481212169,9.1,17540,B,,,0
2024-09,Saskatchewan,2016A000247,Payroll employees,Number,223,units,0,v1481212170,9.2,497500,A,,,0
2024-09,Saskatchewan,2016A000247,Job vacancy rate,Percent,239,units,0,v1481212171,9.3,3.4,B,,,1
2024-09,Alberta,2016A000248,Job vacancies,Number,223,units,0,v1481212172,10.1,73635,B,,,0
2024-09,Alberta,2016A000248,Payroll employees,Number,223,units,0,v1481212173,10.2,2089625,A,,,0
2024-09,Alberta,2016A000248,Job vacancy rate,Percent,239,units,0,v1481212174,10.3,3.4,B,,,1
2024-09,British Columbia,2016A000259,Job vacancies,Number,223,units,0,v1481212175,11.1,93610,B,,,0
2024-09,British Columbia,2016A000259,Payroll employees,Number,223,units,0,v1481212176,11.2,2422900,A,,,0
2024-09,British Columbia,2016A000259,Job vacancy rate,Percent,239,units,0,v1481212177,11.3,3.7,A,,,1
2024-09,Yukon,2016A000260,Job vacancies,Number,223,units,0,v1481212178,12.1,955,D,,,0
2024-09,Yukon,2016A000260,Payroll employees,Number,223,units,0,v1481212179,12.2,19950,A,,,0
2024-09,Yukon,2016A000260,Job vacancy rate,Percent,239,units,0,v1481212180,12.3,4.6,D,,,1
2024-09,Northwest Territories,2016A000261,Job vacancies,Number,223,units,0,v1481212181,13.1,1160,D,,,0
2024-09,Northwest Territories,2016A000261,Payroll employees,Number,223,units,0,v1481212182,13.2,22390,A,,,0
2024-09,Northwest Territories,2016A000261,Job vacancy rate,Percent,239,units,0,v1481212183,13.3,4.9,D,,,1
2024-09,Nunavut,2016A000262,Job vacancies,Number,223,units,0,v1481212184,14.1,,F,,,0
2024-09,Nunavut,2016A000262,Payroll employees,Number,223,units,0,v1481212185,14.2,17265,A,,,0
2024-09,Nunavut,2016A000262,Job vacancy rate,Percent,239,units,0,v1481212186,14.3,,F,,,1
2024-10,Canada,2016A000011124,Job vacancies,Number,223,units,0,v1481212145,1.1,532230,A,,,0
2024-10,Canada,2016A000011124,Payroll employees,Number,223,units,0,v1481212146,1.2,17303980,A,,,0
2024-10,Canada,2016A000011124,Job vacancy rate,Percent,239,units,0,v1481212147,1.3,3,A,,,1
2024-10,Newfoundland and Labrador,2016A000210,Job vacancies,Number,223,units,0,v1481212148,2.1,4245,C,,,0
2024-10,Newfoundland and Labrador,2016A000210,Payroll employees,Number,223,units,0,v1481212149,2.2,188345,A,,,0
2024-10,Newfoundland and Labrador,2016A000210,Job vacancy rate,Percent,239,units,0,v1481212150,2.3,2.2,C,,,1
2024-10,Prince Edward Island,2016A000211,Job vacancies,Number,223,units,0,v1481212151,3.1,1820,E,,,0
2024-10,Prince Edward Island,2016A000211,Payroll employees,Number,223,units,0,v1481212152,3.2,70930,A,,,0
2024-10,Prince Edward Island,2016A000211,Job vacancy rate,Percent,239,units,0,v1481212153,3.3,2.5,E,,,1
2024-10,Nova Scotia,2016A000212,Job vacancies,Number,223,units,0,v1481212154,4.1,13150,B,,,0
2024-10,Nova Scotia,2016A000212,Payroll employees,Number,223,units,0,v1481212155,4.2,461550,A,,,0
2024-10,Nova Scotia,2016A000212,Job vacancy rate,Percent,239,units,0,v1481212156,4.3,2.8,B,,,1
2024-10,New Brunswick,2016A000213,Job vacancies,Number,223,units,0,v1481212157,5.1,8955,B,,,0
2024-10,New Brunswick,2016A000213,Payroll employees,Number,223,units,0,v1481212158,5.2,323800,A,,,0
2024-10,New Brunswick,2016A000213,Job vacancy rate,Percent,239,units,0,v1481212159,5.3,2.7,B,,,1
2024-10,Quebec,2016A000224,Job vacancies,Number,223,units,0,v1481212160,6.1,126240,A,,,0
2024-10,Quebec,2016A000224,Payroll employees,Number,223,units,0,v1481212161,6.2,3871175,A,,,0
2024-10,Quebec,2016A000224,Job vacancy rate,Percent,239,units,0,v1481212162,6.3,3.2,A,,,1
2024-10,Ontario,2016A000235,Job vacancies,Number,223,units,0,v1481212163,7.1,177290,A,,,0
2024-10,Ontario,2016A000235,Payroll employees,Number,223,units,0,v1481212164,7.2,6711120,A,,,0
2024-10,Ontario,2016A000235,Job vacancy rate,Percent,239,units,0,v1481212165,7.3,2.6,A,,,1
2024-10,Manitoba,2016A000246,Job vacancies,Number,223,units,0,v1481212166,8.1,21895,B,,,0
2024-10,Manitoba,2016A000246,Payroll employees,Number,223,units,0,v1481212167,8.2,614045,A,,,0
2024-10,Manitoba,2016A000246,Job vacancy rate,Percent,239,units,0,v1481212168,8.3,3.4,B,,,1
2024-10,Saskatchewan,2016A000247,Job vacancies,Number,223,units,0,v1481212169,9.1,18470,B,,,0
2024-10,Saskatchewan,2016A000247,Payroll employees,Number,223,units,0,v1481212170,9.2,499465,A,,,0
2024-10,Saskatchewan,2016A000247,Job vacancy rate,Percent,239,units,0,v1481212171,9.3,3.6,B,,,1
2024-10,Alberta,2016A000248,Job vacancies,Number,223,units,0,v1481212172,10.1,65795,A,,,0
2024-10,Alberta,2016A000248,Payroll employees,Number,223,units,0,v1481212173,10.2,2086335,A,,,0
2024-10,Alberta,2016A000248,Job vacancy rate,Percent,239,units,0,v1481212174,10.3,3.1,A,,,1
2024-10,British Columbia,2016A000259,Job vacancies,Number,223,units,0,v1481212175,11.1,92145,A,,,0
2024-10,British Columbia,2016A000259,Payroll employees,Number,223,units,0,v1481212176,11.2,2417750,A,,,0
2024-10,British Columbia,2016A000259,Job vacancy rate,Percent,239,units,0,v1481212177,11.3,3.7,A,,,1
2024-10,Yukon,2016A000260,Job vacancies,Number,223,units,0,v1481212178,12.1,760,D,,,0
2024-10,Yukon,2016A000260,Payroll employees,Number,223,units,0,v1481212179,12.2,19960,A,,,0
2024-10,Yukon,2016A000260,Job vacancy rate,Percent,239,units,0,v1481212180,12.3,3.7,D,,,1
2024-10,Northwest Territories,2016A000261,Job vacancies,Number,223,units,0,v1481212181,13.1,930,D,,,0
2024-10,Northwest Territories,2016A000261,Payroll employees,Number,223,units,0,v1481212182,13.2,22415,A,,,0
2024-10,Northwest Territories,2016A000261,Job vacancy rate,Percent,239,units,0,v1481212183,13.3,4,D,,,1
2024-10,Nunavut,2016A000262,Job vacancies,Number,223,units,0,v1481212184,14.1,540,E,,,0
2024-10,Nunavut,2016A000262,Payroll employees,Number,223,units,0,v1481212185,14.2,17100,A,,,0
2024-10,Nunavut,2016A000262,Job vacancy rate,Percent,239,units,0,v1481212186,14.3,3.1,E,,,1
2024-11,Canada,2016A000011124,Job vacancies,Number,223,units,0,v1481212145,1.1,539315,A,,,0
2024-11,Canada,2016A000011124,Payroll employees,Number,223,units,0,v1481212146,1.2,17322350,A,,,0
2024-11,Canada,2016A000011124,Job vacancy rate,Percent,239,units,0,v1481212147,1.3,3,A,,,1
2024-11,Newfoundland and Labrador,2016A000210,Job vacancies,Number,223,units,0,v1481212148,2.1,5950,C,,,0
2024-11,Newfoundland and Labrador,2016A000210,Payroll employees,Number,223,units,0,v1481212149,2.2,201350,A,,,0
2024-11,Newfoundland and Labrador,2016A000210,Job vacancy rate,Percent,239,units,0,v1481212150,2.3,2.9,C,,,1
2024-11,Prince Edward Island,2016A000211,Job vacancies,Number,223,units,0,v1481212151,3.1,2065,D,,,0
2024-11,Prince Edward Island,2016A000211,Payroll employees,Number,223,units,0,v1481212152,3.2,70955,A,,,0
2024-11,Prince Edward Island,2016A000211,Job vacancy rate,Percent,239,units,0,v1481212153,3.3,2.8,D,,,1
2024-11,Nova Scotia,2016A000212,Job vacancies,Number,223,units,0,v1481212154,4.1,14155,B,,,0
2024-11,Nova Scotia,2016A000212,Payroll employees,Number,223,units,0,v1481212155,4.2,449770,A,,,0
2024-11,Nova Scotia,2016A000212,Job vacancy rate,Percent,239,units,0,v1481212156,4.3,3.1,B,,,1
2024-11,New Brunswick,2016A000213,Job vacancies,Number,223,units,0,v1481212157,5.1,9145,B,,,0
2024-11,New Brunswick,2016A000213,Payroll employees,Number,223,units,0,v1481212158,5.2,321245,A,,,0
2024-11,New Brunswick,2016A000213,Job vacancy rate,Percent,239,units,0,v1481212159,5.3,2.8,B,,,1
2024-11,Quebec,2016A000224,Job vacancies,Number,223,units,0,v1481212160,6.1,124530,A,,,0
2024-11,Quebec,2016A000224,Payroll employees,Number,223,units,0,v1481212161,6.2,3877580,A,,,0
2024-11,Quebec,2016A000224,Job vacancy rate,Percent,239,units,0,v1481212162,6.3,3.1,A,,,1
2024-11,Ontario,2016A000235,Job vacancies,Number,223,units,0,v1481212163,7.1,182945,A,,,0
2024-11,Ontario,2016A000235,Payroll employees,Number,223,units,0,v1481212164,7.2,6712230,A,,,0
2024-11,Ontario,2016A000235,Job vacancy rate,Percent,239,units,0,v1481212165,7.3,2.7,A,,,1
2024-11,Manitoba,2016A000246,Job vacancies,Number,223,units,0,v1481212166,8.1,19300,C,,,0
2024-11,Manitoba,2016A000246,Payroll employees,Number,223,units,0,v1481212167,8.2,613615,A,,,0
2024-11,Manitoba,2016A000246,Job vacancy rate,Percent,239,units,0,v1481212168,8.3,3,C,,,1
2024-11,Saskatchewan,2016A000247,Job vacancies,Number,223,units,0,v1481212169,9.1,16620,C,,,0
2024-11,Saskatchewan,2016A000247,Payroll employees,Number,223,units,0,v1481212170,9.2,499965,A,,,0
2024-11,Saskatchewan,2016A000247,Job vacancy rate,Percent,239,units,0,v1481212171,9.3,3.2,C,,,1
2024-11,Alberta,2016A000248,Job vacancies,Number,223,units,0,v1481212172,10.1,66595,A,,,0
2024-11,Alberta,2016A000248,Payroll employees,Number,223,units,0,v1481212173,10.2,2098285,A,,,0
2024-11,Alberta,2016A000248,Job vacancy rate,Percent,239,units,0,v1481212174,10.3,3.1,A,,,1
2024-11,British Columbia,2016A000259,Job vacancies,Number,223,units,0,v1481212175,11.1,95785,A,,,0
2024-11,British Columbia,2016A000259,Payroll employees,Number,223,units,0,v1481212176,11.2,2417835,A,,,0
2024-11,British Columbia,2016A000259,Job vacancy rate,Percent,239,units,0,v1481212177,11.3,3.8,A,,,1
2024-11,Yukon,2016A000260,Job vacancies,Number,223,units,0,v1481212178,12.1,635,E,,,0
2024-11,Yukon,2016A000260,Payroll employees,Number,223,units,0,v1481212179,12.2,20030,A,,,0
2024-11,Yukon,2016A000260,Job vacancy rate,Percent,239,units,0,v1481212180,12.3,3.1,E,,,1
2024-11,Northwest Territories,2016A000261,Job vacancies,Number,223,units,0,v1481212181,13.1,1015,D,,,0
2024-11,Northwest Territories,2016A000261,Payroll employees,Number,223,units,0,v1481212182,13.2,22445,A,,,0
2024-11,Northwest Territories,2016A000261,Job vacancy rate,Percent,239,units,0,v1481212183,13.3,4.3,D,,,1
2024-11,Nunavut,2016A000262,Job vacancies,Number,223,units,0,v1481212184,14.1,575,D,,,0
2024-11,Nunavut,2016A000262,Payroll employees,Number,223,units,0,v1481212185,14.2,17050,A,,,0
2024-11,Nunavut,2016A000262,Job vacancy rate,Percent,239,units,0,v1481212186,14.3,3.3,D,,,1
2024-12,Canada,2016A000011124,Job vacancies,Number,223,units,0,v1481212145,1.1,535090,A,,,0
2024-12,Canada,2016A000011124,Payroll employees,Number,223,units,0,v1481212146,1.2,17305275,A,,,0
2024-12,Canada,2016A000011124,Job vacancy rate,Percent,239,units,0,v1481212147,1.3,3,A,,,1
2024-12,Newfoundland and Labrador,2016A000210,Job vacancies,Number,223,units,0,v1481212148,2.1,5255,C,,,0
2024-12,Newfoundland and Labrador,2016A000210,Payroll employees,Number,223,units,0,v1481212149,2.2,199080,A,,,0
2024-12,Newfoundland and Labrador,2016A000210,Job vacancy rate,Percent,239,units,0,v1481212150,2.3,2.6,C,,,1
2024-12,Prince Edward Island,2016A000211,Job vacancies,Number,223,units,0,v1481212151,3.1,3010,C,,,0
2024-12,Prince Edward Island,2016A000211,Payroll employees,Number,223,units,0,v1481212152,3.2,70310,A,,,0
2024-12,Prince Edward Island,2016A000211,Job vacancy rate,Percent,239,units,0,v1481212153,3.3,4.1,C,,,1
2024-12,Nova Scotia,2016A000212,Job vacancies,Number,223,units,0,v1481212154,4.1,14675,B,,,0
2024-12,Nova Scotia,2016A000212,Payroll employees,Number,223,units,0,v1481212155,4.2,441295,A,,,0
2024-12,Nova Scotia,2016A000212,Job vacancy rate,Percent,239,units,0,v1481212156,4.3,3.2,B,,,1
2024-12,New Brunswick,2016A000213,Job vacancies,Number,223,units,0,v1481212157,5.1,9230,C,,,0
2024-12,New Brunswick,2016A000213,Payroll employees,Number,223,units,0,v1481212158,5.2,330820,A,,,0
2024-12,New Brunswick,2016A000213,Job vacancy rate,Percent,239,units,0,v1481212159,5.3,2.7,C,,,1
2024-12,Quebec,2016A000224,Job vacancies,Number,223,units,0,v1481212160,6.1,123220,A,,,0
2024-12,Quebec,2016A000224,Payroll employees,Number,223,units,0,v1481212161,6.2,3871340,A,,,0
2024-12,Quebec,2016A000224,Job vacancy rate,Percent,239,units,0,v1481212162,6.3,3.1,A,,,1
2024-12,Ontario,2016A000235,Job vacancies,Number,223,units,0,v1481212163,7.1,178960,A,,,0
2024-12,Ontario,2016A000235,Payroll employees,Number,223,units,0,v1481212164,7.2,6710095,A,,,0
2024-12,Ontario,2016A000235,Job vacancy rate,Percent,239,units,0,v1481212165,7.3,2.6,A,,,1
2024-12,Manitoba,2016A000246,Job vacancies,Number,223,units,0,v1481212166,8.1,20670,B,,,0
2024-12,Manitoba,2016A000246,Payroll employees,Number,223,units,0,v1481212167,8.2,611910,A,,,0
2024-12,Manitoba,2016A000246,Job vacancy rate,Percent,239,units,0,v1481212168,8.3,3.3,B,,,1
2024-12,Saskatchewan,2016A000247,Job vacancies,Number,223,units,0,v1481212169,9.1,17770,C,,,0
2024-12,Saskatchewan,2016A000247,Payroll employees,Number,223,units,0,v1481212170,9.2,501350,A,,,0
2024-12,Saskatchewan,2016A000247,Job vacancy rate,Percent,239,units,0,v1481212171,9.3,3.4,B,,,1
2024-12,Alberta,2016A000248,Job vacancies,Number,223,units,0,v1481212172,10.1,71400,B,,,0
2024-12,Alberta,2016A000248,Payroll employees,Number,223,units,0,v1481212173,10.2,2095135,A,,,0
2024-12,Alberta,2016A000248,Job vacancy rate,Percent,239,units,0,v1481212174,10.3,3.3,B,,,1
2024-12,British Columbia,2016A000259,Job vacancies,Number,223,units,0,v1481212175,11.1,88030,B,,,0
2024-12,British Columbia,2016A000259,Payroll employees,Number,223,units,0,v1481212176,11.2,2415115,A,,,0
2024-12,British Columbia,2016A000259,Job vacancy rate,Percent,239,units,0,v1481212177,11.3,3.5,B,,,1
2024-12,Yukon,2016A000260,Job vacancies,Number,223,units,0,v1481212178,12.1,,F,,,0
2024-12,Yukon,2016A000260,Payroll employees,Number,223,units,0,v1481212179,12.2,19870,D,,,0
2024-12,Yukon,2016A000260,Job vacancy rate,Percent,239,units,0,v1481212180,12.3,,F,,,1
2024-12,Northwest Territories,2016A000261,Job vacancies,Number,223,units,0,v1481212181,13.1,1110,E,,,0
2024-12,Northwest Territories,2016A000261,Payroll employees,Number,223,units,0,v1481212182,13.2,22230,A,,,0
2024-12,Northwest Territories,2016A000261,Job vacancy rate,Percent,239,units,0,v1481212183,13.3,4.8,D,,,1
2024-12,Nunavut,2016A000262,Job vacancies,Number,223,units,0,v1481212184,14.1,,F,,,0
2024-12,Nunavut,2016A000262,Payroll employees,Number,223,units,0,v1481212185,14.2,16720,A,,,0
2024-12,Nunavut,2016A000262,Job vacancy rate,Percent,239,units,0,v1481212186,14.3,,F,,,1
2025-01,Canada,2016A000011124,Job vacancies,Number,223,units,0,v1481212145,1.1,527440,A,,,0
2025-01,Canada,2016A000011124,Payroll employees,Number,223,units,0,v1481212146,1.2,17357675,A,,,0
2025-01,Canada,2016A000011124,Job vacancy rate,Percent,239,units,0,v1481212147,1.3,2.9,A,,,1
2025-01,Newfoundland and Labrador,2016A000210,Job vacancies,Number,223,units,0,v1481212148,2.1,4730,C,,,0
2025-01,Newfoundland and Labrador,2016A000210,Payroll employees,Number,223,units,0,v1481212149,2.2,182710,A,,,0
2025-01,Newfoundland and Labrador,2016A000210,Job vacancy rate,Percent,239,units,0,v1481212150,2.3,2.5,C,,,1
2025-01,Prince Edward Island,2016A000211,Job vacancies,Number,223,units,0,v1481212151,3.1,2390,E,,,0
2025-01,Prince Edward Island,2016A000211,Payroll employees,Number,223,units,0,v1481212152,3.2,70935,A,,,0
2025-01,Prince Edward Island,2016A000211,Job vacancy rate,Percent,239,units,0,v1481212153,3.3,3.3,E,,,1
2025-01,Nova Scotia,2016A000212,Job vacancies,Number,223,units,0,v1481212154,4.1,13880,B,,,0
2025-01,Nova Scotia,2016A000212,Payroll employees,Number,223,units,0,v1481212155,4.2,457120,A,,,0
2025-01,Nova Scotia,2016A000212,Job vacancy rate,Percent,239,units,0,v1481212156,4.3,2.9,B,,,1
2025-01,New Brunswick,2016A000213,Job vacancies,Number,223,units,0,v1481212157,5.1,8455,C,,,0
2025-01,New Brunswick,2016A000213,Payroll employees,Number,223,units,0,v1481212158,5.2,336320,A,,,0
2025-01,New Brunswick,2016A000213,Job vacancy rate,Percent,239,units,0,v1481212159,5.3,2.5,C,,,1
2025-01,Quebec,2016A000224,Job vacancies,Number,223,units,0,v1481212160,6.1,126745,A,,,0
2025-01,Quebec,2016A000224,Payroll employees,Number,223,units,0,v1481212161,6.2,3890565,A,,,0
2025-01,Quebec,2016A000224,Job vacancy rate,Percent,239,units,0,v1481212162,6.3,3.2,A,,,1
2025-01,Ontario,2016A000235,Job vacancies,Number,223,units,0,v1481212163,7.1,180850,A,,,0
2025-01,Ontario,2016A000235,Payroll employees,Number,223,units,0,v1481212164,7.2,6722470,A,,,0
2025-01,Ontario,2016A000235,Job vacancy rate,Percent,239,units,0,v1481212165,7.3,2.6,A,,,1
2025-01,Manitoba,2016A000246,Job vacancies,Number,223,units,0,v1481212166,8.1,18375,B,,,0
2025-01,Manitoba,2016A000246,Payroll employees,Number,223,units,0,v1481212167,8.2,610600,A,,,0
2025-01,Manitoba,2016A000246,Job vacancy rate,Percent,239,units,0,v1481212168,8.3,2.9,B,,,1
2025-01,Saskatchewan,2016A000247,Job vacancies,Number,223,units,0,v1481212169,9.1,18530,B,,,0
2025-01,Saskatchewan,2016A000247,Payroll employees,Number,223,units,0,v1481212170,9.2,504110,A,,,0
2025-01,Saskatchewan,2016A000247,Job vacancy rate,Percent,239,units,0,v1481212171,9.3,3.5,B,,,1
2025-01,Alberta,2016A000248,Job vacancies,Number,223,units,0,v1481212172,10.1,64115,A,,,0
2025-01,Alberta,2016A000248,Payroll employees,Number,223,units,0,v1481212173,10.2,2101295,A,,,0
2025-01,Alberta,2016A000248,Job vacancy rate,Percent,239,units,0,v1481212174,10.3,3,A,,,1
2025-01,British Columbia,2016A000259,Job vacancies,Number,223,units,0,v1481212175,11.1,87120,A,,,0
2025-01,British Columbia,2016A000259,Payroll employees,Number,223,units,0,v1481212176,11.2,2422425,A,,,0
2025-01,British Columbia,2016A000259,Job vacancy rate,Percent,239,units,0,v1481212177,11.3,3.5,A,,,1
2025-01,Yukon,2016A000260,Job vacancies,Number,223,units,0,v1481212178,12.1,970,D,,,0
2025-01,Yukon,2016A000260,Payroll employees,Number,223,units,0,v1481212179,12.2,19945,A,,,0
2025-01,Yukon,2016A000260,Job vacancy rate,Percent,239,units,0,v1481212180,12.3,4.6,D,,,1
2025-01,Northwest Territories,2016A000261,Job vacancies,Number,223,units,0,v1481212181,13.1,710,D,,,0
2025-01,Northwest Territories,2016A000261,Payroll employees,Number,223,units,0,v1481212182,13.2,22260,A,,,0
2025-01,Northwest Territories,2016A000261,Job vacancy rate,Percent,239,units,0,v1481212183,13.3,3.1,D,,,1
2025-01,Nunavut,2016A000262,Job vacancies,Number,223,units,0,v1481212184,14.1,570,E,,,0
2025-01,Nunavut,2016A000262,Payroll employees,Number,223,units,0,v1481212185,14.2,16910,A,,,0
2025-01,Nunavut,2016A000262,Job vacancy rate,Percent,239,units,0,v1481212186,14.3,3.3,E,,,1
2025-02,Canada,2016A000011124,Job vacancies,Number,223,units,0,v1481212145,1.1,526985,A,,,0
2025-02,Canada,2016A000011124,Payroll employees,Number,223,units,0,v1481212146,1.2,17417445,A,,,0
2025-02,Canada,2016A000011124,Job vacancy rate,Percent,239,units,0,v1481212147,1.3,2.9,A,,,1
2025-02,Newfoundland and Labrador,2016A000210,Job vacancies,Number,223,units,0,v1481212148,2.1,5360,B,,,0
2025-02,Newfoundland and Labrador,2016A000210,Payroll employees,Number,223,units,0,v1481212149,2.2,196465,A,,,0
2025-02,Newfoundland and Labrador,2016A000210,Job vacancy rate,Percent,239,units,0,v1481212150,2.3,2.7,B,,,1
2025-02,Prince Edward Island,2016A000211,Job vacancies,Number,223,units,0,v1481212151,3.1,2290,C,,,0
2025-02,Prince Edward Island,2016A000211,Payroll employees,Number,223,units,0,v1481212152,3.2,70970,A,,,0
2025-02,Prince Edward Island,2016A000211,Job vacancy rate,Percent,239,units,0,v1481212153,3.3,3.1,C,,,1
2025-02,Nova Scotia,2016A000212,Job vacancies,Number,223,units,0,v1481212154,4.1,14080,B,,,0
2025-02,Nova Scotia,2016A000212,Payroll employees,Number,223,units,0,v1481212155,4.2,463475,A,,,0
2025-02,Nova Scotia,2016A000212,Job vacancy rate,Percent,239,units,0,v1481212156,4.3,2.9,B,,,1
2025-02,New Brunswick,2016A000213,Job vacancies,Number,223,units,0,v1481212157,5.1,9410,B,,,0
2025-02,New Brunswick,2016A000213,Payroll employees,Number,223,units,0,v1481212158,5.2,320230,A,,,0
2025-02,New Brunswick,2016A000213,Job vacancy rate,Percent,239,units,0,v1481212159,5.3,2.9,B,,,1
2025-02,Quebec,2016A000224,Job vacancies,Number,223,units,0,v1481212160,6.1,119385,A,,,0
2025-02,Quebec,2016A000224,Payroll employees,Number,223,units,0,v1481212161,6.2,3899045,A,,,0
2025-02,Quebec,2016A000224,Job vacancy rate,Percent,239,units,0,v1481212162,6.3,3,A,,,1
2025-02,Ontario,2016A000235,Job vacancies,Number,223,units,0,v1481212163,7.1,188240,A,,,0
2025-02,Ontario,2016A000235,Payroll employees,Number,223,units,0,v1481212164,7.2,6750545,A,,,0
2025-02,Ontario,2016A000235,Job vacancy rate,Percent,239,units,0,v1481212165,7.3,2.7,A,,,1
2025-02,Manitoba,2016A000246,Job vacancies,Number,223,units,0,v1481212166,8.1,21300,B,,,0
2025-02,Manitoba,2016A000246,Payroll employees,Number,223,units,0,v1481212167,8.2,616810,A,,,0
2025-02,Manitoba,2016A000246,Job vacancy rate,Percent,239,units,0,v1481212168,8.3,3.3,B,,,1
2025-02,Saskatchewan,2016A000247,Job vacancies,Number,223,units,0,v1481212169,9.1,16345,B,,,0
2025-02,Saskatchewan,2016A000247,Payroll employees,Number,223,units,0,v1481212170,9.2,500645,A,,,0
2025-02,Saskatchewan,2016A000247,Job vacancy rate,Percent,239,units,0,v1481212171,9.3,3.2,B,,,1
2025-02,Alberta,2016A000248,Job vacancies,Number,223,units,0,v1481212172,10.1,60920,B,,,0
2025-02,Alberta,2016A000248,Payroll employees,Number,223,units,0,v1481212173,10.2,2111645,A,,,0
2025-02,Alberta,2016A000248,Job vacancy rate,Percent,239,units,0,v1481212174,10.3,2.8,B,,,1
2025-02,British Columbia,2016A000259,Job vacancies,Number,223,units,0,v1481212175,11.1,86910,A,,,0
2025-02,British Columbia,2016A000259,Payroll employees,Number,223,units,0,v1481212176,11.2,2428375,A,,,0
2025-02,British Columbia,2016A000259,Job vacancy rate,Percent,239,units,0,v1481212177,11.3,3.5,A,,,1
2025-02,Yukon,2016A000260,Job vacancies,Number,223,units,0,v1481212178,12.1,760,E,,,0
2025-02,Yukon,2016A000260,Payroll employees,Number,223,units,0,v1481212179,12.2,19825,A,,,0
2025-02,Yukon,2016A000260,Job vacancy rate,Percent,239,units,0,v1481212180,12.3,3.7,E,,,1
2025-02,Northwest Territories,2016A000261,Job vacancies,Number,223,units,0,v1481212181,13.1,1155,D,,,0
2025-02,Northwest Territories,2016A000261,Payroll employees,Number,223,units,0,v1481212182,13.2,22285,A,,,0
2025-02,Northwest Territories,2016A000261,Job vacancy rate,Percent,239,units,0,v1481212183,13.3,4.9,D,,,1
2025-02,Nunavut,2016A000262,Job vacancies,Number,223,units,0,v1481212184,14.1,825,D,,,0
2025-02,Nunavut,2016A000262,Payroll employees,Number,223,units,0,v1481212185,14.2,17130,A,,,0
2025-02,Nunavut,2016A000262,Job vacancy rate,Percent,239,units,0,v1481212186,14.3,4.6,D,,,1
2025-03,Canada,2016A000011124,Job vacancies,Number,223,units,0,v1481212145,1.1,517970,A,,,0
2025-03,Canada,2016A000011124,Payroll employees,Number,223,units,0,v1481212146,1.2,17361230,A,,,0
2025-03,Canada,2016A000011124,Job vacancy rate,Percent,239,units,0,v1481212147,1.3,2.9,A,,,1
2025-03,Newfoundland and Labrador,2016A000210,Job vacancies,Number,223,units,0,v1481212148,2.1,5725,C,,,0
2025-03,Newfoundland and Labrador,2016A000210,Payroll employees,Number,223,units,0,v1481212149,2.2,204460,A,,,0
2025-03,Newfoundland and Labrador,2016A000210,Job vacancy rate,Percent,239,units,0,v1481212150,2.3,2.7,C,,,1
2025-03,Prince Edward Island,2016A000211,Job vacancies,Number,223,units,0,v1481212151,3.1,2130,C,,,0
2025-03,Prince Edward Island,2016A000211,Payroll employees,Number,223,units,0,v1481212152,3.2,70090,A,,,0
2025-03,Prince Edward Island,2016A000211,Job vacancy rate,Percent,239,units,0,v1481212153,3.3,3,C,,,1
2025-03,Nova Scotia,2016A000212,Job vacancies,Number,223,units,0,v1481212154,4.1,12930,B,,,0
2025-03,Nova Scotia,2016A000212,Payroll employees,Number,223,units,0,v1481212155,4.2,438190,A,,,0
2025-03,Nova Scotia,2016A000212,Job vacancy rate,Percent,239,units,0,v1481212156,4.3,2.9,B,,,1
2025-03,New Brunswick,2016A000213,Job vacancies,Number,223,units,0,v1481212157,5.1,9565,B,,,0
2025-03,New Brunswick,2016A000213,Payroll employees,Number,223,units,0,v1481212158,5.2,331600,A,,,0
2025-03,New Brunswick,2016A000213,Job vacancy rate,Percent,239,units,0,v1481212159,5.3,2.8,B,,,1
2025-03,Quebec,2016A000224,Job vacancies,Number,223,units,0,v1481212160,6.1,117530,A,,,0
2025-03,Quebec,2016A000224,Payroll employees,Number,223,units,0,v1481212161,6.2,3889240,A,,,0
2025-03,Quebec,2016A000224,Job vacancy rate,Percent,239,units,0,v1481212162,6.3,2.9,A,,,1
2025-03,Ontario,2016A000235,Job vacancies,Number,223,units,0,v1481212163,7.1,180435,A,,,0
2025-03,Ontario,2016A000235,Payroll employees,Number,223,units,0,v1481212164,7.2,6726535,A,,,0
2025-03,Ontario,2016A000235,Job vacancy rate,Percent,239,units,0,v1481212165,7.3,2.6,A,,,1
2025-03,Manitoba,2016A000246,Job vacancies,Number,223,units,0,v1481212166,8.1,18315,B,,,0
2025-03,Manitoba,2016A000246,Payroll employees,Number,223,units,0,v1481212167,8.2,614055,A,,,0
2025-03,Manitoba,2016A000246,Job vacancy rate,Percent,239,units,0,v1481212168,8.3,2.9,B,,,1
2025-03,Saskatchewan,2016A000247,Job vacancies,Number,223,units,0,v1481212169,9.1,15410,B,,,0
2025-03,Saskatchewan,2016A000247,Payroll employees,Number,223,units,0,v1481212170,9.2,501495,A,,,0
2025-03,Saskatchewan,2016A000247,Job vacancy rate,Percent,239,units,0,v1481212171,9.3,3,B,,,1
2025-03,Alberta,2016A000248,Job vacancies,Number,223,units,0,v1481212172,10.1,68235,B,,,0
2025-03,Alberta,2016A000248,Payroll employees,Number,223,units,0,v1481212173,10.2,2103585,A,,,0
2025-03,Alberta,2016A000248,Job vacancy rate,Percent,239,units,0,v1481212174,10.3,3.1,A,,,1
2025-03,British Columbia,2016A000259,Job vacancies,Number,223,units,0,v1481212175,11.1,85760,A,,,0
2025-03,British Columbia,2016A000259,Payroll employees,Number,223,units,0,v1481212176,11.2,2422835,A,,,0
2025-03,British Columbia,2016A000259,Job vacancy rate,Percent,239,units,0,v1481212177,11.3,3.4,A,,,1
2025-03,Yukon,2016A000260,Job vacancies,Number,223,units,0,v1481212178,12.1,675,E,,,0
2025-03,Yukon,2016A000260,Payroll employees,Number,223,units,0,v1481212179,12.2,19875,B,,,0
2025-03,Yukon,2016A000260,Job vacancy rate,Percent,239,units,0,v1481212180,12.3,3.3,E,,,1
2025-03,Northwest Territories,2016A000261,Job vacancies,Number,223,units,0,v1481212181,13.1,830,D,,,0
2025-03,Northwest Territories,2016A000261,Payroll employees,Number,223,units,0,v1481212182,13.2,21930,A,,,0
2025-03,Northwest Territories,2016A000261,Job vacancy rate,Percent,239,units,0,v1481212183,13.3,3.6,D,,,1
2025-03,Nunavut,2016A000262,Job vacancies,Number,223,units,0,v1481212184,14.1,,F,,,0
2025-03,Nunavut,2016A000262,Payroll employees,Number,223,units,0,v1481212185,14.2,17335,A,,,0
2025-03,Nunavut,2016A000262,Job vacancy rate,Percent,239,units,0,v1481212186,14.3,,F,,,1
2025-04,Canada,2016A000011124,Job vacancies,Number,223,units,0,v1481212145,1.1,508115,A,,,0
2025-04,Canada,2016A000011124,Payroll employees,Number,223,units,0,v1481212146,1.2,17323640,A,,,0
2025-04,Canada,2016A000011124,Job vacancy rate,Percent,239,units,0,v1481212147,1.3,2.8,A,,,1
2025-04,Newfoundland and Labrador,2016A000210,Job vacancies,Number,223,units,0,v1481212148,2.1,3760,D,,,0
2025-04,Newfoundland and Labrador,2016A000210,Payroll employees,Number,223,units,0,v1481212149,2.2,191720,A,,,0
2025-04,Newfoundland and Labrador,2016A000210,Job vacancy rate,Percent,239,units,0,v1481212150,2.3,1.9,D,,,1
2025-04,Prince Edward Island,2016A000211,Job vacancies,Number,223,units,0,v1481212151,3.1,1690,D,,,0
2025-04,Prince Edward Island,2016A000211,Payroll employees,Number,223,units,0,v1481212152,3.2,70305,A,,,0
2025-04,Prince Edward Island,2016A000211,Job vacancy rate,Percent,239,units,0,v1481212153,3.3,2.3,D,,,1
2025-04,Nova Scotia,2016A000212,Job vacancies,Number,223,units,0,v1481212154,4.1,13505,B,,,0
2025-04,Nova Scotia,2016A000212,Payroll employees,Number,223,units,0,v1481212155,4.2,448575,A,,,0
2025-04,Nova Scotia,2016A000212,Job vacancy rate,Percent,239,units,0,v1481212156,4.3,2.9,B,,,1
2025-04,New Brunswick,2016A000213,Job vacancies,Number,223,units,0,v1481212157,5.1,8175,C,,,0
2025-04,New Brunswick,2016A000213,Payroll employees,Number,223,units,0,v1481212158,5.2,337305,A,,,0
2025-04,New Brunswick,2016A000213,Job vacancy rate,Percent,239,units,0,v1481212159,5.3,2.4,C,,,1
2025-04,Quebec,2016A000224,Job vacancies,Number,223,units,0,v1481212160,6.1,118495,A,,,0
2025-04,Quebec,2016A000224,Payroll employees,Number,223,units,0,v1481212161,6.2,3876030,A,,,0
2025-04,Quebec,2016A000224,Job vacancy rate,Percent,239,units,0,v1481212162,6.3,3,A,,,1
2025-04,Ontario,2016A000235,Job vacancies,Number,223,units,0,v1481212163,7.1,178260,A,,,0
2025-04,Ontario,2016A000235,Payroll employees,Number,223,units,0,v1481212164,7.2,6706785,A,,,0
2025-04,Ontario,2016A000235,Job vacancy rate,Percent,239,units,0,v1481212165,7.3,2.6,A,,,1
2025-04,Manitoba,2016A000246,Job vacancies,Number,223,units,0,v1481212166,8.1,20370,B,,,0
2025-04,Manitoba,2016A000246,Payroll employees,Number,223,units,0,v1481212167,8.2,611170,A,,,0
2025-04,Manitoba,2016A000246,Job vacancy rate,Percent,239,units,0,v1481212168,8.3,3.2,B,,,1
2025-04,Saskatchewan,2016A000247,Job vacancies,Number,223,units,0,v1481212169,9.1,16730,B,,,0
2025-04,Saskatchewan,2016A000247,Payroll employees,Number,223,units,0,v1481212170,9.2,501840,A,,,0
2025-04,Saskatchewan,2016A000247,Job vacancy rate,Percent,239,units,0,v1481212171,9.3,3.2,B,,,1
2025-04,Alberta,2016A000248,Job vacancies,Number,223,units,0,v1481212172,10.1,62865,A,,,0
2025-04,Alberta,2016A000248,Payroll employees,Number,223,units,0,v1481212173,10.2,2098610,A,,,0
2025-04,Alberta,2016A000248,Job vacancy rate,Percent,239,units,0,v1481212174,10.3,2.9,A,,,1
2025-04,British Columbia,2016A000259,Job vacancies,Number,223,units,0,v1481212175,11.1,82155,A,,,0
2025-04,British Columbia,2016A000259,Payroll employees,Number,223,units,0,v1481212176,11.2,2422630,A,,,0
2025-04,British Columbia,2016A000259,Job vacancy rate,Percent,239,units,0,v1481212177,11.3,3.3,A,,,1
2025-04,Yukon,2016A000260,Job vacancies,Number,223,units,0,v1481212178,12.1,830,E,,,0
2025-04,Yukon,2016A000260,Payroll employees,Number,223,units,0,v1481212179,12.2,19680,A,,,0
2025-04,Yukon,2016A000260,Job vacancy rate,Percent,239,units,0,v1481212180,12.3,4,E,,,1
2025-04,Northwest Territories,2016A000261,Job vacancies,Number,223,units,0,v1481212181,13.1,730,D,,,0
2025-04,Northwest Territories,2016A000261,Payroll employees,Number,223,units,0,v1481212182,13.2,21870,A,,,0
2025-04,Northwest Territories,2016A000261,Job vacancy rate,Percent,239,units,0,v1481212183,13.3,3.2,D,,,1
2025-04,Nunavut,2016A000262,Job vacancies,Number,223,units,0,v1481212184,14.1,560,D,,,0
2025-04,Nunavut,2016A000262,Payroll employees,Number,223,units,0,v1481212185,14.2,17120,A,,,0
2025-04,Nunavut,2016A000262,Job vacancy rate,Percent,239,units,0,v1481212186,14.3,3.2,D,,,1
2025-05,Canada,2016A000011124,Job vacancies,Number,223,units,0,v1481212145,1.1,494635,A,,,0
2025-05,Canada,2016A000011124,Payroll employees,Number,223,units,0,v1481212146,1.2,17332040,A,,,0
2025-05,Canada,2016A000011124,Job vacancy rate,Percent,239,units,0,v1481212147,1.3,2.8,A,,,1
2025-05,Newfoundland and Labrador,2016A000210,Job vacancies,Number,223,units,0,v1481212148,2.1,4530,C,,,0
2025-05,Newfoundland and Labrador,2016A000210,Payroll employees,Number,223,units,0,v1481212149,2.2,193780,A,,,0
2025-05,Newfoundland and Labrador,2016A000210,Job vacancy rate,Percent,239,units,0,v1481212150,2.3,2.3,C,,,1
2025-05,Prince Edward Island,2016A000211,Job vacancies,Number,223,units,0,v1481212151,3.1,1700,D,,,0
2025-05,Prince Edward Island,2016A000211,Payroll employees,Number,223,units,0,v1481212152,3.2,70625,A,,,0
2025-05,Prince Edward Island,2016A000211,Job vacancy rate,Percent,239,units,0,v1481212153,3.3,2.4,D,,,1
2025-05,Nova Scotia,2016A000212,Job vacancies,Number,223,units,0,v1481212154,4.1,14460,B,,,0
2025-05,Nova Scotia,2016A000212,Payroll employees,Number,223,units,0,v1481212155,4.2,459620,A,,,0
2025-05,Nova Scotia,2016A000212,Job vacancy rate,Percent,239,units,0,v1481212156,4.3,3.1,B,,,1
2025-05,New Brunswick,2016A000213,Job vacancies,Number,223,units,0,v1481212157,5.1,8945,B,,,0
2025-05,New Brunswick,2016A000213,Payroll employees,Number,223,units,0,v1481212158,5.2,321630,A,,,0
2025-05,New Brunswick,2016A000213,Job vacancy rate,Percent,239,units,0,v1481212159,5.3,2.7,B,,,1
2025-05,Quebec,2016A000224,Job vacancies,Number,223,units,0,v1481212160,6.1,108620,B,,,0
2025-05,Quebec,2016A000224,Payroll employees,Number,223,units,0,v1481212161,6.2,3874335,A,,,0
2025-05,Quebec,2016A000224,Job vacancy rate,Percent,239,units,0,v1481212162,6.3,2.7,B,,,1
2025-05,Ontario,2016A000235,Job vacancies,Number,223,units,0,v1481212163,7.1,176160,A,,,0
2025-05,Ontario,2016A000235,Payroll employees,Number,223,units,0,v1481212164,7.2,6707340,A,,,0
2025-05,Ontario,2016A000235,Job vacancy rate,Percent,239,units,0,v1481212165,7.3,2.6,A,,,1
2025-05,Manitoba,2016A000246,Job vacancies,Number,223,units,0,v1481212166,8.1,18665,B,,,0
2025-05,Manitoba,2016A000246,Payroll employees,Number,223,units,0,v1481212167,8.2,610950,A,,,0
2025-05,Manitoba,2016A000246,Job vacancy rate,Percent,239,units,0,v1481212168,8.3,3,B,,,1
2025-05,Saskatchewan,2016A000247,Job vacancies,Number,223,units,0,v1481212169,9.1,16020,B,,,0
2025-05,Saskatchewan,2016A000247,Payroll employees,Number,223,units,0,v1481212170,9.2,504795,A,,,0
2025-05,Saskatchewan,2016A000247,Job vacancy rate,Percent,239,units,0,v1481212171,9.3,3.1,B,,,1
2025-05,Alberta,2016A000248,Job vacancies,Number,223,units,0,v1481212172,10.1,63100,B,,,0
2025-05,Alberta,2016A000248,Payroll employees,Number,223,units,0,v1481212173,10.2,2104735,A,,,0
2025-05,Alberta,2016A000248,Job vacancy rate,Percent,239,units,0,v1481212174,10.3,2.9,B,,,1
2025-05,British Columbia,2016A000259,Job vacancies,Number,223,units,0,v1481212175,11.1,80345,A,,,0
2025-05,British Columbia,2016A000259,Payroll employees,Number,223,units,0,v1481212176,11.2,2425330,A,,,0
2025-05,British Columbia,2016A000259,Job vacancy rate,Percent,239,units,0,v1481212177,11.3,3.2,A,,,1
2025-05,Yukon,2016A000260,Job vacancies,Number,223,units,0,v1481212178,12.1,735,D,,,0
2025-05,Yukon,2016A000260,Payroll employees,Number,223,units,0,v1481212179,12.2,19730,A,,,0
2025-05,Yukon,2016A000260,Job vacancy rate,Percent,239,units,0,v1481212180,12.3,3.6,D,,,1
2025-05,Northwest Territories,2016A000261,Job vacancies,Number,223,units,0,v1481212181,13.1,670,D,,,0
2025-05,Northwest Territories,2016A000261,Payroll employees,Number,223,units,0,v1481212182,13.2,21855,A,,,0
2025-05,Northwest Territories,2016A000261,Job vacancy rate,Percent,239,units,0,v1481212183,13.3,3,D,,,1
2025-05,Nunavut,2016A000262,Job vacancies,Number,223,units,0,v1481212184,14.1,690,D,,,0
2025-05,Nunavut,2016A000262,Payroll employees,Number,223,units,0,v1481212185,14.2,17315,A,,,0
2025-05,Nunavut,2016A000262,Job vacancy rate,Percent,239,units,0,v1481212186,14.3,3.8,D,,,1
2025-06,Canada,2016A000011124,Job vacancies,Number,223,units,0,v1481212145,1.1,490510,A,,,0
2025-06,Canada,2016A000011124,Payroll employees,Number,223,units,0,v1481212146,1.2,17356680,A,,,0
2025-06,Canada,2016A000011124,Job vacancy rate,Percent,239,units,0,v1481212147,1.3,2.7,A,,,1
2025-06,Newfoundland and Labrador,2016A000210,Job vacancies,Number,223,units,0,v1481212148,2.1,4685,C,,,0
2025-06,Newfoundland and Labrador,2016A000210,Payroll employees,Number,223,units,0,v1481212149,2.2,204725,A,,,0
2025-06,Newfoundland and Labrador,2016A000210,Job vacancy rate,Percent,239,units,0,v1481212150,2.3,2.2,C,,,1
2025-06,Prince Edward Island,2016A000211,Job vacancies,Number,223,units,0,v1481212151,3.1,1600,D,,,0
2025-06,Prince Edward Island,2016A000211,Payroll employees,Number,223,units,0,v1481212152,3.2,71685,A,,,0
2025-06,Prince Edward Island,2016A000211,Job vacancy rate,Percent,239,units,0,v1481212153,3.3,2.2,C,,,1
2025-06,Nova Scotia,2016A000212,Job vacancies,Number,223,units,0,v1481212154,4.1,14690,B,,,0
2025-06,Nova Scotia,2016A000212,Payroll employees,Number,223,units,0,v1481212155,4.2,447110,A,,,0
2025-06,Nova Scotia,2016A000212,Job vacancy rate,Percent,239,units,0,v1481212156,4.3,3.2,B,,,1
2025-06,New Brunswick,2016A000213,Job vacancies,Number,223,units,0,v1481212157,5.1,8455,B,,,0
2025-06,New Brunswick,2016A000213,Payroll employees,Number,223,units,0,v1481212158,5.2,328425,A,,,0
2025-06,New Brunswick,2016A000213,Job vacancy rate,Percent,239,units,0,v1481212159,5.3,2.5,B,,,1
2025-06,Quebec,2016A000224,Job vacancies,Number,223,units,0,v1481212160,6.1,109865,A,,,0
2025-06,Quebec,2016A000224,Payroll employees,Number,223,units,0,v1481212161,6.2,3877055,A,,,0
2025-06,Quebec,2016A000224,Job vacancy rate,Percent,239,units,0,v1481212162,6.3,2.8,A,,,1
2025-06,Ontario,2016A000235,Job vacancies,Number,223,units,0,v1481212163,7.1,173220,A,,,0
2025-06,Ontario,2016A000235,Payroll employees,Number,223,units,0,v1481212164,7.2,6711535,A,,,0
2025-06,Ontario,2016A000235,Job vacancy rate,Percent,239,units,0,v1481212165,7.3,2.5,A,,,1
2025-06,Manitoba,2016A000246,Job vacancies,Number,223,units,0,v1481212166,8.1,17480,B,,,0
2025-06,Manitoba,2016A000246,Payroll employees,Number,223,units,0,v1481212167,8.2,614405,A,,,0
2025-06,Manitoba,2016A000246,Job vacancy rate,Percent,239,units,0,v1481212168,8.3,2.8,B,,,1
2025-06,Saskatchewan,2016A000247,Job vacancies,Number,223,units,0,v1481212169,9.1,15625,B,,,0
2025-06,Saskatchewan,2016A000247,Payroll employees,Number,223,units,0,v1481212170,9.2,506150,A,,,0
2025-06,Saskatchewan,2016A000247,Job vacancy rate,Percent,239,units,0,v1481212171,9.3,3,B,,,1
2025-06,Alberta,2016A000248,Job vacancies,Number,223,units,0,v1481212172,10.1,68560,B,,,0
2025-06,Alberta,2016A000248,Payroll employees,Number,223,units,0,v1481212173,10.2,2108300,A,,,0
2025-06,Alberta,2016A000248,Job vacancy rate,Percent,239,units,0,v1481212174,10.3,3.1,B,,,1
2025-06,British Columbia,2016A000259,Job vacancies,Number,223,units,0,v1481212175,11.1,74225,A,,,0
2025-06,British Columbia,2016A000259,Payroll employees,Number,223,units,0,v1481212176,11.2,2428310,A,,,0
2025-06,British Columbia,2016A000259,Job vacancy rate,Percent,239,units,0,v1481212177,11.3,3,A,,,1
2025-06,Yukon,2016A000260,Job vacancies,Number,223,units,0,v1481212178,12.1,800,D,,,0
2025-06,Yukon,2016A000260,Payroll employees,Number,223,units,0,v1481212179,12.2,19950,A,,,0
2025-06,Yukon,2016A000260,Job vacancy rate,Percent,239,units,0,v1481212180,12.3,3.9,D,,,1
2025-06,Northwest Territories,2016A000261,Job vacancies,Number,223,units,0,v1481212181,13.1,1045,E,,,0
2025-06,Northwest Territories,2016A000261,Payroll employees,Number,223,units,0,v1481212182,13.2,21760,A,,,0
2025-06,Northwest Territories,2016A000261,Job vacancy rate,Percent,239,units,0,v1481212183,13.3,4.6,E,,,1
2025-06,Nunavut,2016A000262,Job vacancies,Number,223,units,0,v1481212184,14.1,,F,,,0
2025-06,Nunavut,2016A000262,Payroll employees,Number,223,units,0,v1481212185,14.2,17270,D,,,0
2025-06,Nunavut,2016A000262,Job vacancy rate,Percent,239,units,0,v1481212186,14.3,,F,,,1
2025-07,Canada,2016A000011124,Job vacancies,Number,223,units,0,v1481212145,1.1,469900,A,,,0
2025-07,Canada,2016A000011124,Payroll employees,Number,223,units,0,v1481212146,1.2,17310115,A,,,0
2025-07,Canada,2016A000011124,Job vacancy rate,Percent,239,units,0,v1481212147,1.3,2.6,A,,,1
2025-07,Newfoundland and Labrador,2016A000210,Job vacancies,Number,223,units,0,v1481212148,2.1,3425,D,,,0
2025-07,Newfoundland and Labrador,2016A000210,Payroll employees,Number,223,units,0,v1481212149,2.2,210140,C,,,0
2025-07,Newfoundland and Labrador,2016A000210,Job vacancy rate,Percent,239,units,0,v1481212150,2.3,1.6,D,,,1
2025-07,Prince Edward Island,2016A000211,Job vacancies,Number,223,units,0,v1481212151,3.1,,F,,,0
2025-07,Prince Edward Island,2016A000211,Payroll employees,Number,223,units,0,v1481212152,3.2,71800,A,,,0
2025-07,Prince Edward Island,2016A000211,Job vacancy rate,Percent,239,units,0,v1481212153,3.3,,F,,,1
2025-07,Nova Scotia,2016A000212,Job vacancies,Number,223,units,0,v1481212154,4.1,14690,B,,,0
2025-07,Nova Scotia,2016A000212,Payroll employees,Number,223,units,0,v1481212155,4.2,448205,A,,,0
2025-07,Nova Scotia,2016A000212,Job vacancy rate,Percent,239,units,0,v1481212156,4.3,3.2,B,,,1
2025-07,New Brunswick,2016A000213,Job vacancies,Number,223,units,0,v1481212157,5.1,9215,B,,,0
2025-07,New Brunswick,2016A000213,Payroll employees,Number,223,units,0,v1481212158,5.2,334205,A,,,0
2025-07,New Brunswick,2016A000213,Job vacancy rate,Percent,239,units,0,v1481212159,5.3,2.7,B,,,1
2025-07,Quebec,2016A000224,Job vacancies,Number,223,units,0,v1481212160,6.1,104530,A,,,0
2025-07,Quebec,2016A000224,Payroll employees,Number,223,units,0,v1481212161,6.2,3852900,A,,,0
2025-07,Quebec,2016A000224,Job vacancy rate,Percent,239,units,0,v1481212162,6.3,2.6,A,,,1
2025-07,Ontario,2016A000235,Job vacancies,Number,223,units,0,v1481212163,7.1,165255,B,,,0
2025-07,Ontario,2016A000235,Payroll employees,Number,223,units,0,v1481212164,7.2,6688435,A,,,0
2025-07,Ontario,2016A000235,Job vacancy rate,Percent,239,units,0,v1481212165,7.3,2.4,A,,,1
2025-07,Manitoba,2016A000246,Job vacancies,Number,223,units,0,v1481212166,8.1,17135,B,,,0
2025-07,Manitoba,2016A000246,Payroll employees,Number,223,units,0,v1481212167,8.2,610605,A,,,0
2025-07,Manitoba,2016A000246,Job vacancy rate,Percent,239,units,0,v1481212168,8.3,2.7,B,,,1
2025-07,Saskatchewan,2016A000247,Job vacancies,Number,223,units,0,v1481212169,9.1,14815,B,,,0
2025-07,Saskatchewan,2016A000247,Payroll employees,Number,223,units,0,v1481212170,9.2,508410,A,,,0
2025-07,Saskatchewan,2016A000247,Job vacancy rate,Percent,239,units,0,v1481212171,9.3,2.8,B,,,1
2025-07,Alberta,2016A000248,Job vacancies,Number,223,units,0,v1481212172,10.1,62465,B,,,0
2025-07,Alberta,2016A000248,Payroll employees,Number,223,units,0,v1481212173,10.2,2102230,A,,,0
2025-07,Alberta,2016A000248,Job vacancy rate,Percent,239,units,0,v1481212174,10.3,2.9,B,,,1
2025-07,British Columbia,2016A000259,Job vacancies,Number,223,units,0,v1481212175,11.1,74500,B,,,0
2025-07,British Columbia,2016A000259,Payroll employees,Number,223,units,0,v1481212176,11.2,2424025,A,,,0
2025-07,British Columbia,2016A000259,Job vacancy rate,Percent,239,units,0,v1481212177,11.3,3,B,,,1
2025-07,Yukon,2016A000260,Job vacancies,Number,223,units,0,v1481212178,12.1,,F,,,0
2025-07,Yukon,2016A000260,Payroll employees,Number,223,units,0,v1481212179,12.2,19980,B,,,0
2025-07,Yukon,2016A000260,Job vacancy rate,Percent,239,units,0,v1481212180,12.3,,F,,,1
2025-07,Northwest Territories,2016A000261,Job vacancies,Number,223,units,0,v1481212181,13.1,855,E,,,0
2025-07,Northwest Territories,2016A000261,Payroll employees,Number,223,units,0,v1481212182,13.2,21925,B,,,0
2025-07,Northwest Territories,2016A000261,Job vacancy rate,Percent,239,units,0,v1481212183,13.3,3.8,E,,,1
2025-07,Nunavut,2016A000262,Job vacancies,Number,223,units,0,v1481212184,14.1,,F,,,0
2025-07,Nunavut,2016A000262,Payroll employees,Number,223,units,0,v1481212185,14.2,17260,B,,,0
2025-07,Nunavut,2016A000262,Job vacancy rate,Percent,239,units,0,v1481212186,14.3,,F,,,1
